name,service,serviceKey,catalogTypes,tier,platforms,releaseDate,streamingSupported,reviewScore,gameplayMain,gameplayMainExtra,gameplayCompletionist,imageUrl,hltbId,hltbName,productId,productUrl
War Thunder,Xbox Game Pass,xbox-game-pass,Game Catalog,Ultimate/PC/Console,PC | Xbox,,,68,541,1630.4,4627.7,https://store-images.s-microsoft.com/image/apps.28763.63381296256995371.c90350dc-f7ef-4c1a-a158-a8de2f5a7725.4e32662f-ea9b-46db-abdf-c5d3071ee3cc,15234,War Thunder,BX1DTCBD1HXJ,
ARK: Survival Ascended,Xbox Game Pass,xbox-game-pass,Game Catalog,Ultimate/PC/Console,PC | Xbox,,,63,336.7,725,750.2,https://store-images.s-microsoft.com/image/apps.28808.14545480955348978.c66022f5-e4e3-4713-8508-d8bd11df0814.6790feb5-a50e-42a7-83b4-076a5c1b170e,139631,ARK: Survival Ascended,9P33VJGVPHVP,
ARK: Ultimate Survivor Edition,Xbox Game Pass,xbox-game-pass,Game Catalog,Ultimate/PC/Console,PC | Xbox,,,,336.7,725,750.2,https://store-images.s-microsoft.com/image/apps.14842.14036931078975578.35527dd4-bd1c-43d9-90ff-3a801a47df6a.e296f313-9109-4635-a3cb-14b747fb2230,139631,ARK: Survival Ascended,9N5JRWWGMS1R,
Elite Dangerous,PlayStation Plus,playstation-plus,Game Catalog,Extra/Premium,PS4,2017-06-27T04:00:00Z,false,74,113.6,253.8,676.8,https://image.api.playstation.com/vulcan/img/rnd/202010/0709/62EPRGVMMzeUMdvC140nDFpO.png,3088,Elite: Dangerous,UP2514-CUSA06362_00-EDBASEGAME000000,https://store.playstation.com/en-us/concept/221902
Elite Dangerous Standard Edition,Xbox Game Pass,xbox-game-pass,Game Catalog,Ultimate/PC/Console,PC | Xbox,,,74,113.6,253.8,676.8,https://store-images.s-microsoft.com/image/apps.52789.66140674465174653.87b233ab-7e5c-417b-9d55-ad08143ae685.55e2e6d9-4ffa-4887-9ec7-3fa653ceb2fd,3088,Elite: Dangerous,C3LW50BQJ878,
RoadCraft,Xbox Game Pass,xbox-game-pass,Game Catalog,Ultimate/PC/Console,PC | Xbox,,,75,104.8,134.3,158.9,https://store-images.s-microsoft.com/image/apps.24483.13982274548286624.6ccdd9db-6d03-467c-b6c3-b56c939a6347.71a57bb2-c772-46a5-8f86-8c05feae1586,155645,RoadCraft,9N4J937WLFPZ,
Persona 5 Royal,PlayStation Plus,playstation-plus,Game Catalog,Extra/Premium,PS5,2022-10-21T04:00:00Z,true,94,101.2,123.1,140.7,https://image.api.playstation.com/vulcan/ap/rnd/202209/0202/OjPcc6QP2W8kImOhWSnzojn3.png,66630,Persona 5 Royal,UP0177-PPSA05109_00-P5RGAME000000000,https://store.playstation.com/en-us/concept/10002771
Persona 5 Royal,Xbox Game Pass,xbox-game-pass,Game Catalog,Ultimate/PC/Console,PC | Xbox,,,94,101.2,123.1,140.7,https://store-images.s-microsoft.com/image/apps.13393.14482474285447263.b2785fbb-9099-42c3-b705-629a79ac7e4a.2eb2f42a-78c6-49cb-bba9-f372747ecf47,66630,Persona 5 Royal,9NZDHXL9SJJ8,
Asphalt Legends,Xbox Game Pass,xbox-game-pass,Game Catalog,Ultimate/PC/Console,PC | Xbox,,,64,83.9,154.9,466.4,https://store-images.s-microsoft.com/image/apps.13476.14471421918435459.ac5aea21-4fb1-43bd-a948-1b649d60da47.730493e6-fa1b-408d-91bc-55e03ea69a76,59993,Asphalt Legends Unite,9NZQPT0MWTD0,
SnowRunner,Xbox Game Pass,xbox-game-pass,Game Catalog,Ultimate/PC/Console,PC | Xbox,,,78,82.8,152.9,246.3,https://store-images.s-microsoft.com/image/apps.55989.13728552621924096.0f7a693b-b178-499b-ac11-0ea8578f8480.75503e8c-6c2f-46c4-b4ac-ca13ac1c9c0f,77675,SnowRunner,9PNRSC0J6DT8,
Harvest Moon: Back to Nature,PlayStation Plus,playstation-plus,Classics Catalog,Premium,PS4 | PS5,2025-03-25T18:00:00Z,true,86,80.2,123.9,182.8,https://image.api.playstation.com/vulcan/ap/rnd/202208/0200/HWOmHfeDBYSnicWL64UM4Nj5.png,4335,Harvest Moon: Back to Nature,UP1023-PPSA08001_00-5286966747473913,https://store.playstation.com/en-us/concept/10005231
Harvest Moon®: Light of Hope Special Edition,PlayStation Plus,playstation-plus,Game Catalog,Extra/Premium,PS4,2018-05-29T04:00:00Z,false,,80.2,123.9,182.8,https://image.api.playstation.com/cdn/UP1014/CUSA09973_00/jN71vv1rCkO4p0T57oCjezBbEaMLLD55.png,4335,Harvest Moon: Back to Nature,UP1014-CUSA09973_00-HARVESTMOONLOHSE,https://store.playstation.com/en-us/concept/230279
Crusader Kings III,PlayStation Plus,playstation-plus,Game Catalog,Extra/Premium,PS5,2022-03-29T16:00:00Z,true,81,76.7,165.1,585.8,https://image.api.playstation.com/vulcan/ap/rnd/202108/1607/czGau6hOvx9iQYOOkACdxqDl.png,71763,Crusader Kings III,UP4139-PPSA02307_00-TTL0000000000001,https://store.playstation.com/en-us/concept/10001858
Crusader Kings III,Xbox Game Pass,xbox-game-pass,Game Catalog,Ultimate/PC/Console,PC | Xbox,,,81,76.7,165.1,585.8,https://store-images.s-microsoft.com/image/apps.30214.13879075332331019.da1cf290-ab60-45cb-891e-71702235fa65.f0c38059-800f-4c03-ba16-7594f08ea6a4,71763,Crusader Kings III,9MZ8RZSD0NFQ,
Mount & Blade: Warband,PlayStation Plus,playstation-plus,Classics Catalog,Premium,PS4,2016-09-16T04:00:00Z,false,83,74.6,112.2,234.7,https://image.api.playstation.com/cdn/UP1468/CUSA04045_00/L4RsvwBkFNQEbzqkiUsgHHitcsoSbXna.png,6240,Mount & Blade: Warband,UP1468-CUSA04045_00-0000000000000000,https://store.playstation.com/en-us/concept/209608
Microsoft Flight Simulator 2024 - Standard Edition,Xbox Game Pass,xbox-game-pass,Game Catalog,Ultimate/PC/Console,PC | Xbox,,,73,73,120.5,,https://store-images.s-microsoft.com/image/apps.16212.14550648823552491.458517e5-6b50-4124-b28b-b87004bdb3d1.64ebecb5-78b0-4110-ba66-68e8c1454613,130018,Microsoft Flight Simulator 2024,9P2VGCTBMM52,
Black Desert,PlayStation Plus,playstation-plus,Game Catalog,Extra/Premium,PS5,2026-06-30T16:00:00Z,true,,72,0,0,https://image.api.playstation.com/vulcan/ap/rnd/202606/0322/6c5b321746b4697a004cfa20a85ce8bef404953c59ba6063.png,30340,Black Desert,UP4162-PPSA22500_00-0558223561392206,https://store.playstation.com/en-us/concept/233032
Genshin Impact,Xbox Game Pass,xbox-game-pass,Game Catalog,Ultimate/PC/Console,PC | Xbox,,,72,69.2,240.2,815,https://store-images.s-microsoft.com/image/apps.8398.14057893183113088.cf15d32c-95b6-4061-85e5-550f7dcec940.25de79d5-6c02-4a99-a676-1c15a14b4a49,68133,Genshin Impact,9N7TFFRRZCC9,
"Warhammer 40,000: Rogue Trader",Xbox Game Pass,xbox-game-pass,Game Catalog,Ultimate/PC/Console,PC | Xbox,,,84,68.5,103.9,153.3,https://store-images.s-microsoft.com/image/apps.25233.14552508636920197.1053512f-39a1-498b-9519-3c30a004cc0c.83e68ab8-2700-4883-a937-e7ffb6944232,108941,"Warhammer 40,000: Rogue Trader",9P30BFHZ1BKN,
Rainbow Moon,PlayStation Plus,playstation-plus,Classics Catalog,Premium,PS4,2016-02-16T05:00:00Z,false,69,66.3,108.4,112.2,https://image.api.playstation.com/cdn/UP2005/CUSA03443_00/Zb3Q55gaRLoz02AexPz16PaOyyII5ZO9.png,7556,Rainbow Moon,UP2005-CUSA03443_00-RAINBOWMOON00001,https://store.playstation.com/en-us/concept/203873
STORY OF SEASONS: Pioneers of Olive Town + Expansion Pass Set,PlayStation Plus,playstation-plus,Game Catalog,Extra/Premium,PS4,2022-07-26T07:00:00Z,false,74,65,125.5,246.7,https://image.api.playstation.com/vulcan/ap/rnd/202206/1517/ax6NiTeCDRhVzsD9OMznyL1o.png,21328,Story of Seasons,UP1023-CUSA31885_00-GAMEEXPANSIONSET,https://store.playstation.com/en-us/concept/10003254
Assassin's Creed Valhalla,PlayStation Plus,playstation-plus,Game Catalog | Ubisoft+ Classics,Extra/Premium,PS4 | PS5,2020-11-12T05:00:00Z,true,71,61.2,99,151.4,https://image.api.playstation.com/vulcan/ap/rnd/202211/1416/HXBxcRRNOpjREOW3GpBndz3u.png,77729,Assassin's Creed Valhalla,UP0001-PPSA01491_00-GAME000000000000,https://store.playstation.com/en-us/concept/10000237
Assassin's Creed Valhalla,Xbox Game Pass,xbox-game-pass,Game Catalog,Ultimate/PC/Console,PC | Xbox,,,71,61.2,99,151.4,https://store-images.s-microsoft.com/image/apps.51716.14585440003614248.9f7109bf-73f7-4bc7-ba61-1eeb006d905a.802f0267-5f00-464e-ac26-a7a901bbb532,77729,Assassin's Creed Valhalla,9P4NJFH17MRT,
Like a Dragon: Infinite Wealth PS4 & PS5,PlayStation Plus,playstation-plus,Game Catalog,Extra/Premium,PS4 | PS5,2024-01-26T05:00:00Z,true,88,57,84.2,118,https://image.api.playstation.com/vulcan/ap/rnd/202308/2906/6f49857e453aaebe72a7b32f07d2ae999be69fac5bbda1ea.png,113583,Like a Dragon: Infinite Wealth,UP0177-PPSA06435_00-LIKEADRAGON80000,https://store.playstation.com/en-us/concept/10004462
Like a Dragon: Infinite Wealth,Xbox Game Pass,xbox-game-pass,Game Catalog,Ultimate/PC/Console,PC | Xbox,,,88,57,84.2,118,https://store-images.s-microsoft.com/image/apps.51604.14465728597087432.6e0f939a-1434-4a25-b368-df8616b251aa.675d1ebb-6588-42b9-83cc-6e62ed4893e7,113583,Like a Dragon: Infinite Wealth,9P00SVGWDJCP,
Coral Island,PlayStation Plus,playstation-plus,Game Catalog,Extra/Premium,PS5,2023-11-14T15:00:00Z,true,79,56.4,109.3,176.3,https://image.api.playstation.com/vulcan/ap/rnd/202310/3018/578c25e83d7fe754a625ae6910d84e4ce12d420f9771beb1.png,92087,Coral Island,UP3864-PPSA17225_00-CORALISLANDPS5NA,https://store.playstation.com/en-us/concept/10008698
Pathfinder: Wrath of the Righteous - Enhanced Edition,PlayStation Plus,playstation-plus,Game Catalog,Extra/Premium,PS4 | PS5,2024-03-28T16:00:00Z,true,83,55.7,136.7,258.5,https://image.api.playstation.com/vulcan/ap/rnd/202404/0314/8a79dea36e354022fb6ccf11af1084899d860cce8c771730.png,83856,Pathfinder: Wrath of the Righteous,UP6007-PPSA15869_00-0598507980022830,https://store.playstation.com/en-us/concept/10003238
Kingdom Come: Deliverance II,Xbox Game Pass,xbox-game-pass,Game Catalog,Ultimate/PC/Console,PC | Xbox,,,90,55,97.7,141.5,https://store-images.s-microsoft.com/image/apps.63936.13979588110779567.5e6f9542-73ca-4800-a714-e6819fafc7f7.76f929f7-c7fe-476b-ad30-a807168ecc09,148973,Kingdom Come: Deliverance II,9N4W31HSMVVD,
Stardew Valley,Xbox Game Pass,xbox-game-pass,Game Catalog,Ultimate/PC/Console,PC | Xbox,,,88,53.4,94.6,171.6,https://store-images.s-microsoft.com/image/apps.49352.65985311967005000.4f51b5e9-febf-4990-8951-33ba59b634c9.aace9b9e-b001-46eb-a39b-08b1332810aa,34716,Stardew Valley,C3D891Z6TNQM,
Age of Wonders: Planetfall,PlayStation Plus,playstation-plus,Game Catalog,Extra/Premium,PS4,2019-08-06T04:00:00Z,false,63,52.7,102.5,2000,https://image.api.playstation.com/vulcan/img/rnd/202010/0716/HTp4sg8nvqCdNoMJnufsqmO9.png,59880,Age of Wonders: Planetfall,UP4139-CUSA13583_00-AOWPLANETFALL000,https://store.playstation.com/en-us/concept/232658
Mount & Blade II: Bannerlord,Xbox Game Pass,xbox-game-pass,Game Catalog,Ultimate/PC/Console,PC | Xbox,,,79,52.2,82.5,170.7,https://store-images.s-microsoft.com/image/apps.44000.14149597270613176.7ab8db21-d435-4f1c-8c3a-236ab836bd6b.0dc1418d-4fcd-4bc7-9ae5-552f97c69e27,32401,Mount & Blade II: Bannerlord,9PDHWZ7X3P03,
Pillars of Eternity II: Deadfire - Ultimate Edition,Xbox Game Pass,xbox-game-pass,Game Catalog,Ultimate/PC/Console,PC | Xbox,,,86,52,91,127,https://store-images.s-microsoft.com/image/apps.10942.14218490899188575.a8c726f9-aa48-4378-bee2-0dffc21a7089.4b82a2de-3303-4ebf-aa9e-168b159f6207,74703,Pillars of Eternity II: Deadfire - Ultimate Edition,9PJD2KMX7TZ6,
Terraria,Xbox Game Pass,xbox-game-pass,Game Catalog,Ultimate/PC/Console,PC | Xbox,,,87,51.7,91.9,205.6,https://store-images.s-microsoft.com/image/apps.57835.70406876433810089.4beffaca-3fee-4154-a21f-ecd9b3bedbb3.c2203645-e73c-4760-bdbe-f1bcf32a0a05,9705,Terraria,BTNPS60N3114,
The Witcher 3: Wild Hunt – Complete Edition,Xbox Game Pass,xbox-game-pass,Game Catalog,Ultimate/PC/Console,PC | Xbox,,,93,51.6,103.8,174.4,https://store-images.s-microsoft.com/image/apps.39575.65858607118306853.39ed2a08-df0d-4ae1-aee0-c66ffb783a34.4b0c1586-4376-4ebb-a653-53a3fccec06c,10270,The Witcher 3: Wild Hunt,C261457LCNMJ,
Assassin’s Creed® The Ezio Collection,PlayStation Plus,playstation-plus,Game Catalog | Ubisoft+ Classics,Extra/Premium,PS4,2016-11-15T05:00:00Z,false,84,50.8,71.5,106.4,https://image.api.playstation.com/cdn/UP0001/CUSA05008_00/4M2SL5I24y6PCYbyFpQJOGzq14NJXGsw.png,42685,Assassin's Creed: The Ezio Collection,UP0001-CUSA05008_00-ACLEGACYHD000000,https://store.playstation.com/en-us/concept/225519
Assassin's Creed® The Ezio Collection,Xbox Game Pass,xbox-game-pass,Game Catalog,Ultimate/PC/Console,PC | Xbox,,,84,50.8,71.5,106.4,https://store-images.s-microsoft.com/image/apps.37308.69011092827716296.e9190db7-6f4c-478c-8555-3edad4336a39.3b1b1f2a-5764-4818-8e36-0027b533bd64,42685,Assassin's Creed: The Ezio Collection,BQ9S8ZKCT3Q7,
DayZ,Xbox Game Pass,xbox-game-pass,Game Catalog,Ultimate/PC/Console,PC | Xbox,,,61,50.8,91.5,133.6,https://store-images.s-microsoft.com/image/apps.47889.69886306496288395.9ec42146-6037-4440-b5c7-3a44e5213cc3.633ff3eb-8f2a-4567-ac38-ab688a819736,2290,DayZ,BSR9NLHVF1KL,
Red Dead Redemption 2,PlayStation Plus,playstation-plus,Game Catalog,Extra/Premium,PS4,2018-10-26T04:00:00Z,false,,48,77.5,164,https://image.api.playstation.com/cdn/UP1004/CUSA03041_00/Hpl5MtwQgOVF9vJqlfui6SDB5Jl4oBSq.png,27100,Red Dead Redemption 2,UP1004-CUSA03041_00-REDEMPTIONFULL02,https://store.playstation.com/en-us/concept/209441
The Elder Scrolls Online (PS4),PlayStation Plus,playstation-plus,Game Catalog,Extra/Premium,PS4,2015-06-09T04:00:00Z,false,70,47.9,207.4,606.9,https://image.api.playstation.com/vulcan/ap/rnd/202503/2521/0139eed8a6364389d3d50eacd6e6d0aaefc46e815b8d8107.png,17596,The Elder Scrolls Online,UP1003-CUSA00132_00-GAMECLIENT000000,https://store.playstation.com/en-us/concept/204861
The Elder Scrolls Online (PS5),PlayStation Plus,playstation-plus,Game Catalog,Extra/Premium,PS5,2021-06-15T11:00:00Z,true,70,47.9,207.4,606.9,https://image.api.playstation.com/vulcan/ap/rnd/202503/2521/0139eed8a6364389d3d50eacd6e6d0aaefc46e815b8d8107.png,17596,The Elder Scrolls Online,UP1003-PPSA02017_00-OSPREYGAMECLIENT,https://store.playstation.com/en-us/concept/204861
The Elder Scrolls Online: Standard Edition,Xbox Game Pass,xbox-game-pass,Game Catalog,Ultimate/PC/Console,PC | Xbox,,,70,47.9,207.4,606.9,https://store-images.s-microsoft.com/image/apps.8222.69742768075920623.827baea2-0e15-46be-a422-347ee95ca314.2f21aa22-3b82-4e24-b84f-5fdebd9b9311,17596,The Elder Scrolls Online,BRKX5CRMRTC2,
Brawlhalla,Xbox Game Pass,xbox-game-pass,Game Catalog,Ultimate/PC/Console,PC | Xbox,,,64,47.6,115.8,315.2,https://store-images.s-microsoft.com/image/apps.53929.13891464908023063.5ffa2c27-8163-4a8e-8e35-56a1e5ec8980.6b87e686-4c07-4ac6-a82f-c0fe2315b8e4,22766,Brawlhalla,C3B1V55CDL0C,
The Legend of Dragoon,PlayStation Plus,playstation-plus,Classics Catalog,Premium,PS4 | PS5,2025-03-07T17:00:00Z,true,82,46.8,56.9,62,https://image.api.playstation.com/vulcan/ap/rnd/202301/1219/AixLi3NXiFVK5LApEvW46uXx.png,10005,The Legend of Dragoon,UP9000-PPSA06702_00-SCUS944910000000,https://store.playstation.com/en-us/concept/10004605
Eiyuden Chronicle: Hundred Heroes,PlayStation Plus,playstation-plus,Game Catalog,Extra/Premium,PS4 | PS5,2024-04-23T04:00:00Z,true,76,46.7,66.4,98.3,https://image.api.playstation.com/vulcan/ap/rnd/202309/0610/5ac881e0e3f0e361826382f894b4050776079eb18c1692ea.png,82916,Eiyuden Chronicle: Hundred Heroes,UP4040-PPSA04721_00-EIYUDENHEROESPS5,https://store.playstation.com/en-us/concept/10003484
V Rising,PlayStation Plus,playstation-plus,Game Catalog,Extra/Premium,PS5,2024-06-11T12:00:00Z,true,76,46.6,63.7,84,https://image.api.playstation.com/vulcan/ap/rnd/202405/2212/681ee3b52f89e9f71601a36c0f313665626f679abcd551b9.png,100069,V Rising,UP0779-PPSA16263_00-0000000000000001,https://store.playstation.com/en-us/concept/10007965
Unicorn Overlord,PlayStation Plus,playstation-plus,Game Catalog,Extra/Premium,PS4 | PS5,2024-03-08T05:00:00Z,true,86,46.5,62.8,76,https://image.api.playstation.com/vulcan/ap/rnd/202310/2611/2ef3bfca0f1b197bbe71cfda286fa80ebaaf2fe204b3ccc1.png,137780,Unicorn Overlord,UP0177-PPSA09770_00-UNICORNOVERLORD0,https://store.playstation.com/en-us/concept/10002780
The Witch and the Hundred Knight: Revival Edition,PlayStation Plus,playstation-plus,Game Catalog,Extra/Premium,PS4,2016-03-01T00:00:00Z,false,69,46.3,66.2,108.9,https://image.api.playstation.com/cdn/UP1063/CUSA02799_00/n2MPtV7XMoCYUeI8lECp9peOHGIFWsW8.png,36043,The Witch and the Hundred Knight: Revival Edition,UP1063-CUSA02799_00-TWATHKREVIVAL100,https://store.playstation.com/en-us/concept/226877
Zenless Zone Zero,Xbox Game Pass,xbox-game-pass,Game Catalog,Ultimate/PC/Console,PC | Xbox,,,76,46.3,81.9,133.3,https://store-images.s-microsoft.com/image/apps.22135.13974579424110118.aae80448-07b8-4653-a3c4-228ea5779358.2c93a444-64ff-46ae-aeb5-5cad61c4310c,109101,Zenless Zone Zero,9N4X0WFZ2STM,
Yakuza: Like a Dragon PS4 & PS5,PlayStation Plus,playstation-plus,Game Catalog,Extra/Premium,PS4 | PS5,2021-03-02T05:00:00Z,true,87,45.9,67.8,102.8,https://image.api.playstation.com/vulcan/ap/rnd/202007/0917/fid2e7IysrUvFqmppIxi48GT.png,71931,Yakuza: Like a Dragon,UP0177-PPSA02383_00-LIKEADRAGON00000,https://store.playstation.com/en-us/concept/235238
Assassin's Creed® Odyssey,PlayStation Plus,playstation-plus,Game Catalog | Ubisoft+ Classics,Extra/Premium,PS4,2018-10-05T04:00:00Z,false,79,45.6,85.4,145.3,https://image.api.playstation.com/cdn/UP0001/CUSA09311_00/2XEenNH5pD4Ro375xwOG8tBwC9xMfEAE.png,57503,Assassin's Creed Odyssey,UP0001-CUSA09311_00-GAME000000000000,https://store.playstation.com/en-us/concept/229601
Assassin's Creed Odyssey,Xbox Game Pass,xbox-game-pass,Game Catalog,Ultimate/PC/Console,PC | Xbox,,,79,45.6,85.4,145.3,https://store-images.s-microsoft.com/image/apps.60169.71972716530068101.ccdcadf1-1d2a-49f2-9c37-0b0a27e5a53c.90ee9374-df3a-4c86-8948-858a5adf29b7,57503,Assassin's Creed Odyssey,BW9TWC8L4JCS,
Deep Rock Galactic,Xbox Game Pass,xbox-game-pass,Game Catalog,Ultimate/PC/Console,PC | Xbox,,,80,44.6,138.5,493.6,https://store-images.s-microsoft.com/image/apps.1444.13626568325427111.acf8bd0b-a403-422a-bfd4-5262a9b59ec2.8e099efd-082f-4d41-8941-17309ee91c92,47169,Deep Rock Galactic,9NHFVWX1V7QJ,
The Elder Scrolls III: Morrowind,Xbox Game Pass,xbox-game-pass,Game Catalog,Ultimate/PC/Console,PC | Xbox,,,84,44.2,105,297.7,https://store-images.s-microsoft.com/image/apps.23519.63316511565903586.d62160f8-6032-426e-af13-d87fe2d204a7.22bb08a7-a717-490d-8d63-036a3db4dc92,9850,The Elder Scrolls III: Morrowind,BXVCFBJBNS17,
Abiotic Factor,PlayStation Plus,playstation-plus,Game Catalog,Extra/Premium,PS5,2025-07-22T16:00:00Z,true,82,43.8,74,88.1,https://image.api.playstation.com/vulcan/ap/rnd/202502/1023/857950e3d659c14025f00df668cc9d853edaa3e0ae592e94.png,149774,Abiotic Factor,EP3495-PPSA26012_00-0867930864684348,https://store.playstation.com/en-us/concept/10012483
Abiotic Factor,Xbox Game Pass,xbox-game-pass,Game Catalog,Ultimate/PC/Console,PC | Xbox,,,82,43.8,74,88.1,https://store-images.s-microsoft.com/image/apps.53884.14585229772819603.06d592a4-a006-4f6e-901f-b18fb39d663a.bbe40b6f-cf70-4277-a589-d6269843d9b5,149774,Abiotic Factor,9P4NV23Q6QC2,
The Bard's Tale IV: Director's Cut,Xbox Game Pass,xbox-game-pass,Game Catalog,Ultimate/PC/Console,PC | Xbox,,,71,43.7,61.2,79.3,https://store-images.s-microsoft.com/image/apps.34604.65351109767529701.defb4d0d-acab-4fd9-8208-7283068f991e.34d0241a-bbac-43d8-8e46-541283f89936,69339,The Bard's Tale IV: Director's Cut,C2B4T86TXLRS,
Wartales,Xbox Game Pass,xbox-game-pass,Game Catalog,Ultimate/PC/Console,PC | Xbox,,,70,43.7,76.1,146.6,https://store-images.s-microsoft.com/image/apps.57743.14440655325358467.0a9794a6-3645-4db4-a85e-c611d041111a.80dc7cd7-d40f-455f-9676-f0cf0946ae88,93986,Wartales,9NWQ686JB33G,
Halo: The Master Chief Collection,Xbox Game Pass,xbox-game-pass,Game Catalog,Ultimate/PC/Console,PC | Xbox,,,86,43.4,70.3,334.5,https://store-images.s-microsoft.com/image/apps.16930.13817186670444302.148c432a-9fce-4c7d-bf13-8a2bd3a527b3.99d16324-9915-41d7-a388-fa5dd98940cb,22621,Halo: The Master Chief Collection,9MT8PTGVHX2P,
Construction Simulator,PlayStation Plus,playstation-plus,Game Catalog,Extra/Premium,PS4 | PS5,2022-09-20T04:00:00Z,true,56,42.9,45.3,138.2,https://image.api.playstation.com/vulcan/ap/rnd/202204/2008/J8tdXQc59EDwrIgeHySj1yHf.png,114615,Construction Simulator,UP2565-PPSA04379_00-8001017598364664,https://store.playstation.com/en-us/concept/10000438
Construction Simulator,Xbox Game Pass,xbox-game-pass,Game Catalog,Ultimate/PC/Console,PC | Xbox,,,56,42.9,45.3,138.2,https://store-images.s-microsoft.com/image/apps.59831.13712624405302534.e55738fd-2c3b-455f-a5a8-9e7ddcadb7c8.85085ada-16e8-4b26-a684-e6e82b33c603,114615,Construction Simulator,9NLFZVMSQ7CC,
Age of Empires II: Definitive Edition,Xbox Game Pass,xbox-game-pass,Game Catalog,Ultimate/PC/Console,PC | Xbox,,,86,42.8,134.9,219.4,https://store-images.s-microsoft.com/image/apps.64988.13678235101671609.6ca6b3d7-f538-4bc0-aeb7-42f19e88b13b.ab42ecb3-c743-415d-ab25-89b6ed4d8060,68260,Age of Empires II: Definitive Edition,9N42SSSX2MTG,
Expeditions: A MudRunner Game (PS4 & PS5),PlayStation Plus,playstation-plus,Game Catalog,Extra/Premium,PS4 | PS5,2024-03-05T10:00:00Z,true,68,42.5,68.4,101,https://image.api.playstation.com/vulcan/ap/rnd/202310/1809/8fb813c0709d15b1efd22c39ca3ead0f4e132f2d9c291379.png,134564,Expeditions: A MudRunner Game,UP4133-PPSA17423_00-SNOWRUNNEREXPEDI,https://store.playstation.com/en-us/concept/10008790
Kingdom Come: Deliverance,PlayStation Plus,playstation-plus,Game Catalog,Extra/Premium,PS5 | PS4,2026-02-13T16:00:00Z,true,81,42.5,80,136.4,https://image.api.playstation.com/vulcan/ap/rnd/202602/0313/8d0a12037596ef54fb9f7e79bd77bca4942df26119014b2c.png,21697,Kingdom Come: Deliverance,EP4062-PPSA28731_00-0405812491993057,https://store.playstation.com/en-us/concept/227410
Kingdom Come: Deliverance,Xbox Game Pass,xbox-game-pass,Game Catalog,Ultimate/PC/Console,PC | Xbox,,,81,42.5,80,136.4,https://store-images.s-microsoft.com/image/apps.13415.67852277315147388.d5a39ed0-009d-48ff-b846-7571463e338c.bc2a26df-ec2d-4785-81a1-cb7203857a1b,21697,Kingdom Come: Deliverance,BNBWFH89FCF1,
Grandia,PlayStation Plus,playstation-plus,Classics Catalog,Premium,PS4 | PS5,2023-11-21T15:00:00Z,true,82,42.2,54.9,69.7,https://image.api.playstation.com/vulcan/ap/rnd/202309/1808/68d0c363b5d74c0ce73d602c03813902e23f0c21554cca5b.png,4077,Grandia,UP8745-CUSA43159_00-0291383562913011,https://store.playstation.com/en-us/concept/10008233
EARTH DEFENSE FORCE 6 PS4 & PS5,PlayStation Plus,playstation-plus,Game Catalog,Extra/Premium,PS4 | PS5,2024-07-24T04:00:00Z,true,77,41.9,54.7,71.4,https://image.api.playstation.com/vulcan/ap/rnd/202401/1504/f246e421112a773cf13ccca033883cf88054ee7bfccc1185.png,83593,Earth Defense Force 6,UP3177-PPSA19238_00-EDF6MASTERPKG000,https://store.playstation.com/en-us/concept/10002862
Wild Arms 2,PlayStation Plus,playstation-plus,Classics Catalog,Premium,PS4 | PS5,2025-03-07T17:00:00Z,true,78,41.9,46.2,90.8,https://image.api.playstation.com/vulcan/ap/rnd/202301/1722/wTuclpsVflXLVAb7KCB5HvDx.png,11164,Wild Arms 2,UP9000-PPSA08698_00-SCUS944840000000,https://store.playstation.com/en-us/concept/10005513
Palworld,Xbox Game Pass,xbox-game-pass,Game Catalog,Ultimate/PC/Console,PC | Xbox,,,74,41.9,76.4,93.3,https://store-images.s-microsoft.com/image/apps.45491.13654268679289325.ececb946-5639-4e77-b347-9d188d4e7e02.d4615c02-237f-4ec6-8ec6-a84aaeed586f,102201,Palworld,9NKV34XDW014,
STORY OF SEASONS: Pioneers of Olive Town,PlayStation Plus,playstation-plus,Game Catalog,Extra/Premium,PS4,2022-07-26T07:00:00Z,false,70,41.8,75.9,146.4,https://image.api.playstation.com/vulcan/ap/rnd/202204/0711/C8UqIDvvuHR39TcfX3hBsjIT.png,85417,Story of Seasons: Pioneers of Olive Town,UP1023-CUSA31885_00-ZERO000000000000,https://store.playstation.com/en-us/concept/10003254
Monster Hunter Stories 2: Wings of Ruin,PlayStation Plus,playstation-plus,Game Catalog,Extra/Premium,PS4,2024-06-14T04:00:00Z,false,79,41.3,60.7,142.6,https://image.api.playstation.com/vulcan/ap/rnd/202402/0808/e8e4c955262795d508bf4bda41b32c6286629de781f2deec.png,83164,Monster Hunter Stories 2: Wings of Ruin,UP0102-CUSA43546_00-FULLGAME00000001,https://store.playstation.com/en-us/concept/10007583
DISGAEA 5: ALLIANCE OF VENGEANCE,PlayStation Plus,playstation-plus,Game Catalog,Extra/Premium,PS4,2015-10-06T04:00:00Z,false,81,41.1,83.1,191.9,https://image.api.playstation.com/cdn/UP1063/CUSA02629_00/UzPaA6c8UUaX562jWeIYg9T5ogqb3Ebc.png,25806,Disgaea 5: Alliance of Vengeance,UP1063-CUSA02629_00-DISGAEA500000001,https://store.playstation.com/en-us/concept/200972
For The King II,PlayStation Plus,playstation-plus,Monthly Games,Essential/Extra/Premium,PS5 | PS4,2024-12-12T18:00:00Z,true,73,41,79.6,180,https://image.api.playstation.com/vulcan/ap/rnd/202411/1911/ad09aae201d797cc0c435475c33787bde37543acbd101873.png,128032,For The King II,UP4395-PPSA23088_00-FORTHEKING200000,https://store.playstation.com/en-us/concept/10011010
For The King II,Xbox Game Pass,xbox-game-pass,Game Catalog,Ultimate/PC/Console,PC | Xbox,,,73,41,79.6,180,https://store-images.s-microsoft.com/image/apps.14890.14401580739712929.1516cf95-6368-4bda-ba63-aea64b42d32f.47232528-8957-4bd1-b81b-ab3fa4286f1e,128032,For The King II,9NVC9KWJVLT0,
Omega Quintet,PlayStation Plus,playstation-plus,Game Catalog,Extra/Premium,PS4,2015-04-28T04:00:00Z,false,64,40.9,47.3,109.5,https://image.api.playstation.com/cdn/UP0031/CUSA01915_00/AbOoeWUkuW0bRi8lflDLvv9wvSeGw7yw.png,25689,Omega Quintet,UP0031-CUSA01915_00-GAMEOMEGAQUINTET,https://store.playstation.com/en-us/concept/203215
Wasteland 2: Director's Cut,Xbox Game Pass,xbox-game-pass,Game Catalog,Ultimate/PC/Console,PC | Xbox,,,76,40.8,65,100.1,https://store-images.s-microsoft.com/image/apps.44620.67543493413768448.5fe0b603-cfee-4844-b8b0-07e502111713.94dd19f4-8574-474f-a329-6de47a1d8397,11099,Wasteland 2,C521HDXRTS7F,
Little Rocket Lab,Xbox Game Pass,xbox-game-pass,Game Catalog,Ultimate/PC/Console,PC | Xbox,,,85,40.6,46.5,80,https://store-images.s-microsoft.com/image/apps.1709.14000344005974621.9729934f-27d2-4900-8aa2-53049eb44202.fb1cffa2-b0b1-4295-9b55-b3112f9fecd1,160525,Little Rocket Lab,9N3M5D5ZSW34,
DEATH STRANDING,PlayStation Plus,playstation-plus,Game Catalog,Extra/Premium,PS4,2019-11-08T05:00:00Z,false,85,40.5,60,112.8,https://image.api.playstation.com/vulcan/img/rnd/202009/2921/40aD0BqRUHyHdXdC6nwtwON5.png,38061,Death Stranding,UP9000-CUSA11260_00-DEATHSTRAND00001,https://store.playstation.com/en-us/concept/234585
DEATH STRANDING DIRECTOR’S CUT,PlayStation Plus,playstation-plus,Game Catalog,Extra/Premium,PS5,2021-09-24T04:00:00Z,true,85,40.5,60,112.8,https://image.api.playstation.com/vulcan/ap/rnd/202106/2214/Trdth4yKbz45CVH7VGCT1INp.png,38061,Death Stranding,UP9000-PPSA01969_00-DEATHSTRANDINGUS,https://store.playstation.com/en-us/concept/234585
DEATH STRANDING DIRECTOR'S CUT,Xbox Game Pass,xbox-game-pass,Game Catalog,Ultimate/PC/Console,PC | Xbox,,,85,40.5,60,112.8,https://store-images.s-microsoft.com/image/apps.65472.13774354316070254.dbfd815f-aaf8-4e63-b069-bd514601d13b.6bc5a8c9-3865-4600-abf0-1c2e2df6d988,38061,Death Stranding,9NQGN8TGNT8P,
Dragon Age: Origins,Xbox Game Pass,xbox-game-pass,Game Catalog,Ultimate/PC/Console,PC | Xbox,,,86,40.3,57.8,86.8,https://store-images.s-microsoft.com/image/apps.25088.70226594498231256.17116041-5bab-4f35-9bd5-63b5de669a3f.3076712f-3ab7-4813-a935-b1f954d8e904,2760,Dragon Age: Origins,BS9SX4Q6XJRF,
Conan Exiles,PlayStation Plus,playstation-plus,Game Catalog,Extra/Premium,PS4,2018-05-08T04:00:00Z,false,59,40,116.1,139.7,https://image.api.playstation.com/vulcan/ap/rnd/202410/1607/b8430a91c8d71ec52a06eebd8a9ea1adc0aec231de695b21.png,43414,Conan Exiles,UP1850-CUSA10608_00-CONANEXILES00001,https://store.playstation.com/en-us/concept/231261
Two Point Hospital: JUMBO Edition,PlayStation Plus,playstation-plus,Game Catalog,Extra/Premium,PS4,2021-03-05T13:00:00Z,false,73,38.2,73.2,123.9,https://image.api.playstation.com/vulcan/ap/rnd/202102/2408/InXOJ4ylvUFlnCm3WV8WhloN.png,60043,Two Point Hospital,UP0177-CUSA16081_00-8982731268567377,https://store.playstation.com/en-us/concept/234969
Rune Factory 4 Special,PlayStation Plus,playstation-plus,Game Catalog,Extra/Premium,PS4,2021-12-07T08:00:00Z,false,80,37.6,81.2,157.1,https://image.api.playstation.com/vulcan/ap/rnd/202110/2700/rY4eiAy284Y5zPx9BMkTaJyR.png,66125,Rune Factory 4 Special,UP1023-CUSA27918_00-RUNEFACTORY4SP00,https://store.playstation.com/en-us/concept/10002870
Ys VIII: Lacrimosa of DANA,PlayStation Plus,playstation-plus,Game Catalog,Extra/Premium,PS4,2017-09-12T04:00:00Z,false,86,37.2,50.5,69.3,https://image.api.playstation.com/cdn/UP1063/CUSA08565_00/mAUZ8KJOfkEnbeYORx9cQqsU3GfuOyD4.png,39002,Ys VIII: Lacrimosa of Dana,UP1063-CUSA08565_00-YSVIIIGAME000000,https://store.playstation.com/en-us/concept/221809
The First Descendant,Xbox Game Pass,xbox-game-pass,Game Catalog,Ultimate/PC/Console,PC | Xbox,,,71,37,64.2,98.5,https://store-images.s-microsoft.com/image/apps.17645.14088967971354578.01b53e80-2620-4e99-be92-539f5ab411e4.3dab91c3-b697-4358-ace2-025880028c6b,115058,The First Descendant,9P8FBXKMCLWC,
Disney Dreamlight Valley,Xbox Game Pass,xbox-game-pass,Game Catalog,Ultimate/PC/Console,PC | Xbox,,,72,36.6,79.6,130.5,https://store-images.s-microsoft.com/image/apps.62890.14365104417622257.42e17a74-81d1-4e35-8c38-a935ba30ef21.80948ce2-63b2-49df-9e97-4ab247b81f10,107141,Disney Dreamlight Valley,9NSF0BGH8D86,
The Lord of the Rings: Return to Moria™,PlayStation Plus,playstation-plus,Game Catalog,Extra/Premium,PS5,2023-12-05T05:00:00Z,true,70,36.4,47.5,62.3,https://image.api.playstation.com/vulcan/ap/rnd/202306/0520/d7bb0cab42052c1946d6fdcf236f059ee850819f9008843c.png,109177,The Lord of the Rings: Return to Moria,UP7583-PPSA16617_00-0214089695784057,https://store.playstation.com/en-us/concept/10008445
Forza Motorsport Standard Edition,Xbox Game Pass,xbox-game-pass,Game Catalog,Ultimate/PC/Console,PC | Xbox,,,66,36.4,67.4,163.8,https://store-images.s-microsoft.com/image/apps.4206.14311721322459352.08838dcd-1049-42ef-a004-b13ad1d41946.9657386a-652e-45b5-a08b-0583c5e0db8c,109240,Forza Motorsport,9PLKVSWR299F,
Days Gone,PlayStation Plus,playstation-plus,Game Catalog,Extra/Premium,PS4,2019-04-26T04:00:00Z,false,80,36.3,50.6,65.6,https://image.api.playstation.com/vulcan/img/rnd/202011/1204/wYL4v2r8uMQFvVTJlfuj8ICk.png,38003,Days Gone,UP9000-CUSA08966_00-DAYSGONECOMPLETE,https://store.playstation.com/en-us/concept/229018
Fallout 76,PlayStation Plus,playstation-plus,Game Catalog,Extra/Premium,PS4,2018-11-14T05:00:00Z,false,61,36.3,114.6,308.3,https://image.api.playstation.com/vulcan/ap/rnd/202605/2616/b46faa41cc6ab008be4f7369ad52df51403b012e951346c5.png,57416,Fallout 76,UP1003-CUSA12057_00-PRJMTN0000000000,https://store.playstation.com/en-us/concept/232248
Fallout 76,Xbox Game Pass,xbox-game-pass,Game Catalog,Ultimate/PC/Console,PC | Xbox,,,61,36.3,114.6,308.3,https://store-images.s-microsoft.com/image/apps.61981.70143269474194625.c68f14d3-e520-43ff-a1bc-8de449b5cf7c.4da63e9e-3257-4843-afdf-e2a51170aa6f,57416,Fallout 76,BS6WJ2L56B10,
Fade to Silence,PlayStation Plus,playstation-plus,Game Catalog,Extra/Premium,PS4,2019-04-30T04:00:00Z,false,64,36.1,37.5,38.4,https://image.api.playstation.com/cdn/UP4389/CUSA11498_00/FptXkeVvFtvjIKvdC1HbsYXq7v8T5X27.png,53219,Fade to Silence,UP4389-CUSA11498_00-FADETOSILENCEUS1,https://store.playstation.com/en-us/concept/231804
MechWarrior 5: Mercenaries,Xbox Game Pass,xbox-game-pass,Game Catalog,Ultimate/PC/Console,PC | Xbox,,,73,36,58,149.6,https://store-images.s-microsoft.com/image/apps.1453.14123304312086404.5dc09435-a0e3-402c-ba22-f58dbbaccd21.e2b9a345-d6e3-4983-ad7d-2d2c5c192d1c,67949,MechWarrior 5: Mercenaries,9PB86W3JK8Z5,
Wasteland 3,Xbox Game Pass,xbox-game-pass,Game Catalog,Ultimate/PC/Console,PC | Xbox,,,80,36,49.7,75.3,https://store-images.s-microsoft.com/image/apps.31983.69010346493633739.074410cb-38ab-4f48-b6fe-0ffa69c89fa9.b1e9bf9f-f41e-4384-9a25-748d0b18fedd,42532,Wasteland 3,BQ9T0JF0D3L4,
PowerWash Simulator 2,Xbox Game Pass,xbox-game-pass,Game Catalog,Ultimate/PC/Console,PC | Xbox,,,81,35.6,40.5,42.8,https://store-images.s-microsoft.com/image/apps.42570.14599755904534716.17bb0a59-5620-4f18-8288-e31c9ada08d4.8c875317-d3b8-4f1b-bb2e-f233574f90c9,165177,PowerWash Simulator 2,9P45GGDTFNSM,
Pillars of Eternity: Complete Edition,Xbox Game Pass,xbox-game-pass,Game Catalog,Ultimate/PC/Console,PC | Xbox,,,80,35.5,79.5,107.1,https://store-images.s-microsoft.com/image/apps.15487.69508748727770428.7ce00ad4-485c-4664-819a-1d17af316267.8617d93c-eaf0-497c-b0f5-2f0e6102e9ff,71293,Pillars of Eternity: Complete Edition,BS34VNW7H61F,
Planet Zoo,PlayStation Plus,playstation-plus,Game Catalog,Extra/Premium,PS5,2024-03-26T14:00:00Z,true,80,35.4,58.1,98.3,https://image.api.playstation.com/vulcan/ap/rnd/202401/1212/3e9face5939ff74cb52fc44508cd42d0481d85f3612a09e9.png,68032,Planet Zoo,UP2514-PPSA18027_00-PLANETZOOOOOOOOO,https://store.playstation.com/en-us/concept/10009025
Megadimension Neptunia VII,PlayStation Plus,playstation-plus,Game Catalog,Extra/Premium,PS4,2016-02-02T00:00:00Z,false,73,35.3,55.5,77,https://image.api.playstation.com/cdn/UP0031/CUSA03133_00/2pAE0YDGCM2TAusu6zFhuc9aDfkt2bfI.png,33799,Megadimension Neptunia VII,UP0031-CUSA03133_00-GAME000000000000,https://store.playstation.com/en-us/concept/202663
Nioh,PlayStation Plus,playstation-plus,Game Catalog,Extra/Premium,PS4,2017-02-07T05:00:00Z,false,78,35.3,64,98.5,https://image.api.playstation.com/vulcan/img/rnd/202011/0700/Hsx91ywFFT0r6iRzcOS69FwD.png,36936,Nioh,UP9000-CUSA07113_00-NIOH000000000000,https://store.playstation.com/en-us/concept/213861
Phoenix Point,Xbox Game Pass,xbox-game-pass,Game Catalog,Ultimate/PC/Console,PC | Xbox,,,61,35.3,73.4,145.7,https://store-images.s-microsoft.com/image/apps.155.14507726714197033.ea391b48-d8cb-4724-a6cb-765168bd5161.3cfc32f8-f682-490e-9e59-cd6548a4c102,53702,Phoenix Point,9P1P5Q3BNM7J,
Tropico 6,PlayStation Plus,playstation-plus,Game Catalog,Extra/Premium,PS4,2019-09-27T04:00:00Z,false,76,35,57.4,76.4,https://image.api.playstation.com/vulcan/img/cfn/11307rRvkOSpHdgACDUFc2DXgWi9bvYhvAwig8hoF7olz8Wo3hRpZcvoHjzs5mLYyRDNJn5pRGEKJOFFZ-knecnkkpIHJm-M.png,64849,Tropico 6,UP2060-CUSA08217_00-TROPICO600000001,https://store.playstation.com/en-us/concept/228871
Tropico 6 - Next Gen Edition,PlayStation Plus,playstation-plus,Game Catalog,Extra/Premium,PS5,2022-03-31T00:00:00Z,true,76,35,57.4,76.4,https://image.api.playstation.com/vulcan/ap/rnd/202201/0615/OUJ0BqHDXI2xThGdUhHp6GmH.png,64849,Tropico 6,UP2060-PPSA05683_00-TROPICO600000001,https://store.playstation.com/en-us/concept/228871
The Settlers: New Allies,PlayStation Plus,playstation-plus,Game Catalog | Ubisoft+ Classics,Extra/Premium,PS4,2023-03-16T12:00:00Z,false,62,34.5,43.3,,https://image.api.playstation.com/vulcan/ap/rnd/202210/2617/7o69gXCuTHgOTJSLFfew4it5.png,102978,The Settlers: New Allies,UP0001-CUSA18990_00-UBISOFTSETTLERSR,https://store.playstation.com/en-us/concept/234411
The Settlers®: New Allies,Xbox Game Pass,xbox-game-pass,Game Catalog,Ultimate/PC/Console,PC | Xbox,,,62,34.5,43.3,,https://store-images.s-microsoft.com/image/apps.55881.13977733522491696.6fc8f63b-9fd7-4153-9b1f-efc78cf2301b.35e54d1e-e6bf-44ea-911f-f03352ab00a0,102978,The Settlers: New Allies,9NPGPDCXWJQ7,
Monster Hunter Stories,PlayStation Plus,playstation-plus,Game Catalog,Extra/Premium,PS4,2024-06-14T04:00:00Z,false,77,34,49.2,89.4,https://image.api.playstation.com/vulcan/ap/rnd/202403/0105/e058b465f4e8c6525af84885857c7f6293cc4ce6d69f2933.png,41916,Monster Hunter Stories,UP0102-CUSA43543_00-FULLGAME00000001,https://store.playstation.com/en-us/concept/10007582
Dark Rose Valkyrie,PlayStation Plus,playstation-plus,Game Catalog,Extra/Premium,PS4,2017-06-06T00:00:00Z,false,59,33.6,71.3,151,https://image.api.playstation.com/cdn/UP0031/CUSA06963_00/IHmapNtxOXRopjQLF2LFwrVG6derMnQd.png,46372,Dark Rose Valkyrie,UP0031-CUSA06963_00-GAMEDARKROSEUSA0,https://store.playstation.com/en-us/concept/227128
Atelier Ryza 3: Alchemist of the End & the Secret Key (PS4 & PS5),PlayStation Plus,playstation-plus,Game Catalog,Extra/Premium,PS4 | PS5,2023-03-24T04:00:00Z,true,77,33.5,60.5,81.7,https://image.api.playstation.com/vulcan/ap/rnd/202209/0107/w3plTnuSWMWg5jJbIUe6UMLW.png,113571,Atelier Ryza 3: Alchemist of the End & the Secret Key,UP4108-PPSA08520_00-RYZA300000MASTER,https://store.playstation.com/en-us/concept/10005432
XCOM® 2,PlayStation Plus,playstation-plus,Game Catalog,Extra/Premium,PS4,2016-09-27T04:00:00Z,false,83,33.2,47.9,89.5,https://image.api.playstation.com/cdn/UP1001/CUSA04552_00/wp9ddvFVXLS2FL8WtI1opG3OkIElnqkl.png,28279,XCOM 2,UP1001-CUSA04552_00-XCOM200000000000,https://store.playstation.com/en-us/concept/216773
Stellaris: Console Edition PS5,PlayStation Plus,playstation-plus,Game Catalog,Extra/Premium,PS4 | PS5,2025-11-06T09:00:00Z,true,80,32.5,94.8,457.9,https://image.api.playstation.com/vulcan/ap/rnd/202507/2908/01ab7f27291c71c588c21923205b859f14e4ac442e833c77.png,37186,Stellaris,UP4139-PPSA27597_00-STELLARISBASEPS5,https://store.playstation.com/en-us/concept/10013520
FINAL FANTASY VII REMAKE,PlayStation Plus,playstation-plus,Game Catalog,Extra/Premium,PS4,2020-04-10T04:00:00Z,false,86,32.4,41.1,86,https://image.api.playstation.com/vulcan/img/cfn/11307-dNapclgq_VqNtQ98Xp_LxovvAdjd5AknZhd_-k2Cckq9FPtKDXAHk-ODCfvDKChH6hkEO0VLtj7Vk4E-Z8G707oe0N.png,57686,Final Fantasy VII Remake,UP0082-CUSA07211_00-FFVIIREMAKE00000,https://store.playstation.com/en-us/concept/228744
FINAL FANTASY VII REMAKE INTERGRADE,PlayStation Plus,playstation-plus,Game Catalog,Extra/Premium,PS5,2021-06-10T04:00:00Z,true,86,32.4,41.1,86,https://image.api.playstation.com/vulcan/ap/rnd/202102/1515/0GxrqnoNV8rIHsGCE1hjAKSF.png,57686,Final Fantasy VII Remake,UP0082-PPSA01903_00-5827003902180177,https://store.playstation.com/en-us/concept/228744
Grand Theft Auto V (PS4™ & PS5™),PlayStation Plus,playstation-plus,Game Catalog,Extra/Premium,PS4 | PS5,2022-06-16T00:00:00Z,true,87,32.1,51.5,88.4,https://image.api.playstation.com/vulcan/ap/rnd/202203/1409/oltI7Zc96usbdvhVVXcV1EAi.png,4064,Grand Theft Auto V,UP1004-PPSA03420_00-GTAVCROSSGENBUND,https://store.playstation.com/en-us/concept/201930
Jeanne d'Arc,PlayStation Plus,playstation-plus,Classics Catalog,Premium,PS4 | PS5,2024-07-16T16:00:00Z,true,77,32,39.6,49.8,https://image.api.playstation.com/vulcan/ap/rnd/202406/2123/6a6ac2be2903c5621df83f4fe2075529e9d906a0086c30b8.png,4822,Jeanne d'Arc,UP9000-PPSA13995_00-UCUS987000000000,https://store.playstation.com/en-us/concept/10007464
Planet Coaster 2,PlayStation Plus,playstation-plus,Game Catalog,Extra/Premium,PS5,2024-11-06T15:00:00Z,true,83,32,51.1,,https://image.api.playstation.com/vulcan/ap/rnd/202407/1008/87e0de75f7f626f1205908e47f7b95d9a52fb660efea8e74.png,153454,Planet Coaster 2,EP2377-PPSA19633_00-PLANETCOASTER200,https://store.playstation.com/en-us/concept/10009610
Planet Coaster 2,Xbox Game Pass,xbox-game-pass,Game Catalog,Ultimate/PC/Console,PC | Xbox,,,83,32,51.1,,https://store-images.s-microsoft.com/image/apps.43403.14268784579049883.7baa6b03-b644-46a0-b2d9-71ca584b3862.b37e68d8-f216-4469-a3f2-914e43748ce2,153454,Planet Coaster 2,9PK5WS0HXQKQ,
Grounded,Xbox Game Pass,xbox-game-pass,Game Catalog,Ultimate/PC/Console,PC | Xbox,,,78,31.9,70.9,102.1,https://store-images.s-microsoft.com/image/apps.43675.14280109286674604.0f240f37-6e7f-43b4-bd81-aabc884bc103.0aabbba3-e5f5-4665-9eac-7a9c36f80430,77857,Grounded,9PJTHRNVH62H,
No Man's Sky,Xbox Game Pass,xbox-game-pass,Game Catalog,Ultimate/PC/Console,PC | Xbox,,,73,31.7,76.9,155.7,https://store-images.s-microsoft.com/image/apps.6972.68818099466568894.391e0700-449d-4430-a634-7339176aa70e.6f6fe001-0d83-4624-923c-e5b5d00836c2,20074,No Man's Sky,BQVQTL3PCH05,
CrossCode,PlayStation Plus,playstation-plus,Monthly Games,Essential/Extra/Premium,PS4 | PS5,2021-06-29T04:00:00Z,true,,31.5,48.5,75.5,https://image.api.playstation.com/vulcan/ap/rnd/202006/1809/jLA6HPdLEXZjR8zv6BiHf7l0.png,24970,CrossCode,UP0895-PPSA03235_00-3376510518243321,https://store.playstation.com/en-us/concept/233619
Serious Sam Collection,PlayStation Plus,playstation-plus,Classics Catalog,Premium,PS4,2020-11-17T14:00:00Z,false,59,31.5,45,72.5,https://image.api.playstation.com/vulcan/ap/rnd/202011/0418/0NIzIVSvoZm4CGeLaod9aKe8.png,124574,Serious Sam Collection,UP3643-CUSA08218_00-0000000000000SSC,https://store.playstation.com/en-us/concept/204506
WUCHANG: Fallen Feathers,Xbox Game Pass,xbox-game-pass,Game Catalog,Ultimate/PC/Console,PC | Xbox,,,78,31.2,37.2,48.9,https://store-images.s-microsoft.com/image/apps.21013.13783945394833991.9c211df2-6d91-4ddb-8a9b-d22dd17d57de.4c8b877f-90a7-4ca6-a49a-2221fb2d651e,152015,Wuchang: Fallen Feathers,9NPRHD8GQKQS,
Fate/Samurai Remnant(PS4 & PS5),PlayStation Plus,playstation-plus,Game Catalog,Extra/Premium,PS4 | PS5,2023-09-29T04:00:00Z,true,80,30.8,40.3,62.3,https://image.api.playstation.com/vulcan/ap/rnd/202307/0401/f308c616a571f6b9d78f0fe91fc81255de25db2b23007b6d.png,120441,Fate/Samurai Remnant,UP4108-PPSA07421_00-GAME000000000000,https://store.playstation.com/en-us/concept/10004920
Skull and Bones,PlayStation Plus,playstation-plus,Game Catalog,Extra/Premium,PS5,2024-02-16T00:00:00Z,true,50,30.8,44.8,62.4,https://image.api.playstation.com/vulcan/ap/rnd/202605/0713/0c7ac434f7527fe28e0d4201db879d14438b8d409e456b86.png,57531,Skull and Bones,UP0001-PPSA02202_00-GAME000000000000,https://store.playstation.com/en-us/concept/225700
Skull and Bones,Xbox Game Pass,xbox-game-pass,Game Catalog,Ultimate/PC/Console,PC | Xbox,,,50,30.8,44.8,62.4,https://store-images.s-microsoft.com/image/apps.29672.63081064281400272.9b0f0eaf-a998-4bb1-8993-58e590d94272.0e0dc097-e34c-4b10-bb19-c8c9ca0d9a0e,57531,Skull and Bones,BXF9VWKCD6QW,
Sakuna: Of Rice and Ruin,PlayStation Plus,playstation-plus,Game Catalog,Extra/Premium,PS4,2020-11-10T05:00:00Z,false,79,30.6,35.1,48.5,https://image.api.playstation.com/vulcan/ap/rnd/202009/0421/LUMjBRzWYhwYltvFWpvCr4ct.png,68363,Sakuna: Of Rice and Ruin,UP1023-CUSA09130_00-SAKUNA0000000000,https://store.playstation.com/en-us/concept/229323
STORY OF SEASONS: Friends of Mineral Town,PlayStation Plus,playstation-plus,Game Catalog,Extra/Premium,PS4,2021-10-26T16:00:00Z,false,75,30.5,76.7,177.8,https://image.api.playstation.com/vulcan/ap/rnd/202109/0220/tziolPuRUzRVRdFK047Xsu2N.png,71741,Story of Seasons: Friends of Mineral Town,UP1023-CUSA26005_00-0000000000000000,https://store.playstation.com/en-us/concept/10002035
Commandos: Origins,Xbox Game Pass,xbox-game-pass,Game Catalog,Ultimate/PC/Console,PC | Xbox,,,63,30.3,53.3,87.4,https://store-images.s-microsoft.com/image/apps.2379.13737393634442056.a42f3bd3-1ca9-420d-a018-a1064d15638e.ace2e008-347e-4f14-8ec7-933f5b45eb5a,138798,Commandos: Origins,9NNRCR6MBNDR,
Monster Sanctuary,Xbox Game Pass,xbox-game-pass,Game Catalog,Ultimate/PC/Console,PC | Xbox,,,80,30.3,36.9,47.8,https://store-images.s-microsoft.com/image/apps.34105.13871023289633408.3b8d784d-b4cc-454a-bad2-973666e4a18a.64278c54-b7db-40e7-a001-db184e048fed,70012,Monster Sanctuary,9MZNS9NZ97PF,
Assassin's Creed Origins,PlayStation Plus,playstation-plus,Game Catalog | Ubisoft+ Classics,Extra/Premium,PS4,2017-10-27T04:00:00Z,false,79,30.2,52.5,85.3,https://image.api.playstation.com/gs2-sec/acpkgo/prod/CUSA05640_00/124/i_1d2832992a4c1a771ba04c00382ae7136dcb9eb217239e99778829d5f0b6cd26/i/icon0.png,46402,Assassin's Creed Origins,UP0001-CUSA05855_00-GAMEACEMPIRE0000,https://store.playstation.com/en-us/concept/222066
Assassin's Creed Origins,Xbox Game Pass,xbox-game-pass,Game Catalog,Ultimate/PC/Console,PC | Xbox,,,79,30.2,52.5,85.3,https://store-images.s-microsoft.com/image/apps.12595.63657969076271726.154f5a09-55ab-4b31-bc57-4e0335fab06a.483a88b2-de82-4242-a2cf-844ae658fde1,46402,Assassin's Creed Origins,BZGJRJC1FGF3,
Medieval Dynasty,Xbox Game Pass,xbox-game-pass,Game Catalog,Ultimate/PC/Console,PC | Xbox,,,73,30.2,56.5,301.9,https://store-images.s-microsoft.com/image/apps.21853.14156112272410024.305e8482-2c5b-4228-abdb-396b9bfe447c.c92a0c3a-10af-4418-a1b2-11fbfa535f66,83172,Medieval Dynasty,9PDDP6ML6XHF,
Medieval Dynasty (Xbox One),Xbox Game Pass,xbox-game-pass,Game Catalog,Ultimate/PC/Console,PC | Xbox,,,73,30.2,56.5,301.9,https://store-images.s-microsoft.com/image/apps.21853.13947624431918587.c5830bb6-656d-4897-9dd0-1726ed391bdb.de261e95-88f5-4828-b41c-420c25bde43f,83172,Medieval Dynasty,9N2PS831S84N,
Darkest Dungeon II PS4 & PS5,PlayStation Plus,playstation-plus,Game Catalog,Extra/Premium,PS4 | PS5,2024-07-15T04:00:00Z,true,75,30,67.6,95.9,https://image.api.playstation.com/vulcan/ap/rnd/202401/2617/d79ce4d6d77ed2f2a7a453e02ff9eefbbfe6712b9fd4c077.png,85972,Darkest Dungeon II,UP2619-PPSA19590_00-0191103846959805,https://store.playstation.com/en-us/concept/10009597
TCG Card Shop Simulator (Game Preview),Xbox Game Pass,xbox-game-pass,Game Catalog,Ultimate/PC/Console,PC | Xbox,,,70,30,38.7,94.1,https://store-images.s-microsoft.com/image/apps.25142.14143053245725704.14ebe58d-2f1e-46da-9224-f0da06983250.7a1d13b7-1f0f-49cf-bb4f-71c01913ab00,145130,TCG Card Shop Simulator,9P9GX5D8H9DW,
EARTH DEFENSE FORCE 5,PlayStation Plus,playstation-plus,Game Catalog,Extra/Premium,PS4,2018-12-11T05:00:00Z,false,76,29.8,51.9,152.5,https://image.api.playstation.com/cdn/UP3177/CUSA12535_00/CRmmDscpMPd0GAYBCsYlkNs58u9WCCCG.png,63244,Earth Defense Force 5,UP3177-CUSA12535_00-EDF5MASTERPKG000,https://store.playstation.com/en-us/concept/222995
Wild Arms,PlayStation Plus,playstation-plus,Classics Catalog,Premium,PS4 | PS5,2025-03-07T17:00:00Z,true,77,29.6,32.7,36.9,https://image.api.playstation.com/vulcan/ap/rnd/202204/2823/TKRl699HCoyBIyhUFNxDWXYJ.png,11163,Wild Arms,UP9000-PPSA06349_00-SCUS946080000000,https://store.playstation.com/en-us/concept/10004409
Visions of Mana,Xbox Game Pass,xbox-game-pass,Game Catalog,Ultimate/PC/Console,PC | Xbox,,,77,29.6,42.7,52.1,https://store-images.s-microsoft.com/image/apps.38896.13682791436862455.fd616451-bc9e-4d12-b724-a0f613e579be.fe3a70bd-8551-4fcf-8593-232ee1006745,141839,Visions of Mana,9NJ5WV40PD08,
Battle Chasers: Nightwar,PlayStation Plus,playstation-plus,Game Catalog,Extra/Premium,PS4,2017-10-03T04:00:00Z,false,74,29.2,43.5,72.2,https://image.api.playstation.com/cdn/UP4389/CUSA06807_00/mBskpqGcf1sm8gItYHNemBbEXiFuK5lB.png,30017,Battle Chasers: Nightwar,UP4389-CUSA06807_00-BATTLECHASERSUS0,https://store.playstation.com/en-us/concept/224815
Clair Obscur: Expedition 33,Xbox Game Pass,xbox-game-pass,Game Catalog,Ultimate/PC/Console,PC | Xbox,,,94,29.1,45.5,67.6,https://store-images.s-microsoft.com/image/apps.13628.14322280443288156.27788484-2760-47f7-be0d-dd693682e016.04a10e3c-848f-424d-a431-2846f34b1a6b,152016,Clair Obscur: Expedition 33,9PPT8K6GQHRZ,
DYNASTY WARRIORS 9,PlayStation Plus,playstation-plus,Game Catalog,Extra/Premium,PS4,2018-03-13T04:00:00Z,false,55,29,104.9,148.2,https://image.api.playstation.com/vulcan/img/cfn/113074bUMWGBUYJOxk6lPwi1bCmNGRWqZBbJIQqCf07WCypgbYHGfYojxOcxcbSLcR76-bCcWFuuKUvAinvu33G3-64YIbfu.png,52792,Dynasty Warriors 9,UP4108-CUSA10448_00-EPICGAMENA000000,https://store.playstation.com/en-us/concept/229001
Test Drive Unlimited Solar Crown,PlayStation Plus,playstation-plus,Game Catalog,Extra/Premium,PS5,2024-09-12T08:00:00Z,true,49,29,52,88.6,https://image.api.playstation.com/vulcan/ap/rnd/202405/1009/5663b2c33b9e49f8549af335b46d5778e79904548c87fe86.png,82087,Test Drive Unlimited Solar Crown,EP6665-PPSA05965_00-TDUSC00000000000,https://store.playstation.com/en-us/concept/10003910
The Bard's Tale Trilogy,Xbox Game Pass,xbox-game-pass,Game Catalog,Ultimate/PC/Console,PC | Xbox,,,68,29,48,105.7,https://store-images.s-microsoft.com/image/apps.58193.13855942306543540.f07392fd-5f64-460d-82f5-27790455d1e0.be4aa1b8-dc12-4784-9111-96d6c245d360,59950,The Bard's Tale Trilogy,9MVN4ND41DD3,
Blade Dancer: Lineage of Light,PlayStation Plus,playstation-plus,Classics Catalog,Premium,PS4 | PS5,2025-03-07T17:00:00Z,true,56,28.2,28.4,28.5,https://image.api.playstation.com/vulcan/ap/rnd/202303/0900/fca91e3a77fcc7ed090031d6b05a25afe6adc5e36a751e28.png,1117,Blade Dancer: Lineage of Light,UP9000-PPSA11137_00-ULUS101240000000,https://store.playstation.com/en-us/concept/10006483
Ys IX: Monstrum Nox,PlayStation Plus,playstation-plus,Game Catalog,Extra/Premium,PS4,2021-02-02T05:00:00Z,false,82,28.2,39.8,53.3,https://image.api.playstation.com/vulcan/img/rnd/202011/2500/jFDjjgWE7qmfuxE2Bdun1Oyl.png,70939,Ys IX: Monstrum Nox,UP1063-CUSA20414_00-YSIXMONSTRUMNOX0,https://store.playstation.com/en-us/concept/233994
Age of Empires IV: Anniversary Edition,Xbox Game Pass,xbox-game-pass,Game Catalog,Ultimate/PC/Console,PC | Xbox,,,75,28.2,38.2,168,https://store-images.s-microsoft.com/image/apps.20558.14235977975261210.592375c9-78a4-4653-8c7f-a8e510e6c26a.f4f5408e-cd13-44d7-80c1-830ab0019d3a,48733,Age of Empires IV,9PHH1ZWRSZ41,
Star Trucker,Xbox Game Pass,xbox-game-pass,Game Catalog,Ultimate/PC/Console,PC | Xbox,,,58,28.2,31.5,38,https://store-images.s-microsoft.com/image/apps.57407.13821700683757810.89118bcb-37c3-4645-abe7-b733ccb23ac2.82ae89f2-3536-4c4f-bf3e-257c62a2f2f9,129876,Star Trucker,9MT19Q3CRMQZ,
Hollow Knight: Silksong,Xbox Game Pass,xbox-game-pass,Game Catalog,Ultimate/PC/Console,PC | Xbox,,,91,28.1,46.3,64.3,https://store-images.s-microsoft.com/image/apps.40391.13915115277924383.ab2daab8-cb71-4e1a-ad73-9e4a3e87c3f3.960a3fa2-5987-49b8-9d15-602af0a1ff93,65945,Hollow Knight: Silksong,9N116V0599HB,
Car Mechanic Simulator,PlayStation Plus,playstation-plus,Game Catalog,Extra/Premium,PS4,2019-06-25T04:00:00Z,false,71,27.9,82.1,89.8,https://image.api.playstation.com/cdn/UP1564/CUSA14528_00/woKabQe4hKZRwRsGKOZ8S36ZK3eqDnxI.png,48426,Car Mechanic Simulator 2018,UP1564-CUSA14528_00-00CARMECHSIM2018,https://store.playstation.com/en-us/concept/233200
Fallout 4,PlayStation Plus,playstation-plus,Game Catalog,Extra/Premium,PS4 | PS5,2024-04-25T14:00:00Z,true,76,27.8,83.3,160.7,https://image.api.playstation.com/cdn/UP1003/CUSA02557_00/j4PdxSxO3optsrP1SxnAqdq6qCmYPd9x.png,26729,Fallout 4,UP1003-PPSA09016_00-FALLOUT4FULLGAME,https://store.playstation.com/en-us/concept/201511
Fallout 4,Xbox Game Pass,xbox-game-pass,Game Catalog,Ultimate/PC/Console,PC | Xbox,,,76,27.8,83.3,160.7,https://store-images.s-microsoft.com/image/apps.39982.66091604408099736.7f81588d-a4e2-49c1-b49d-b774ce2d8edb.bad9ecbd-69b6-42d5-8449-071c2137bc81,26729,Fallout 4,C3KLDKZBHNCZ,
Cities: Skylines - PlayStation®4 Edition,PlayStation Plus,playstation-plus,Game Catalog,Extra/Premium,PS4,2017-08-15T04:00:00Z,true,78,27.6,68.3,183.3,https://image.api.playstation.com/cdn/UP4139/CUSA06548_00/gWoHu0OZ3sZE0lfIhzTI1eTZyTKpvtma.png,24640,Cities: Skylines,UP4139-CUSA06548_00-CITIESPS4GAME002,https://store.playstation.com/en-us/concept/224821
Cities: Skylines - Remastered,Xbox Game Pass,xbox-game-pass,Game Catalog,Ultimate/PC/Console,PC | Xbox,,,78,27.6,68.3,183.3,https://store-images.s-microsoft.com/image/apps.29080.13877341660077011.7198ab78-e545-4cfe-8105-110d8c697dac.0e9d3b1f-ac49-4095-aff8-1907560d4d18,24640,Cities: Skylines,9MZ4GBWX9GND,
Cities: Skylines - Xbox One Edition,Xbox Game Pass,xbox-game-pass,Game Catalog,Ultimate/PC/Console,PC | Xbox,,,78,27.6,68.3,183.3,https://store-images.s-microsoft.com/image/apps.42716.66617542682682743.811213f2-2c45-4145-973d-fe3e3774b196.c2dab488-7382-45d1-bf6c-6b8be6e3fd96,24640,Cities: Skylines,C4GH8N6ZXG5L,
The Elder Scrolls IV: Oblivion,Xbox Game Pass,xbox-game-pass,Game Catalog,Ultimate/PC/Console,PC | Xbox,,,83,27.5,84.9,183.3,https://store-images.s-microsoft.com/image/apps.45067.67239414110062952.96aaa173-4598-4591-add8-4e72f4c963c7.17438203-a39e-4bf9-b0a5-81c35b878929,9854,The Elder Scrolls IV: Oblivion,C5K89TFLSV19,
The Elder Scrolls IV: Oblivion Remastered,Xbox Game Pass,xbox-game-pass,Game Catalog,Ultimate/PC/Console,PC | Xbox,,,83,27.5,84.9,183.3,https://store-images.s-microsoft.com/image/apps.59365.13768907753672648.dcd706bb-ce91-4b3f-9525-10b1d4af8423.991ee19d-3b4e-40f9-a06e-1af5ffa31cca,9854,The Elder Scrolls IV: Oblivion,9NQR437K7PQH,
Two Point Campus,PlayStation Plus,playstation-plus,Game Catalog,Extra/Premium,PS4 | PS5,2022-08-09T14:00:00Z,true,72,27.2,49.5,66.5,https://image.api.playstation.com/vulcan/ap/rnd/202203/3011/GT1ZAtZiXW05nON8ZB6TdNA2.png,94194,Two Point Campus,UP0177-PPSA03645_00-CAMPUSNA00000000,https://store.playstation.com/en-us/concept/10001458
Tom Clancy's Ghost Recon Wildlands,PlayStation Plus,playstation-plus,Game Catalog | Ubisoft+ Classics,Extra/Premium,PS4,2017-03-07T05:00:00Z,false,73,27.1,54.3,84.9,https://image.api.playstation.com/vulcan/ap/rnd/202607/0808/a0b12dbede049aedfb7650056f4eda03b924ac524482388b.png,43499,Tom Clancy's Ghost Recon Wildlands,UP0001-CUSA02902_00-GRWNCSANORMAL000,https://store.playstation.com/en-us/concept/201697
Tom Clancy's Ghost Recon Wildlands,Xbox Game Pass,xbox-game-pass,Game Catalog,Ultimate/PC/Console,PC | Xbox,,,73,27.1,54.3,84.9,https://store-images.s-microsoft.com/image/apps.40189.65577870102127192.24a0a154-ded1-4a40-a91f-102019aaee70.cd208361-5bce-4225-b615-4b9771b2b8ec,43499,Tom Clancy's Ghost Recon Wildlands,C2N9CS4FS1QR,
Hollow Knight Voidheart Edition,PlayStation Plus,playstation-plus,Game Catalog,Extra/Premium,PS4 | PS5,2026-02-06T00:00:00Z,true,91,27,41.6,65.2,https://image.api.playstation.com/vulcan/ap/rnd/202601/1505/1425e65d043da63396a10ccf87d5e4af50175464e64cda30.png,26286,Hollow Knight,UP1822-PPSA34970_00-HOLLOWKNIGHTPS50,https://store.playstation.com/en-us/concept/232654
Hollow Knight: Voidheart Edition,Xbox Game Pass,xbox-game-pass,Game Catalog,Ultimate/PC/Console,PC | Xbox,,,91,27,41.6,65.2,https://store-images.s-microsoft.com/image/apps.54353.13847644057609868.8865d2a2-5e11-4424-85ce-1db30a161bd9.169278fe-0e50-4959-b962-bcf1ae5d84d7,26286,Hollow Knight,9MW9469V91LM,
Fallout: New Vegas,Xbox Game Pass,xbox-game-pass,Game Catalog,Ultimate/PC/Console,PC | Xbox,,,88,26.9,60.4,131.4,https://store-images.s-microsoft.com/image/apps.54716.63413868670389858.a909f79f-bf9a-495a-9565-6895806c3525.3405026a-8882-4e5a-8f49-41ccbc9686a3,3351,Fallout: New Vegas,BX3JNK07Z6QK,
Desperados III,PlayStation Plus,playstation-plus,Game Catalog,Extra/Premium,PS4,2020-06-16T04:00:00Z,false,84,26.8,36.7,64.4,https://image.api.playstation.com/vulcan/img/cfn/11307n4bMmdBhgxSDgdr_r1_j4rlyumZZlozQTSPLueMWkFovzww2dEUIzUv-LjEk44Pg40lb0BLGQS0STptW8-2cnMKamtx.png,60291,Desperados III,UP4389-CUSA11318_00-THQNORDUSDESP000,https://store.playstation.com/en-us/concept/231727
Hogwarts Legacy,Xbox Game Pass,xbox-game-pass,Game Catalog,Ultimate/PC/Console,PC | Xbox,,,79,26.7,45.2,72,https://store-images.s-microsoft.com/image/apps.1336.13814785456466922.0fef76f8-710d-4aca-b42f-c45e536f8d2b.96a5486a-56bf-41d9-84be-225d85509a34,83145,Hogwarts Legacy,9MT5NJ5W7B8Z,
God of War Ragnarök,PlayStation Plus,playstation-plus,Game Catalog,Extra/Premium,PS4 | PS5,2022-11-09T05:00:00Z,true,89,26.5,40.6,55.5,https://image.api.playstation.com/vulcan/ap/rnd/202503/2016/b69c06fb108299866057126b0d3a0530bdf96a39d2ce1cb9.png,83146,God of War: Ragnarök,UP9000-PPSA08329_00-GOWRAGNAROK00000,https://store.playstation.com/en-us/concept/10001850
Cyberpunk 2077,PlayStation Plus,playstation-plus,Game Catalog,Extra/Premium,PS4 | PS5,2022-02-15T16:00:00Z,true,84,26,63,108.3,https://image.api.playstation.com/vulcan/ap/rnd/202111/3013/cKZ4tKNFj9C00giTzYtH8PF1.png,2127,Cyberpunk 2077,UP4497-PPSA03974_00-0000000000000CP1,https://store.playstation.com/en-us/concept/234567
The Elder Scrolls V: Skyrim Special Edition - PS5 & PS4,PlayStation Plus,playstation-plus,Game Catalog,Extra/Premium,PS4 | PS5,2021-11-11T05:00:00Z,true,87,26,111.6,203.8,https://image.api.playstation.com/vulcan/ap/rnd/202009/2818/FuG72QFUf4aRYbSBAMNH2xwm.png,14996,The Elder Scrolls V: Skyrim - Special Edition,UP1003-PPSA03746_00-TESVSKYRIM000000,https://store.playstation.com/en-us/concept/230955
Cyberpunk 2077,Xbox Game Pass,xbox-game-pass,Game Catalog,Ultimate/PC/Console,PC | Xbox,,,84,26,63,108.3,https://store-images.s-microsoft.com/image/apps.23022.63407868131364914.bcaa868c-407e-42c2-baeb-48a3c9f29b54.be7c9193-46d7-42e9-b555-d0b8921fc4b8,2127,Cyberpunk 2077,BX3M8L83BBRW,
The Elder Scrolls V: Skyrim Special Edition,Xbox Game Pass,xbox-game-pass,Game Catalog,Ultimate/PC/Console,PC | Xbox,,,87,26,111.6,203.8,https://store-images.s-microsoft.com/image/apps.4794.68326442227858632.03782b23-7f26-4a8e-ba87-177bdf2c3c90.b156af1e-9796-48af-8d11-3461727280ea,14996,The Elder Scrolls V: Skyrim - Special Edition,BQ1W1T1FC14W,
Patapon 3,PlayStation Plus,playstation-plus,Classics Catalog,Premium,PS4 | PS5,2025-02-18T17:00:00Z,true,80,25.7,48.2,149.2,https://image.api.playstation.com/vulcan/ap/rnd/202502/1402/c73f3d3fe23c466b4ae8965d91e2ce042409b70b9d071168.png,6935,Patapon 3,UP9000-PPSA14322_00-UCUS987510000000,https://store.playstation.com/en-us/concept/10007599
Aliens: Dark Descent,Xbox Game Pass,xbox-game-pass,Game Catalog,Ultimate/PC/Console,PC | Xbox,,,76,25.6,32.9,50.1,https://store-images.s-microsoft.com/image/apps.52207.13898888461912760.834aa9dd-7399-4287-8be9-57be8cd1e516.de7deb43-0a06-4856-942f-523a1a4b72f7,110158,Aliens: Dark Descent,9MX7DMHK13SC,
Gears Tactics,Xbox Game Pass,xbox-game-pass,Game Catalog,Ultimate/PC/Console,PC | Xbox,,,74,25.5,33.4,54.9,https://store-images.s-microsoft.com/image/apps.2270.13750744755532010.7748d323-597f-440a-94e4-9c030198efa6.39a3aebc-6a07-4d8a-83e3-597bd117ff7b,57740,Gears Tactics,9NN3HCKW5TPC,
ASTRONEER,PlayStation Plus,playstation-plus,Game Catalog,Extra/Premium,PS4 | PS5,2025-11-20T18:00:00Z,true,74,25.4,51.1,69.5,https://image.api.playstation.com/vulcan/ap/rnd/202306/2101/0367df8de23c764cf34cb0295eedf887da7e751f9ab5a2fd.png,42182,Astroneer,UP2467-PPSA27622_00-ASTRONEER0000000,https://store.playstation.com/en-us/concept/234630
Immortals Fenyx Rising™ PS4 & PS5,PlayStation Plus,playstation-plus,Game Catalog | Ubisoft+ Classics,Extra/Premium,PS4 | PS5,2020-12-03T05:00:00Z,true,76,25.4,41.2,62.1,https://image.api.playstation.com/vulcan/ap/rnd/202008/1916/oI446dT6VOJLqbDDDL0iQxDb.png,68236,Immortals Fenyx Rising,UP0001-PPSA01507_00-GAME000000000000,https://store.playstation.com/en-us/concept/234423
ASTRONEER,Xbox Game Pass,xbox-game-pass,Game Catalog,Ultimate/PC/Console,PC | Xbox,,,74,25.4,51.1,69.5,https://store-images.s-microsoft.com/image/apps.64849.13510798887933723.57e43f19-4066-429e-b1a2-caea56e427b4.860c35a4-ccbf-413e-9574-1c7c8826d6c6,42182,Astroneer,9NBLGGH43KZB,
Immortals Fenyx Rising™,Xbox Game Pass,xbox-game-pass,Game Catalog,Ultimate/PC/Console,PC | Xbox,,,76,25.4,41.2,62.1,https://store-images.s-microsoft.com/image/apps.55065.64682799204913125.f407971c-f15c-4acc-99e1-682aec54019d.a839231d-b5a5-42ed-8874-ec8165d6f165,68236,Immortals Fenyx Rising,C07KJZRH0L7S,
Spiritfarer®: Farewell Edition,Xbox Game Pass,xbox-game-pass,Game Catalog,Ultimate/PC/Console,PC | Xbox,,,81,25.4,33,42.4,https://store-images.s-microsoft.com/image/apps.11046.13581632098060782.9aea914f-fc5f-474f-a052-eac22427e863.2b12f018-928c-4244-bada-52eff11c91a7,68189,Spiritfarer,9NG5L58FD3X5,
Wo Long: Fallen Dynasty (PS4 & PS5),PlayStation Plus,playstation-plus,Game Catalog,Extra/Premium,PS4 | PS5,2023-03-03T05:00:00Z,true,75,25.3,34.6,47,https://image.api.playstation.com/vulcan/ap/rnd/202210/2609/lgPM04qlLofxYamtlfMfqkHZ.png,109264,Wo Long: Fallen Dynasty,UP4108-PPSA08772_00-WOLONG0000000000,https://store.playstation.com/en-us/concept/10004116
Wo Long: Fallen Dynasty,Xbox Game Pass,xbox-game-pass,Game Catalog,Ultimate/PC/Console,PC | Xbox,,,75,25.3,34.6,47,https://store-images.s-microsoft.com/image/apps.27920.13524128328401524.c8089ad9-5e75-4246-83e8-2dac88f04afd.faaf652e-ff35-46d8-a7d2-cb548ecb56f4,109264,Wo Long: Fallen Dynasty,9N9X9PC8V9CP,
Bus Simulator 21 Next Stop,PlayStation Plus,playstation-plus,Game Catalog,Extra/Premium,PS4 | PS5,2023-05-16T15:00:00Z,true,56,25.2,26,51.5,https://image.api.playstation.com/vulcan/ap/rnd/202303/1512/cd896945e056f0a3d988da93c56a266d19ece0042d7653cf.png,97879,Bus Simulator 21,UP2565-PPSA06775_00-CESD663890000000,https://store.playstation.com/en-us/concept/233251
Torment: Tides of Numenera,Xbox Game Pass,xbox-game-pass,Game Catalog,Ultimate/PC/Console,PC | Xbox,,,72,25.2,34.6,48.6,https://store-images.s-microsoft.com/image/apps.60839.69228847133651133.1a071f35-fd99-4884-ae4a-12f55849b9eb.8fd399bb-4620-497a-939c-722938a7b901,10533,Torment: Tides of Numenera,BQND4NQXFFV2,
Ghost of Tsushima DIRECTOR’S CUT (PlayStation Plus),PlayStation Plus,playstation-plus,Game Catalog,Extra/Premium,PS4 | PS5,2022-06-13T12:00:00Z,true,88,25.1,46.2,62.5,https://image.api.playstation.com/vulcan/ap/rnd/202106/2322/c16gs6a7lbAYzPf7ZTikbH1c.png,51225,Ghost of Tsushima,UP9000-PPSA05030_00-GHOSTDCPS5PSPLUS,https://store.playstation.com/en-us/concept/235227
Rogue Lords,PlayStation Plus,playstation-plus,Game Catalog,Extra/Premium,PS4,2022-05-12T08:00:00Z,false,60,25,27,49.1,https://image.api.playstation.com/vulcan/ap/rnd/202111/0513/ypvQEl55fsAilYe6RgE2FpUR.png,97787,Rogue Lords,UP4008-CUSA19310_00-RLSIEA0000000000,https://store.playstation.com/en-us/concept/10000504
STORY OF SEASONS: A Wonderful life,PlayStation Plus,playstation-plus,Game Catalog,Extra/Premium,PS5,2023-06-27T07:00:00Z,true,66,25,73.9,106.5,https://image.api.playstation.com/vulcan/ap/rnd/202302/1716/a4c1797b6656f12ba22f0178886a07d178e8658a8037bc3e.png,113545,Story of Seasons: A Wonderful Life,UP1023-PPSA11540_00-WONDERFULLIFE000,https://store.playstation.com/en-us/concept/10006487
Death Howl,Xbox Game Pass,xbox-game-pass,Game Catalog,Ultimate/PC/Console,PC | Xbox,,,87,24.8,30.8,36,https://store-images.s-microsoft.com/image/apps.40169.14153289927843166.5079f8ec-a171-48c2-871c-d91520b81fb5.97f2f968-d742-4e2f-b762-e367d207b48b,162332,Death Howl,9PD9SZGNCMDZ,
Car Mechanic Simulator 2021,Xbox Game Pass,xbox-game-pass,Game Catalog,Ultimate/PC/Console,PC | Xbox,,,71,24.7,54.6,107.4,https://store-images.s-microsoft.com/image/apps.38130.13635623008017579.c3c49040-6ffd-4834-b97d-bf656fa40ffa.6544fd7d-ac5e-4a61-98cf-f05e9ff3c106,96762,Car Mechanic Simulator 2021,9NH019ZFFHTV,
OKAGE: Shadow King,PlayStation Plus,playstation-plus,Classics Catalog,Premium,PS4,2016-03-22T04:00:00Z,false,67,24.6,30.6,31.3,https://image.api.playstation.com/cdn/UP9000/CUSA02199_00/Polh6tqlwFLIQorjAwFQFm1ZTuaSLACc.png,6724,Okage: Shadow King,UP9000-CUSA02199_00-SCUS971290000001,https://store.playstation.com/en-us/concept/203179
Age of Mythology: Retold,Xbox Game Pass,xbox-game-pass,Game Catalog,Ultimate/PC/Console,PC | Xbox,,,79,24.6,33.6,61.9,https://store-images.s-microsoft.com/image/apps.7616.13792255792507479.e5089564-b472-427d-a39f-9e97ae74bf23.d6372352-89ad-4eca-9f2d-3d5e30dc55cb,115181,Age of Mythology: Retold,9NPKGVXPFRSX,
Harvest Moon: One World,PlayStation Plus,playstation-plus,Game Catalog,Extra/Premium,PS4,2021-03-02T05:00:00Z,false,55,24.5,36.1,60,https://image.api.playstation.com/vulcan/ap/rnd/202101/1115/ZmQvBZr58iCipOQ3ex7bcvSL.png,89283,Harvest Moon: One World,UP1014-CUSA18808_00-HARVESTMOONWORLD,https://store.playstation.com/en-us/concept/10000379
Tom Clancy’s The Division™,PlayStation Plus,playstation-plus,Game Catalog | Ubisoft+ Classics,Extra/Premium,PS4,2016-03-08T05:00:00Z,false,72,24.2,47.8,86.1,https://image.api.playstation.com/cdn/UP0001/CUSA01810_00/vczGPhQbzd4qFQW1Ym9SBRFRrThzKulf.png,20073,Tom Clancy's The Division,UP0001-CUSA01810_00-THEDIVISION00001,https://store.playstation.com/en-us/concept/204941
Tom Clancy’s The Division,Xbox Game Pass,xbox-game-pass,Game Catalog,Ultimate/PC/Console,PC | Xbox,,,72,24.2,47.8,86.1,https://store-images.s-microsoft.com/image/apps.218.69731494251073459.b4784411-abd2-44d3-85f2-ee9462429806.1f53fcad-6a58-4178-9dc4-610e5c931632,20073,Tom Clancy's The Division,BRGPD72KHM3Q,
Persona 5 Tactica PS4 & PS5,PlayStation Plus,playstation-plus,Game Catalog,Extra/Premium,PS4 | PS5,2023-11-17T05:00:00Z,true,73,24.1,30.5,39.8,https://image.api.playstation.com/vulcan/ap/rnd/202305/2417/c633c1b79cab71e09a81e4857e8cc07c8e5691a65c6acb5a.png,129806,Persona 5 Tactica,UP0177-PPSA16195_00-P5TPS5NA00000000,https://store.playstation.com/en-us/concept/10005896
The Last of Us Part II,PlayStation Plus,playstation-plus,Game Catalog,Extra/Premium,PS4,2020-06-19T04:00:00Z,false,87,24.1,29.5,43.5,https://image.api.playstation.com/vulcan/img/rnd/202010/2618/w48z6bzefZPrRcJHc7L8SO66.png,41753,The Last of Us Part II,UP9000-CUSA07820_00-THELASTOFUSPART2,https://store.playstation.com/en-us/concept/230079
The Last of Us™ Part I,PlayStation Plus,playstation-plus,Game Catalog,Extra/Premium,PS5,2022-09-02T04:00:00Z,true,87,24.1,29.5,43.5,https://image.api.playstation.com/vulcan/ap/rnd/202206/0720/eEczyEMDd2BLa3dtkGJVE9Id.png,41753,The Last of Us Part II,UP9000-PPSA03396_00-THELASTOFUSPART1,https://store.playstation.com/en-us/concept/10002694
Demon's Souls,PlayStation Plus,playstation-plus,Game Catalog,Extra/Premium,PS5,2020-11-12T05:00:00Z,true,85,24,32.7,59.7,https://image.api.playstation.com/vulcan/img/rnd/202011/1717/GemRaOZaCMhGxQ9dRhnQQyT5.png,82153,Demon's Souls,UP9000-PPSA01342_00-DEMONSSOULS00000,https://store.playstation.com/en-us/concept/10000368
Starfield,Xbox Game Pass,xbox-game-pass,Game Catalog,Ultimate/PC/Console,PC | Xbox,,,70,23.8,74.7,148.2,https://store-images.s-microsoft.com/image/apps.1647.13567343664224659.1eb6fdf9-8a0b-4344-a135-ab17dfa3c609.39331391-9de2-48f8-8643-8eb1bd964383,57445,Starfield,9NCJSXWZTP88,
Disco Elysium - The Final Cut,Xbox Game Pass,xbox-game-pass,Game Catalog,Ultimate/PC/Console,PC | Xbox,,,89,23.7,33.1,48.2,https://store-images.s-microsoft.com/image/apps.53190.14408364206805299.40b2a513-7cef-4e75-8752-fd34ccd32aee.afbd72bd-9986-45a3-a043-1dcdb042d0dc,57335,Disco Elysium,9NTRS771L8HL,
MechWarrior 5: Clans,Xbox Game Pass,xbox-game-pass,Game Catalog,Ultimate/PC/Console,PC | Xbox,,,71,23.5,33.9,45.9,https://store-images.s-microsoft.com/image/apps.46778.14143931878007168.03344273-b496-420a-9599-61992eabf325.dcb86ddd-1bcf-415c-94a5-540ae6278911,137939,MechWarrior 5: Clans,9P9FJCK32PMT,
Tom Clancy's Ghost Recon® Breakpoint,PlayStation Plus,playstation-plus,Game Catalog | Ubisoft+ Classics,Extra/Premium,PS4,2019-10-04T04:00:00Z,false,65,23.4,54.3,98.6,https://image.api.playstation.com/vulcan/img/rnd/202109/0713/yde6GT9WPbcAUL1QyqjumHs9.png,67987,Tom Clancy's Ghost Recon Breakpoint,UP0001-CUSA14405_00-GRW2SCEANORMAL00,https://store.playstation.com/en-us/concept/233112
Assassin's Creed IV Black Flag,Xbox Game Pass,xbox-game-pass,Game Catalog,Ultimate/PC/Console,PC | Xbox,,,82,23.4,41.1,61.8,https://store-images.s-microsoft.com/image/apps.27892.69748098540497451.a03a4b64-603b-49b8-8644-4924ac7f3076.4c3bd7f3-03cb-4849-a68c-af72c31dda7d,12707,Assassin's Creed IV: Black Flag,BRKMHZX1RCF2,
Hades,Xbox Game Pass,xbox-game-pass,Game Catalog,Ultimate/PC/Console,PC | Xbox,,,88,23.4,48.5,95.1,https://store-images.s-microsoft.com/image/apps.22093.14093828725404571.e8c4fd85-da7e-4c33-9a85-c97c9f3eeb38.ac9d973d-36f6-4dfa-a73a-8db519fe3d88,62941,Hades,9P8DL6W0JBB8,
Tom Clancy's Ghost Recon Breakpoint,Xbox Game Pass,xbox-game-pass,Game Catalog,Ultimate/PC/Console,PC | Xbox,,,65,23.4,54.3,98.6,https://store-images.s-microsoft.com/image/apps.25183.66828190550422385.fbaf89cf-b3e0-4543-aeba-5f00ca851393.8c014307-2038-4c41-a8c5-8f8dff6568fa,67987,Tom Clancy's Ghost Recon Breakpoint,C3VVNLQQ54F8,
NOBUNAGA'S AMBITION: Taishi,PlayStation Plus,playstation-plus,Game Catalog,Extra/Premium,PS4,2018-07-03T04:00:00Z,false,78,23,80,,https://image.api.playstation.com/cdn/UP4108/CUSA12058_00/9b03y5CYvPDEUgYob4Xp1KnrBD4TBbIJ.png,61807,Nobunaga's Ambition: Taishi,UP4108-CUSA12058_00-HDDBOOT000000001,https://store.playstation.com/en-us/concept/225235
The Last of Us™ Part II Remastered,PlayStation Plus,playstation-plus,Game Catalog,Extra/Premium,PS5,2024-01-19T05:00:00Z,true,87,23,28.5,43.3,https://image.api.playstation.com/vulcan/ap/rnd/202312/0117/315718bce7eed62e3cf3fb02d61b81ff1782d6b6cf850fa4.png,141122,The Last of Us Part II Remastered,UP9000-PPSA10662_00-THELASTOFUSPART2,https://store.playstation.com/en-us/concept/230079
Deus Ex: The Conspiracy PS4 & PS5,PlayStation Plus,playstation-plus,Classics Catalog,Premium,PS4 | PS5,2025-06-17T16:00:00Z,true,88,22.9,28.7,39,https://image.api.playstation.com/vulcan/ap/rnd/202502/1721/5d6b215e678ac93bf43f9d886a9b66e765a9effcc5685455.png,2486,Deus Ex,UP8490-PPSA27664_00-0241577075525214,https://store.playstation.com/en-us/concept/10013576
Stranded Deep,PlayStation Plus,playstation-plus,Game Catalog,Extra/Premium,PS4,2020-04-23T04:00:00Z,false,59,22.9,36.6,43.3,https://image.api.playstation.com/vulcan/img/rnd/202109/2216/t9XzGHGabQ2Ym0zbx4m0nEUC.png,24309,Stranded Deep,UP4968-CUSA18449_00-STRANDEDDEEPSIEA,https://store.playstation.com/en-us/concept/232519
Banishers: Ghosts of New Eden,PlayStation Plus,playstation-plus,Game Catalog,Extra/Premium,PS5,2024-02-13T05:00:00Z,true,76,22.8,45.6,61.6,https://image.api.playstation.com/vulcan/ap/rnd/202306/0615/c8a66a099314ba3d504d226c570e100cd7c6eaf8e936fbdf.png,118229,Banishers: Ghosts of New Eden,UP4133-PPSA10054_00-NEWWORLDGAME0000,https://store.playstation.com/en-us/concept/10006098
Banishers: Ghosts of New Eden,Xbox Game Pass,xbox-game-pass,Game Catalog,Ultimate/PC/Console,PC | Xbox,,,76,22.8,45.6,61.6,https://store-images.s-microsoft.com/image/apps.50676.13657630976058747.9ef5e6b7-85d8-4766-8d40-394c59f5ad8f.4157630c-0a66-4358-b6b3-2907333a8dff,118229,Banishers: Ghosts of New Eden,9NKFS43DLFFL,
Earth Defense Force 4.1: The Shadow of New Despair,PlayStation Plus,playstation-plus,Game Catalog,Extra/Premium,PS4,2015-12-08T05:00:00Z,false,75,22.6,48.9,263,https://image.api.playstation.com/cdn/UP1023/CUSA03131_00/2kZ1IjV2ftv3QRJBFgOVk7LG33nIVKf6.png,33210,Earth Defense Force 4.1: The Shadow of New Despair,UP1023-CUSA03131_00-EARTHDEFFORCE4P1,https://store.playstation.com/en-us/concept/201415
Tropico 5,PlayStation Plus,playstation-plus,Game Catalog,Extra/Premium,PS4,2015-04-28T04:00:00Z,false,72,22.6,40.7,93.3,https://image.api.playstation.com/cdn/UP2060/CUSA01216_00/4Xwg1M7ZIPl768YsuujciE8wmNvqtBod.png,18854,Tropico 5,UP2060-CUSA01216_00-00000000TROPICO5,https://store.playstation.com/en-us/concept/204990
S.T.A.L.K.E.R.: Legends of the Zone Trilogy PS4 & PS5,PlayStation Plus,playstation-plus,Game Catalog,Extra/Premium,PS5 | PS4,2025-05-20T16:00:00Z,true,40,22.4,,,https://image.api.playstation.com/vulcan/ap/rnd/202504/1809/164791a50b916408ad98935ca030f312c78757bbf12d0c35.png,146737,S.T.A.L.K.E.R.: Legends of the Zone Trilogy,UB0046-PPSA24602_00-0388055963388374,https://store.playstation.com/en-us/concept/10008577
Fallout 3,Xbox Game Pass,xbox-game-pass,Game Catalog,Ultimate/PC/Console,PC | Xbox,,,82,22.2,52.3,114,https://store-images.s-microsoft.com/image/apps.38961.65367730044127425.992bf426-3c9a-450f-a792-7946f7138dee.98e9a605-2163-4484-8952-1d8de0909b8f,3340,Fallout 3,C29HQ887KH4B,
The Long Dark PS4 & PS5,PlayStation Plus,playstation-plus,Game Catalog,Extra/Premium,PS4 | PS5,2025-11-11T18:00:00Z,true,73,21.9,54,232.5,https://image.api.playstation.com/vulcan/ap/rnd/202303/3019/745a10e0cce7d70b2c5e87343e41f9a82402094d882ec9b3.png,21471,The Long Dark,UP2982-PPSA30658_00-TLDRKFULLGAMEPS5,https://store.playstation.com/en-us/concept/229391
The Long Dark,Xbox Game Pass,xbox-game-pass,Game Catalog,Ultimate/PC/Console,PC | Xbox,,,73,21.9,54,232.5,https://store-images.s-microsoft.com/image/apps.37790.66934420265726607.97919c5c-edc3-4ec4-a441-ca3d129949d8.7995ba93-aee9-4cf9-a987-c3afddbd4671,21471,The Long Dark,C41ZDFQ82M1G,
Kingdom Two Crowns,Xbox Game Pass,xbox-game-pass,Game Catalog,Ultimate/PC/Console,PC | Xbox,,,77,21.5,29.2,61.7,https://store-images.s-microsoft.com/image/apps.55801.71673052342730938.755a1636-e311-4e76-b788-08cd89fc0781.3fd7fbba-15a2-4102-94bf-4d8c3e6baeae,63099,Kingdom Two Crowns,BWT2GPVWCH2F,
Pacific Drive,PlayStation Plus,playstation-plus,Game Catalog,Extra/Premium,PS5,2024-02-22T05:00:00Z,true,71,21.4,32.1,49.2,https://image.api.playstation.com/vulcan/ap/rnd/202311/0710/516003921755aa5cb8873cb08c22b172141e997a0d5cd075.png,113597,Pacific Drive,UP6850-PPSA10965_00-00000000000PS5US,https://store.playstation.com/en-us/concept/10006288
The Crew® 2 Standard Edition,PlayStation Plus,playstation-plus,Game Catalog | Ubisoft+ Classics,Extra/Premium,PS4,2018-06-29T04:00:00Z,false,,21.4,45.8,78.8,https://image.api.playstation.com/vulcan/ap/rnd/202307/2708/28833b618429cfe5f65d24ea11933ae62e3308ea7d2015be.png,46427,The Crew 2,UP0001-CUSA08600_00-THECREW2SCEA0000,https://store.playstation.com/en-us/concept/227552
Pacific Drive,Xbox Game Pass,xbox-game-pass,Game Catalog,Ultimate/PC/Console,PC | Xbox,,,71,21.4,32.1,49.2,https://store-images.s-microsoft.com/image/apps.30777.14342694787118182.96ac9113-88e6-4c27-822e-b852c773b5cc.9664d48f-5494-4d80-b8a1-253008354cf2,113597,Pacific Drive,9PNKG0WBL61W,
The Crew® 2,Xbox Game Pass,xbox-game-pass,Game Catalog,Ultimate/PC/Console,PC | Xbox,,,,21.4,45.8,78.8,https://store-images.s-microsoft.com/image/apps.9463.70638597071363675.c7ca6c50-a746-4b87-a309-c4317452a9a7.48b88f33-a40e-4e40-a1ad-1d5ba097be87,46427,The Crew 2,BV05F8VT7JJ4,
The Crew Motorfest,PlayStation Plus,playstation-plus,Game Catalog,Extra/Premium,PS4,2023-09-14T04:00:00Z,false,71,21.3,35.3,39.6,https://image.api.playstation.com/vulcan/ap/rnd/202305/2315/607d9ed1ac762c9de33ef73fd09b3431d0b96ef4985ac2fb.png,130044,The Crew Motorfest,UP0001-CUSA26571_00-THECREWORL000000,https://store.playstation.com/en-us/concept/10002313
The Crew Motorfest Cross-Gen Bundle,PlayStation Plus,playstation-plus,Game Catalog,Extra/Premium,PS4 | PS5,2023-09-14T00:00:00Z,true,71,21.3,35.3,39.6,https://image.api.playstation.com/vulcan/ap/rnd/202411/2217/aff7ae0da202d816a5761fd4ce865085320052f46223c770.png,130044,The Crew Motorfest,UP0001-PPSA02838_00-THECREWORL000000,https://store.playstation.com/en-us/concept/10002313
The Crew Motorfest - Xbox One,Xbox Game Pass,xbox-game-pass,Game Catalog,Ultimate/PC/Console,PC | Xbox,,,71,21.3,35.3,39.6,https://store-images.s-microsoft.com/image/apps.11087.14129800763179072.8318e611-9b54-4d4b-8698-d8fc8efc52db.8346f0b4-a7fd-430d-a4e2-be9f3bdbb1a6,130044,The Crew Motorfest,9PB5JN044BHZ,
The Crew Motorfest - Xbox Series X|S,Xbox Game Pass,xbox-game-pass,Game Catalog,Ultimate/PC/Console,PC | Xbox,,,71,21.3,35.3,39.6,https://store-images.s-microsoft.com/image/apps.1191.14417469726522832.9e08deb3-3374-441f-823d-984b36f6485c.5b745d5a-814f-4111-8eb6-2c591ba2438f,130044,The Crew Motorfest,9NTB0ZG811GR,
Shadowrun: Hong Kong - Extended Edition,PlayStation Plus,playstation-plus,Game Catalog,Extra/Premium,PS4 | PS5,2022-06-21T16:00:00Z,true,77,21.2,42,47.7,https://image.api.playstation.com/vulcan/ap/rnd/202204/0814/yXOVvmn3J2PMJY9wwf5YVmpD.png,34410,Shadowrun: Hong Kong - Extended Edition,UP4139-PPSA04113_00-SHADOWHKEXTENDNA,https://store.playstation.com/en-us/concept/10002084
Nine Sols,Xbox Game Pass,xbox-game-pass,Game Catalog,Ultimate/PC/Console,PC | Xbox,,,86,21.2,26.9,32,https://store-images.s-microsoft.com/image/apps.47834.14000456863863255.e1180b2d-029d-4c02-9385-6ad73421ad63.0b171eb7-36ac-47fc-8d1f-9846d47e1060,107896,Nine Sols,9N3LGKGF3CC2,
Shadowrun: Hong Kong - Extended Edition,Xbox Game Pass,xbox-game-pass,Game Catalog,Ultimate/PC/Console,PC | Xbox,,,77,21.2,42,47.7,https://store-images.s-microsoft.com/image/apps.24618.14057715674749150.d6d6bc42-2e9e-4eb2-a96b-1baf2eaca60b.63cc5402-85b3-4a0a-9919-78cda3d9071c,34410,Shadowrun: Hong Kong - Extended Edition,9N7V5R3VLMJZ,
Forza Horizon 5 Standard Edition,Xbox Game Pass,xbox-game-pass,Game Catalog,Ultimate/PC/Console,PC | Xbox,,,83,21.1,46.1,135.3,https://store-images.s-microsoft.com/image/apps.18975.13718773309227929.bebdcc0e-1ed5-4778-8732-f4ef65a2f445.125d6b3b-492f-4e5f-8037-7ade230c8224,93948,Forza Horizon 5,9NKX70BBCDRN,
Patapon 2 Remastered,PlayStation Plus,playstation-plus,Classics Catalog,Premium,PS4,2020-01-30T05:00:00Z,false,79,21,27.6,46.4,https://image.api.playstation.com/vulcan/img/cfn/11307F9FKRHZzzI6WPzl2J697Z0CQwBhtvKJSrSODl-zQ_iQhkeek3HN6-OhYOXewbiOTrEK-97u-W5_dMDEY-XNNlME7jqe.png,6934,Patapon 2,UP9000-CUSA07321_00-UCES011770000001,https://store.playstation.com/en-us/concept/235243
The Surge,PlayStation Plus,playstation-plus,Game Catalog,Extra/Premium,PS4,2017-05-16T04:00:00Z,false,72,20.9,29,50,https://image.api.playstation.com/cdn/UP4133/CUSA04733_00/lxD4NU21knY0BLkfSeGtpa7TRkv7sajX.png,44914,The Surge,UP4133-CUSA04733_00-00000000THESURGE,https://store.playstation.com/en-us/concept/216542
Supermarket Simulator,Xbox Game Pass,xbox-game-pass,Game Catalog,Ultimate/PC/Console,PC | Xbox,,,70,20.9,54.5,107.6,https://store-images.s-microsoft.com/image/apps.9754.13763814357241001.e01392b6-0898-4953-8acf-030f03590bbb.2d058aa7-57d0-4163-be4d-0608ccd09296,145804,Supermarket Simulator,9NR0GCBSLDW4,
We Happy Few,Xbox Game Pass,xbox-game-pass,Game Catalog,Ultimate/PC/Console,PC | Xbox,,,64,20.8,40.1,65,https://store-images.s-microsoft.com/image/apps.40710.68143759676978415.617fe4d2-4978-4b4d-9e04-cba4cf86d432.4820a8ef-b0f3-4fcd-ab0a-6a76014c0c3c,27102,We Happy Few,BPR2TBS2KMQJ,
Little Big Workshop,PlayStation Plus,playstation-plus,Game Catalog,Extra/Premium,PS4,2020-09-24T00:00:00Z,false,73,20.7,21.6,25.5,https://image.api.playstation.com/vulcan/ap/rnd/202009/1115/NqJVop3p0HvO8QgrQgIO908Y.png,71462,Little Big Workshop,UP0977-CUSA20082_00-LBWBASEGAME00000,https://store.playstation.com/en-us/concept/10000661
Shadowrun: Dragonfall - Director's Cut,PlayStation Plus,playstation-plus,Game Catalog,Extra/Premium,PS4 | PS5,2022-06-21T16:00:00Z,true,80,20.7,29.5,41.5,https://image.api.playstation.com/vulcan/ap/rnd/202203/1610/GyoABeZOiCOaBUwPnkoK7Ego.png,21118,Shadowrun: Dragonfall - Director's Cut,UP4139-PPSA04111_00-SHADOWDRAGONNA01,https://store.playstation.com/en-us/concept/10002084
Shadowrun: Dragonfall - Director's Cut,Xbox Game Pass,xbox-game-pass,Game Catalog,Ultimate/PC/Console,PC | Xbox,,,80,20.7,29.5,41.5,https://store-images.s-microsoft.com/image/apps.13822.14266045593708116.bcec8af8-9570-471e-aa75-827739f252f6.a3f2fd69-c499-4cb1-9860-59c5d1d91518,21118,Shadowrun: Dragonfall - Director's Cut,9PKJTP6DTND3,
God of War,PlayStation Plus,playstation-plus,Game Catalog,Extra/Premium,PS4,2018-04-20T04:00:00Z,false,91,20.6,32.9,51.1,https://image.api.playstation.com/vulcan/img/rnd/202011/1021/X3WIAh63yKhRRiMohLoJMeQu.png,38050,God of War,UP9000-CUSA07408_00-00000000GODOFWAR,https://store.playstation.com/en-us/concept/227770
The Surge 2,PlayStation Plus,playstation-plus,Game Catalog,Extra/Premium,PS4,2019-09-24T04:00:00Z,false,76,20.5,27.8,38.5,https://image.api.playstation.com/cdn/UP4133/CUSA12564_00/tRg1TkWfRnwwiAlur672iKoDkAbJVkUH.png,67880,The Surge 2,UP4133-CUSA12564_00-0000000THESURGE2,https://store.playstation.com/en-us/concept/232357
UNCHARTED: Legacy of Thieves Collection,PlayStation Plus,playstation-plus,Game Catalog,Extra/Premium,PS5,2022-01-28T05:00:00Z,true,87,20.5,25.4,52.5,https://image.api.playstation.com/vulcan/ap/rnd/202111/2000/gTUWTlvPHzxFJ2JAxtDyI2eS.png,101083,Uncharted: Legacy of Thieves Collection,UP9000-PPSA05389_00-UNCHARTED4R00000,https://store.playstation.com/en-us/concept/205354
FINAL FANTASY II,Xbox Game Pass,xbox-game-pass,Game Catalog,Ultimate/PC/Console,PC | Xbox,,,65,20.5,24.2,24.9,https://store-images.s-microsoft.com/image/apps.1149.14086627234907834.c86030ab-e956-465c-adca-f4a75ba02c31.d412544c-097b-49f6-9c16-a40fc6325db6,3495,Final Fantasy II,9P8S1MN4066K,
STAR WARS Jedi: Survivor™,Xbox Game Pass,xbox-game-pass,Game Catalog,Ultimate/PC/Console,PC | Xbox,,,82,20.4,33.8,55.4,https://store-images.s-microsoft.com/image/apps.62419.14188092651145353.c3919981-fb28-4755-b504-a3b021220351.0a309985-7d9f-40e8-a002-7ece3c5968ae,108358,Star Wars Jedi: Survivor,9PGC82V0DXFS,
TRIALS of MANA,Xbox Game Pass,xbox-game-pass,Game Catalog,Ultimate/PC/Console,PC | Xbox,,,76,20.4,26.7,43.5,https://store-images.s-microsoft.com/image/apps.34753.13622716626834505.51a4c546-2c71-4cf1-810d-52c49148a319.12cbfb9b-74d9-424e-88ad-52e9eaa29e24,68244,Trials of Mana,9NHMR19TS1M0,
Rain World,PlayStation Plus,playstation-plus,Game Catalog,Extra/Premium,PS4 | PS5,2023-07-11T04:00:00Z,true,76,20.2,33.3,76.3,https://image.api.playstation.com/vulcan/ap/rnd/202212/3015/8uhUduWChINJs5O8hEyfUPPL.png,32976,Rain World,UP3385-PPSA08499_00-RAINWORLDNAPS500,https://store.playstation.com/en-us/concept/221982
The Talos Principle 2,PlayStation Plus,playstation-plus,Game Catalog,Extra/Premium,PS5,2023-11-02T16:00:00Z,true,87,20.2,31.1,37.8,https://image.api.playstation.com/vulcan/ap/rnd/202305/2421/14712498105d05ea2d9ad3cd4d66f55a83b66e9ce3b84bc2.png,129256,The Talos Principle II,UP3643-PPSA05887_00-1978298915551615,https://store.playstation.com/en-us/concept/10004172
Rain World,Xbox Game Pass,xbox-game-pass,Game Catalog,Ultimate/PC/Console,PC | Xbox,,,76,20.2,33.3,76.3,https://store-images.s-microsoft.com/image/apps.42270.14344758136653430.0a9ce6ed-b26d-40f7-a6e0-5e2514866b02.a72a9f44-7cd2-4ee2-b9f8-6ddf14093264,32976,Rain World,9PNPFBPLGCMW,
The Talos Principle 2,Xbox Game Pass,xbox-game-pass,Game Catalog,Ultimate/PC/Console,PC | Xbox,,,87,20.2,31.1,37.8,https://store-images.s-microsoft.com/image/apps.60555.14060661547709167.55d1ba5e-ee75-4857-8788-25d277f870fa.1510a327-59da-493c-92cf-3c7ebc6ed4c5,129256,The Talos Principle II,9N7P8GVMF6SS,
Avowed Standard Edition,Xbox Game Pass,xbox-game-pass,Game Catalog,Ultimate/PC/Console,PC | Xbox,,,72,20,47.4,68.5,https://store-images.s-microsoft.com/image/apps.40346.13624715126573049.35e3abd5-bd41-4efb-bc2a-0bfbdd50b02a.84157e34-31f1-40b6-849a-e8729c39d4b6,81115,Avowed,9MSVPJCHHRPR,
Watch Dogs 2,PlayStation Plus,playstation-plus,Game Catalog | Ubisoft+ Classics,Extra/Premium,PS4,2016-11-15T05:00:00Z,false,75,19.5,31.8,46.6,https://image.api.playstation.com/cdn/UP0001/CUSA04459_00/qBxvfDJJ9dbavai6xsWOcWaxRDGRb7h0.png,37861,Watch Dogs 2,UP0001-CUSA04459_00-WD2FULLGAME00000,https://store.playstation.com/en-us/concept/216759
Watch Dogs™,PlayStation Plus,playstation-plus,Game Catalog | Ubisoft+ Classics,Extra/Premium,PS4,2014-05-27T04:00:00Z,false,72,19.5,33.2,62.6,https://image.api.playstation.com/vulcan/img/cfn/11307VppO1bgZfez_l4lWR2EjdOWtTKfd17OGDKMBFHO3fjct9kzA_QdZHSbkxImffz4zcTSPFARhvOlU89c528K5tYEdc9Z.png,11101,Watch Dogs,UP0001-CUSA00021_00-WATCHDOGS0000000,https://store.playstation.com/en-us/concept/205264
DRAGON BALL XENOVERSE 2,Xbox Game Pass,xbox-game-pass,Game Catalog,Ultimate/PC/Console,PC | Xbox,,,75,19.5,41.1,101.9,https://store-images.s-microsoft.com/image/apps.62319.63336639312113079.ceb7d6d9-5c03-4721-ab3f-09019902f961.7561068e-671a-45c8-8ec0-f01c0a1ad1d1,40860,Dragon Ball Xenoverse 2,BX03760D0QGN,
The Alters,Xbox Game Pass,xbox-game-pass,Game Catalog,Ultimate/PC/Console,PC | Xbox,,,84,19.5,24.9,49.9,https://store-images.s-microsoft.com/image/apps.55028.13917104365848520.a4bd4730-c578-4118-a439-d16f88dde25a.784ab0ef-3f2d-441b-92df-76a3cddc18ad,109255,The Alters,9N0P25WJHM8C,
Watch Dogs®2,Xbox Game Pass,xbox-game-pass,Game Catalog,Ultimate/PC/Console,PC | Xbox,,,75,19.5,31.8,46.6,https://store-images.s-microsoft.com/image/apps.15364.69997608528322872.06dc9610-5c4e-484e-b028-58ad215e637a.ab2ff32b-6ec5-40b7-9492-471c12708bf0,37861,Watch Dogs 2,BSXLFN5QQZSC,
WATCH_DOGS™,Xbox Game Pass,xbox-game-pass,Game Catalog,Ultimate/PC/Console,PC | Xbox,,,72,19.5,33.2,62.6,https://store-images.s-microsoft.com/image/apps.4761.66583679601418453.329e8674-c508-4106-8a82-e4ebbbda5bd7.0c5fe25d-edb2-4fd3-b65e-bb3e5cef5836,11101,Watch Dogs,C4DMGRPNSHXG,
Gravity Rush™ 2,PlayStation Plus,playstation-plus,Game Catalog,Extra/Premium,PS4,2017-01-20T05:00:00Z,false,77,19.4,32.9,52.3,https://image.api.playstation.com/vulcan/img/rnd/202010/2320/UQRzoZKzI3PjOYfPa2XOqS19.png,30313,Gravity Rush 2,UP9000-CUSA03694_00-GRAVITYRUSH20000,https://store.playstation.com/en-us/concept/221698
Assassin's Creed Syndicate,PlayStation Plus,playstation-plus,Game Catalog | Ubisoft+ Classics,Extra/Premium,PS4,2015-10-23T04:00:00Z,false,73,19,33.9,55.8,https://image.api.playstation.com/cdn/EP0001/CUSA02376_00/IK3koKU9jw2vs3b8CF41x9lEcvAIiVpa6z7oGxWvMPHrHnoEbMD53jsGmdiLMP65.png,26706,Assassin's Creed: Syndicate,UP0001-CUSA02389_00-ACVICTORYGAMEPS4,https://store.playstation.com/en-us/concept/212339
Oddworld: Soulstorm Enhanced Edition,PlayStation Plus,playstation-plus,Game Catalog,Extra/Premium,PS4 | PS5,2021-04-06T04:00:00Z,true,64,19,27.1,32.6,https://image.api.playstation.com/vulcan/img/rnd/202111/1114/x11L6rvYTz3IvbuvlDnryUJO.png,80128,Oddworld: Soulstorm,UP4134-CUSA08126_00-OWSOULSTORM00001,https://store.playstation.com/en-us/concept/227431
Returnal,PlayStation Plus,playstation-plus,Game Catalog,Extra/Premium,PS5,2021-04-30T04:00:00Z,false,83,19,30.6,64.1,https://image.api.playstation.com/vulcan/ap/rnd/202011/1621/fYZQHZ42eXXUt7c6D5YjLrq5.png,80102,Returnal,UP9000-PPSA01284_00-RETURNALGAME0001,https://store.playstation.com/en-us/concept/10000176
Space Engineers PS4 & PS5,PlayStation Plus,playstation-plus,Game Catalog,Extra/Premium,PS4 | PS5,2023-05-11T04:00:00Z,true,66,19,74.1,382.5,https://image.api.playstation.com/vulcan/ap/rnd/202103/0211/e2To5dPScYHqJkRqNAXti14N.png,16007,Space Engineers,UP6922-PPSA08252_00-1309870747195329,https://store.playstation.com/en-us/concept/10002535
Assassin's Creed Syndicate,Xbox Game Pass,xbox-game-pass,Game Catalog,Ultimate/PC/Console,PC | Xbox,,,73,19,33.9,55.8,https://store-images.s-microsoft.com/image/apps.10598.63309362003335928.f979bcb8-9f41-424d-b922-00373875de81.4416b667-2993-4bfd-97f4-33f6bb258bd8,26706,Assassin's Creed: Syndicate,BXVQ8M4J9HNM,
The Technomancer,PlayStation Plus,playstation-plus,Game Catalog,Extra/Premium,PS4,2016-06-28T04:00:00Z,false,63,18.9,27.5,45.3,https://image.api.playstation.com/cdn/UP4133/CUSA03803_00/ZN5q9JrNz8OLW2hrwhABk6Vg8Zpq51wS.png,38277,The Technomancer,UP4133-CUSA03803_00-THETECHNOMANCER0,https://store.playstation.com/en-us/concept/217462
BALL x PIT,Xbox Game Pass,xbox-game-pass,Game Catalog,Ultimate/PC/Console,PC | Xbox,,,83,18.9,24.2,35.6,https://store-images.s-microsoft.com/image/apps.12118.13835016463632115.ff511f8a-9163-4f5c-ad59-a2477b07361c.2a07b249-9ce6-4cd3-b969-c54874eb5489,169298,BALL x PIT,9MWXF3SRD7QN,
Heretic + Hexen,Xbox Game Pass,xbox-game-pass,Game Catalog,Ultimate/PC/Console,PC | Xbox,,,76,18.9,33.5,42.2,https://store-images.s-microsoft.com/image/apps.3496.13568632792554292.fea70ec4-25b5-4014-996b-52c5abc58b71.69e7078c-ec44-4a16-90d2-10509e7f21a6,172189,Heretic + Hexen,9NC7NRD0CM11,
Voidtrain,Xbox Game Pass,xbox-game-pass,Game Catalog,Ultimate/PC/Console,PC | Xbox,,,64,18.9,25.8,26.9,https://store-images.s-microsoft.com/image/apps.43738.13766638199955298.30c51e02-5250-4a92-bce6-4ed56d85cf3c.4927dc7d-1e11-4121-b0b8-ed323f936d86,76619,Voidtrain,9NQMVR9WL9FW,
Eternal Strands,Xbox Game Pass,xbox-game-pass,Game Catalog,Ultimate/PC/Console,PC | Xbox,,,67,18.8,30.3,42.4,https://store-images.s-microsoft.com/image/apps.50233.13736859116442717.a1ffa0ea-8877-44c8-8310-2433a1850d55.18cac95f-0053-46e8-a081-5af79f0599e2,148004,Eternal Strands,9NNKJNRKFT0G,
Space Crew: Legendary Edition,PlayStation Plus,playstation-plus,Game Catalog,Extra/Premium,PS4,2020-10-15T04:00:00Z,false,66,18.7,21.7,25.6,https://image.api.playstation.com/vulcan/img/rnd/202110/1115/4R2BJtrSoadbILtRg2jCpk2s.png,84315,Space Crew,UP4395-CUSA18162_00-SPACECREWUS00000,https://store.playstation.com/en-us/concept/235314
Viva Piñata,Xbox Game Pass,xbox-game-pass,Game Catalog,Ultimate/PC/Console,PC | Xbox,,,75,18.7,30.6,50.3,https://store-images.s-microsoft.com/image/apps.29891.69993262899909428.0190d6b7-60eb-4d3f-bd16-b44c0e303861.a44fc632-9741-443e-863c-cd2fce2e955b,10976,Viva Piñata,BSXSL6WBJ0V7,
Viva Piñata: TIP,Xbox Game Pass,xbox-game-pass,Game Catalog,Ultimate/PC/Console,PC | Xbox,,,75,18.7,30.6,50.3,https://store-images.s-microsoft.com/image/apps.65381.69467662407886849.eb318d40-1e77-4848-b633-b9ee445d2f63.2bb50256-bcc1-477e-8fd6-4780b64a6cc0,10976,Viva Piñata,BS1NPTPJGD4G,
Star Wars Outlaws,PlayStation Plus,playstation-plus,Game Catalog,Extra/Premium,PS5,2024-08-30T04:00:00Z,true,71,18.4,35.4,68.4,https://image.api.playstation.com/vulcan/ap/rnd/202306/3020/bca42b94af09b7a7ffd27fcb76a7bb1e46b60ed0c5f99322.png,129948,Star Wars Outlaws,UP0001-PPSA08261_00-GAME000000000000,https://store.playstation.com/en-us/concept/10005323
Generation Zero®,Xbox Game Pass,xbox-game-pass,Game Catalog,Ultimate/PC/Console,PC | Xbox,,,59,18.4,46.5,85.2,https://store-images.s-microsoft.com/image/apps.5248.65743914527603622.b98c7b82-aeb0-44e7-8071-19a17867fd8c.23de469b-d409-404e-882b-54f1a741e3d5,64530,Generation Zero,C20WW4W29FQ1,
Star Wars Outlaws,Xbox Game Pass,xbox-game-pass,Game Catalog,Ultimate/PC/Console,PC | Xbox,,,71,18.4,35.4,68.4,https://store-images.s-microsoft.com/image/apps.19000.14092857068341011.87382aa9-ecf1-4458-9992-3a4a33d440e4.325edc37-3621-45a9-a09e-33ec8b1088b1,129948,Star Wars Outlaws,9P87S3NP6SR2,
Far Cry 5,PlayStation Plus,playstation-plus,Game Catalog | Ubisoft+ Classics,Extra/Premium,PS4,2018-03-27T04:00:00Z,false,74,18.3,31,47.7,https://image.api.playstation.com/cdn/EP0001/CUSA05847_00/pEBJnRh6DeL2BfyZRa9jZRrNuSav42QPJIXyqo6Rgcr52o9kYLwY4EpouAzWh4Fu.png,46093,Far Cry 5,UP0001-CUSA05904_00-FARCRY5GAME00000,https://store.playstation.com/en-us/concept/221692
Far Cry® 5,Xbox Game Pass,xbox-game-pass,Game Catalog,Ultimate/PC/Console,PC | Xbox,,,74,18.3,31,47.7,https://store-images.s-microsoft.com/image/apps.48705.69582963086497758.e1cff2e3-ddf1-42bf-930d-f380ad63f100.1eb992fd-461c-4edd-9e5e-b3fbb7a41044,46093,Far Cry 5,BR7X7MVBBQKM,
Monster Boy and the Cursed Kingdom,PlayStation Plus,playstation-plus,Game Catalog,Extra/Premium,PS4 | PS5,2021-12-02T05:00:00Z,true,81,18.2,20.7,23.8,https://image.api.playstation.com/vulcan/ap/rnd/202007/0705/36AB9tmybA00zCzfgARA3X90.png,62946,Monster Boy and the Cursed Kingdom,UP0760-PPSA02787_00-0286229275301959,https://store.playstation.com/en-us/concept/217487
Watch Dogs®: Legion PS4 & PS5,PlayStation Plus,playstation-plus,Game Catalog | Ubisoft+ Classics,Extra/Premium,PS4 | PS5,2020-11-12T05:00:00Z,true,65,18.2,33.1,50.2,https://image.api.playstation.com/vulcan/ap/rnd/202007/0217/OX5mEmwgRPeSQrhGFU3n4moZ.png,68237,Watch Dogs: Legion,UP0001-PPSA01487_00-ORWFULLGAME00000,https://store.playstation.com/en-us/concept/232581
Watch Dogs®: Legion,Xbox Game Pass,xbox-game-pass,Game Catalog,Ultimate/PC/Console,PC | Xbox,,,65,18.2,33.1,50.2,https://store-images.s-microsoft.com/image/apps.158.65664549497403424.a741b357-ecc5-4fa6-bfad-4f3a95f27506.1e2e55df-bdf2-4db6-bf18-615b2b33c20a,68237,Watch Dogs: Legion,C1WRX8ZD77M9,
Blue Prince,PlayStation Plus,playstation-plus,Game Catalog,Extra/Premium,PS5,2025-04-10T14:00:00Z,true,82,18.1,35.8,100.4,https://image.api.playstation.com/vulcan/ap/rnd/202502/1222/155cec2bad7676df9a1aa7e96cdd9f363e117c1650a43c34.png,136426,Blue Prince,EP2187-PPSA25009_00-BLUEPRINCE000000,https://store.playstation.com/en-us/concept/10012002
Blue Prince,Xbox Game Pass,xbox-game-pass,Game Catalog,Ultimate/PC/Console,PC | Xbox,,,82,18.1,35.8,100.4,https://store-images.s-microsoft.com/image/apps.24366.14199207619921587.94d12fa7-4aa4-478f-a501-05a046496ce3.1b1ecad8-ee39-40e6-823b-b013e12dc4a3,136426,Blue Prince,9PFRTPRQ569Q,
The Outer Worlds 2,Xbox Game Pass,xbox-game-pass,Game Catalog,Ultimate/PC/Console,PC | Xbox,,,77,18.1,43.3,63.5,https://store-images.s-microsoft.com/image/apps.41744.14086924108488409.5098cc78-dcb3-4bc1-858f-48fa36bb7026.e990bffb-c0f2-4506-b06d-f537efb4b3ee,93946,The Outer Worlds 2,9P8RMKXRML7D,
Super Mega Baseball 3,Xbox Game Pass,xbox-game-pass,Game Catalog,Ultimate/PC/Console,PC | Xbox,,,79,18,32.1,,https://store-images.s-microsoft.com/image/apps.12287.14599945077775327.e0cd052e-78e3-4fb1-b95e-33b5c205fa52.f7fda834-285f-4359-a1d4-924a3b34bcf1,78304,Super Mega Baseball 3,9NP6V9LFVJ87,
Marvel's Spider-Man Remastered,PlayStation Plus,playstation-plus,Game Catalog,Extra/Premium,PS5,2023-05-04T04:00:00Z,true,87,17.9,29.3,44.8,https://image.api.playstation.com/vulcan/ap/rnd/202009/3021/B2aUYFC0qUAkNnjbTHRyhrg3.png,70093,Marvel's Spider-Man Remastered,UP9000-PPSA01467_00-MARVELSSPIDERMAN,https://store.playstation.com/en-us/concept/10000762
Marvel's Spider-Man: Game of the Year Edition,PlayStation Plus,playstation-plus,Game Catalog,Extra/Premium,PS4,2019-08-28T04:00:00Z,false,87,17.9,29.3,44.8,https://image.api.playstation.com/vulcan/img/rnd/202011/0714/vuF88yWPSnDfmFJVTyNJpVwW.png,70093,Marvel's Spider-Man Remastered,UP9000-CUSA02299_00-MARVELSSMGOTY000,https://store.playstation.com/en-us/concept/10000762
Disneyland Adventures,Xbox Game Pass,xbox-game-pass,Game Catalog,Ultimate/PC/Console,PC | Xbox,,,58,17.9,30.3,39,https://store-images.s-microsoft.com/image/apps.38755.14005003576279990.0e4e6d67-22da-40e5-b520-630686e37930.302b7455-6387-4813-8177-5e2844e8b61f,4994,Disneyland Adventures,9N6Z8DQXSQWH,
Wreckfest,Xbox Game Pass,xbox-game-pass,Game Catalog,Ultimate/PC/Console,PC | Xbox,,,76,17.9,25.9,32.7,https://store-images.s-microsoft.com/image/apps.64141.69762792333465121.4086c71f-fab9-4c14-b959-3e77164a74cf.27e4efda-6f6d-4d33-b636-4d6ef45396ea,16136,Wreckfest,BRJNRZ9N734V,
Far Cry® 4,PlayStation Plus,playstation-plus,Game Catalog | Ubisoft+ Classics,Extra/Premium,PS4,2014-11-18T05:00:00Z,false,76,17.8,31.2,46.9,https://image.api.playstation.com/vulcan/img/cfn/113076px2b27B2ofcw5IzONcQEr6vlx2oSWvfJEutr9o7jAcP9vbVFjtbYjYoX2MOkkuepqwRRkk8Krf08MR2BKeTPw-FyY7.png,19310,Far Cry 4,UP0001-CUSA00496_00-FC4GAMEPS4000001,https://store.playstation.com/en-us/concept/201624
Surviving the Aftermath,PlayStation Plus,playstation-plus,Game Catalog,Extra/Premium,PS4,2021-11-16T17:00:00Z,false,66,17.8,31.2,34.1,https://image.api.playstation.com/vulcan/ap/rnd/202110/2208/aCA7fmamlIIMLwNpcd529SQZ.png,71494,Surviving The Aftermath,UP4139-CUSA15501_00-STA0000000000000,https://store.playstation.com/en-us/concept/233784
Far Cry® 4,Xbox Game Pass,xbox-game-pass,Game Catalog,Ultimate/PC/Console,PC | Xbox,,,76,17.8,31.2,46.9,https://store-images.s-microsoft.com/image/apps.55235.14286944504058611.3e034c1a-7e15-4e7d-b215-ef424d80d5e7.bc99a363-593e-4a06-8120-1df16d612223,19310,Far Cry 4,C0KJ40T9QD86,
Legend of Mana,Xbox Game Pass,xbox-game-pass,Game Catalog,Ultimate/PC/Console,PC | Xbox,,,74,17.7,24.4,44.7,https://store-images.s-microsoft.com/image/apps.16688.14556235508309133.ebb6dc1c-004f-4bb2-8ce7-f545c53b97d2.bab2a1d5-8514-4e62-bcc7-043af5211f78,5230,Legend of Mana,9P2S2QVRB97N,
Marvel's Guardians of the Galaxy PS4 & PS5,PlayStation Plus,playstation-plus,Game Catalog,Extra/Premium,PS4 | PS5,2021-10-26T04:00:00Z,true,82,17.6,20.4,26,https://image.api.playstation.com/vulcan/ap/rnd/202106/0215/Pw9cWnyqkix3EoCOGqrN1cgN.png,72584,Marvel's Guardians of the Galaxy,UP0082-PPSA01748_00-DXM0000000000001,https://store.playstation.com/en-us/concept/234665
Trials Rising,PlayStation Plus,playstation-plus,Game Catalog | Ubisoft+ Classics,Extra/Premium,PS4,2019-02-26T05:00:00Z,false,72,17.6,32.6,85.8,https://image.api.playstation.com/cdn/UP0001/CUSA09338_00/5mpTa7QTvDxkqNnNkZKIWq4XZSguXusM.png,65078,Trials Rising,UP0001-CUSA09338_00-TWT0001110001110,https://store.playstation.com/en-us/concept/228851
Trials® Rising,Xbox Game Pass,xbox-game-pass,Game Catalog,Ultimate/PC/Console,PC | Xbox,,,72,17.6,32.6,85.8,https://store-images.s-microsoft.com/image/apps.40541.67833834336852725.359ee4d2-f566-4a2e-91d9-45cec572c8fd.5271b6f9-bc5b-46ae-9b2b-dcdca2c7b6cb,65078,Trials Rising,BP6V6QZBMFP0,
MudRunner,PlayStation Plus,playstation-plus,Game Catalog,Extra/Premium,PS4,2017-10-31T04:00:00Z,false,70,17.5,23.8,44.9,https://image.api.playstation.com/cdn/UP4133/CUSA09936_00/TS633BpDVfXlAr5W4azuvPOPWYJj2iU8.png,50209,MudRunner,UP4133-CUSA09936_00-MUDRUNNERUS00000,https://store.playstation.com/en-us/concept/230052
Toukiden 2,PlayStation Plus,playstation-plus,Game Catalog,Extra/Premium,PS4,2017-03-21T04:00:00Z,false,72,17.4,37.3,79.4,https://image.api.playstation.com/cdn/UP4108/CUSA05797_00/8HkCzZWpDNSJWbqnjqN8QC3mb525kgsB.png,44758,Toukiden 2,UP4108-CUSA05797_00-TOUKIDEN20000000,https://store.playstation.com/en-us/concept/210894
SAMURAI WARRIORS 5,PlayStation Plus,playstation-plus,Game Catalog,Extra/Premium,PS4,2021-07-27T04:00:00Z,false,76,17.3,40.2,115.7,https://image.api.playstation.com/vulcan/ap/rnd/202104/2602/jIRiYO758aoaUYTX77Wsx2lb.png,94703,Samurai Warriors 5,UP4108-CUSA24099_00-ORIGINGAME000000,https://store.playstation.com/en-us/concept/10001263
STAR WARS Jedi: Fallen Order™,Xbox Game Pass,xbox-game-pass,Game Catalog,Ultimate/PC/Console,PC | Xbox,,,81,17.3,22.3,31.8,https://store-images.s-microsoft.com/image/apps.52300.65392999590663672.028b6875-f925-4d40-b3a1-e44db3b4fa32.7bcb3d0f-46fc-43ea-84d1-031bd0817da2,60145,Star Wars Jedi: Fallen Order,C2CSDTSCBZ0C,
State of Decay: Year-One,Xbox Game Pass,xbox-game-pass,Game Catalog,Ultimate/PC/Console,PC | Xbox,,,72,17.3,23.9,68.3,https://store-images.s-microsoft.com/image/apps.31742.67259324082967957.a648096d-45eb-44bf-9db2-f3eafcae7d67.38421f9d-32da-418c-9952-23e5f6773260,28182,State of Decay: Year-One,C5JGRR1LFVW8,
Assassin's Creed Unity,PlayStation Plus,playstation-plus,Game Catalog | Ubisoft+ Classics,Extra/Premium,PS4,2014-11-11T05:00:00Z,false,71,17.2,35.3,80.2,https://image.api.playstation.com/cdn/JP0001/CUSA00476_00/D4i7jbElJIQZUXeB5zVnThAbvxitKjLd.png,21269,Assassin's Creed: Unity,UP0001-CUSA00663_00-AC4GAMEPS4000001,https://store.playstation.com/en-us/concept/200088
Marvel’s Spider-Man 2,PlayStation Plus,playstation-plus,Game Catalog,Extra/Premium,PS5,2023-10-20T04:00:00Z,true,85,17.2,23.6,28.5,https://image.api.playstation.com/vulcan/ap/rnd/202306/1219/1c7b75d8ed9271516546560d219ad0b22ee0a263b4537bd8.png,79769,Marvel's Spider-Man 2,UP9000-PPSA03016_00-MARVELSPIDERMAN2,https://store.playstation.com/en-us/concept/10002456
Outcast - Second Contact,PlayStation Plus,playstation-plus,Classics Catalog,Premium,PS4,2017-11-28T05:00:00Z,false,64,17.2,19.7,23.2,https://image.api.playstation.com/cdn/UP4008/CUSA07476_00/XO81bpOmmO9Rs9APRkDzlf6I1SUs5eAm.png,46465,Outcast: Second Contact,UP4008-CUSA07476_00-OUTCAST000000000,https://store.playstation.com/en-us/concept/227430
Assassin's Creed Unity,Xbox Game Pass,xbox-game-pass,Game Catalog,Ultimate/PC/Console,PC | Xbox,,,71,17.2,35.3,80.2,https://store-images.s-microsoft.com/image/apps.25352.69296710537599543.9e7afb5a-8195-4e25-bfc8-08e94d687949.97f7b4e8-4633-45c7-bee9-72e9bc415d5e,21269,Assassin's Creed: Unity,BRQH27C9RGXS,
Banjo-Tooie,Xbox Game Pass,xbox-game-pass,Game Catalog,Ultimate/PC/Console,PC | Xbox,,,82,17.1,24,24,https://store-images.s-microsoft.com/image/apps.2699.63435052096425467.cd1eef72-5707-4f2b-807d-ab3c5baf858c.9ebaa8fc-f1bf-49e8-93fd-62833dbb6b26,837,Banjo-Tooie,BX27S00SKW1V,
Like a Dragon: Pirate Yakuza in Hawaii,Xbox Game Pass,xbox-game-pass,Game Catalog,Ultimate/PC/Console,PC | Xbox,,,80,17.1,32.5,43.6,https://store-images.s-microsoft.com/image/apps.2577.14515021988943563.1f3fe501-2a70-4602-ab4f-93c0a60ab77c.c894ce94-91a9-4e3a-993b-80dbdebd2ea8,157123,Like a Dragon: Pirate Yakuza in Hawaii,9P1303FCXW6X,
Salt and Sacrifice,PlayStation Plus,playstation-plus,Game Catalog,Extra/Premium,PS4 | PS5,2022-05-10T04:00:00Z,true,66,17,22.7,30.5,https://image.api.playstation.com/vulcan/ap/rnd/202109/2805/3OfHHMHNfNcPznx1fuWQXquT.png,93904,Salt & Sacrifice,UP0613-PPSA04293_00-6980832032208657,https://store.playstation.com/en-us/concept/10003231
A Plague Tale: Requiem,Xbox Game Pass,xbox-game-pass,Game Catalog,Ultimate/PC/Console,PC | Xbox,,,83,17,19.6,27.4,https://store-images.s-microsoft.com/image/apps.60562.13537574391772742.e387dd56-e35c-40fb-bc0c-c0c1decef3a1.1de59474-dc66-4ad3-8050-ee622224a589,93945,A Plague Tale: Requiem,9ND0JVB184XL,
Batman™: Arkham Knight,Xbox Game Pass,xbox-game-pass,Game Catalog,Ultimate/PC/Console,PC | Xbox,,,83,17,31.5,51.2,https://store-images.s-microsoft.com/image/apps.50680.69836087516172366.d802940c-fd8a-4174-8a68-e41a2475e1a1.efa1f648-fb98-4078-80cf-06f47811b1fa,18005,Batman: Arkham Knight,BSLX1RNXR6H7,
Prison Architect: PlayStation®4 Edition,PlayStation Plus,playstation-plus,Game Catalog,Extra/Premium,PS4,2016-06-28T04:00:00Z,false,72,16.9,43.5,67.8,https://image.api.playstation.com/vulcan/img/rnd/202010/0918/c5opOseUwWTD41c0d8NVvCQ9.png,7308,Prison Architect,UP4415-CUSA03481_00-PRISONARCHITECT0,https://store.playstation.com/en-us/concept/216605
Vampyr,PlayStation Plus,playstation-plus,Game Catalog,Extra/Premium,PS4,2018-06-05T04:00:00Z,false,71,16.9,29.5,41.7,https://image.api.playstation.com/cdn/UP4133/CUSA03293_00/kRjyb1KLVNAbBQp6s8LhcYep3WIwLD0B.png,35857,Vampyr,UP4133-CUSA03293_00-000000VAMPYRGAME,https://store.playstation.com/en-us/concept/205200
Prince of Persia The Lost Crown,PlayStation Plus,playstation-plus,Game Catalog,Extra/Premium,PS4 | PS5,2024-01-18T05:00:00Z,true,84,16.7,24.5,31.2,https://image.api.playstation.com/vulcan/ap/rnd/202312/0701/de64753172dca1b06fc9ec1cd4abaeaa7f12ff7ac98f5a19.png,129785,Prince of Persia: The Lost Crown,UP0001-PPSA10067_00-MEMSTDED00000000,https://store.playstation.com/en-us/concept/10005985
Prince of Persia The Lost Crown,Xbox Game Pass,xbox-game-pass,Game Catalog,Ultimate/PC/Console,PC | Xbox,,,84,16.7,24.5,31.2,https://store-images.s-microsoft.com/image/apps.34160.14591039489735684.88f11d51-d109-4301-a716-65d25343b737.eddf01a0-8859-47bc-a5af-fb1aea7020e0,129785,Prince of Persia: The Lost Crown,9P4LSLG7B8CT,
Jak II,PlayStation Plus,playstation-plus,Classics Catalog,Premium,PS4,2017-11-28T05:00:00Z,false,73,16.6,18.2,21.5,https://image.api.playstation.com/cdn/UP9000/CUSA07840_00/uMvSf35f3V2yvynPFKWYpeddSEAMV5Wa.png,4801,Jak II,UP9000-CUSA07840_00-SCUS972650000001,https://store.playstation.com/en-us/concept/202185
Green Hell,PlayStation Plus,playstation-plus,Game Catalog,Extra/Premium,PS4 | PS5,2024-07-08T13:40:32Z,true,72,16.5,29.1,46.9,https://image.api.playstation.com/vulcan/img/rnd/202106/0421/64a4leQbt6zne3MHrR4n64ec.png,60384,Green Hell,UP6469-PPSA21628_00-0233386470989011,https://store.playstation.com/en-us/concept/10002038
Green Hell PS4 + PS5 Free Upgrade,PlayStation Plus,playstation-plus,Game Catalog,Extra/Premium,PS4,2021-06-09T16:00:00Z,false,72,16.5,29.1,46.9,https://image.api.playstation.com/vulcan/img/rnd/202106/0421/64a4leQbt6zne3MHrR4n64ec.png,60384,Green Hell,UP6469-CUSA26546_00-2081545448677124,https://store.playstation.com/en-us/concept/10002038
Prey,PlayStation Plus,playstation-plus,Game Catalog,Extra/Premium,PS4,2017-05-05T04:00:00Z,false,83,16.4,27.9,46.6,https://image.api.playstation.com/vulcan/ap/rnd/202009/2902/qsnHdkCM1Zlnue33c5t5skP5.png,44590,Prey,UP1003-CUSA04493_00-PREYPS4FULLGAME1,https://store.playstation.com/en-us/concept/224929
DEATHLOOP,Xbox Game Pass,xbox-game-pass,Game Catalog,Ultimate/PC/Console,PC | Xbox,,,77,16.4,24.5,36.1,https://store-images.s-microsoft.com/image/apps.5858.14634955238674857.649b7ff9-0dfc-4951-9b65-c5d815215da6.90208516-ba3b-47a9-a130-ef94cf860f5b,68258,Deathloop,9P5Z4530318L,
Prey,Xbox Game Pass,xbox-game-pass,Game Catalog,Ultimate/PC/Console,PC | Xbox,,,83,16.4,27.9,46.6,https://store-images.s-microsoft.com/image/apps.11350.69234794984509140.ef3477c5-d6c7-4bd4-b5c7-7664d0e9e1be.56e552ce-a8b5-40eb-ae32-c7cefd77e069,44590,Prey,BQMVWCMB8P59,
Everybody's Golf,PlayStation Plus,playstation-plus,Game Catalog,Extra/Premium,PS4,2017-08-29T04:00:00Z,false,75,16.3,37.2,72.6,https://image.api.playstation.com/vulcan/img/rnd/202010/2320/PT1PAMO5aZHYRoOkrVNhybKD.png,46566,Everybody's Golf,UP9000-CUSA04687_00-EVERYBODYSGOLFUS,https://store.playstation.com/en-us/concept/209065
Everybody's Golf,PlayStation Plus,playstation-plus,Classics Catalog,Premium,PS4 | PS5,2025-03-07T17:00:00Z,true,75,16.3,37.2,72.6,https://image.api.playstation.com/vulcan/ap/rnd/202205/0218/SveOxTyWg5eSEDhgJH8uF8ha.png,46566,Everybody's Golf,UP9000-PPSA06346_00-SCUS941880000000,https://store.playstation.com/en-us/concept/10004411
Killing Floor 2,PlayStation Plus,playstation-plus,Game Catalog,Extra/Premium,PS4,2016-11-18T05:00:00Z,false,71,16.3,90,127.9,https://image.api.playstation.com/vulcan/ap/rnd/202211/1113/yMqKCbhbYRuFvXyBUKdXlA8N.png,25991,Killing Floor 2,UP0115-CUSA02134_00-KFGAME0000000001,https://store.playstation.com/en-us/concept/221915
art of rally,PlayStation Plus,playstation-plus,Game Catalog,Extra/Premium,PS4 | PS5,2021-10-06T04:00:00Z,true,71,16.2,19.5,31.4,https://image.api.playstation.com/vulcan/ap/rnd/202311/1313/a4cae800396bf038e3cbe9242b36fc081fa53b5bda915719.png,83381,art of rally,UP1622-PPSA03686_00-0251614333719849,https://store.playstation.com/en-us/concept/10002789
Dead Island 2,PlayStation Plus,playstation-plus,Game Catalog,Extra/Premium,PS5 | PS4,2023-04-21T04:00:00Z,true,74,16.2,26.7,39.2,https://image.api.playstation.com/vulcan/ap/rnd/202208/1012/V6WJkRhfNIQ3ePfAmrLSfGng.png,21273,Dead Island 2,UP2047-PPSA03098_00-DI2MAINSIEAPS500,https://store.playstation.com/en-us/concept/201061
Empire of Sin,PlayStation Plus,playstation-plus,Game Catalog,Extra/Premium,PS4,2020-12-01T17:00:00Z,false,58,16.2,26.5,75.7,https://image.api.playstation.com/vulcan/img/rnd/202010/0815/3ciljCuNuycrzHNNvXZuyZOs.png,68365,Empire of Sin,UP4139-CUSA17744_00-EMPIREOFSINNA001,https://store.playstation.com/en-us/concept/235085
Dead Island 2,Xbox Game Pass,xbox-game-pass,Game Catalog,Ultimate/PC/Console,PC | Xbox,,,74,16.2,26.7,39.2,https://store-images.s-microsoft.com/image/apps.11083.66080721822734920.910bec42-dd7c-4bcf-9acb-d97e1b5501f0.dffaaf51-ec0d-43b5-960d-f273fda26bf3,21273,Dead Island 2,C3L4J3H7H12R,
Madden NFL 25 Xbox One,Xbox Game Pass,xbox-game-pass,Game Catalog,Ultimate/PC/Console,PC | Xbox,,,68,16.2,89.5,494.8,https://store-images.s-microsoft.com/image/apps.29289.13715337890066624.4f8c0067-4e62-4b15-bee7-b0865f37a53f.842a5e0f-1fe6-4d7b-a583-ec4b73eebe6c,12653,Madden NFL 25,9NL9QN69HCL7,
Madden NFL 25 Xbox Series X|S,Xbox Game Pass,xbox-game-pass,Game Catalog,Ultimate/PC/Console,PC | Xbox,,,68,16.2,89.5,494.8,https://store-images.s-microsoft.com/image/apps.29289.13921791456696433.7d9f4d57-76cd-411d-8615-f91c745452f2.d8788ec5-ef74-4859-9a52-fa062cc74838,12653,Madden NFL 25,9N0FWWQ94X62,
MASSIVE CHALICE,Xbox Game Pass,xbox-game-pass,Game Catalog,Ultimate/PC/Console,PC | Xbox,,,68,16.2,21.2,26,https://store-images.s-microsoft.com/image/apps.41180.65818491771219437.2f986726-46d6-458a-a9ab-340fd8456308.641eb4a6-b9d8-40e4-a26e-51fde4557160,21704,Massive Chalice,C2484ZR2BWNQ,
State of Decay 2: Juggernaut Edition,Xbox Game Pass,xbox-game-pass,Game Catalog,Ultimate/PC/Console,PC | Xbox,,,71,16.2,32.4,138.9,https://store-images.s-microsoft.com/image/apps.62160.14425140369408817.14846606-f5bc-4fb1-b355-26ef6a25e847.e14fc031-2974-4b66-9f84-16cf8d0807e9,46403,State of Decay 2,9NT4X7P8B9NB,
Assassin's Creed® Mirage,PlayStation Plus,playstation-plus,Game Catalog,Extra/Premium,PS4 | PS5,2023-10-05T00:00:00Z,true,72,16.1,22.9,30.7,https://image.api.playstation.com/vulcan/ap/rnd/202208/1718/phwiQjbJddEg979YucUoP3Vr.png,112983,Assassin's Creed Mirage,UP0001-PPSA07230_00-EDITIONSTANDARD0,https://store.playstation.com/en-us/concept/10004865
Blasphemous 2,PlayStation Plus,playstation-plus,Game Catalog,Extra/Premium,PS4 | PS5,2023-08-24T04:00:00Z,true,84,16.1,20.5,25.7,https://image.api.playstation.com/vulcan/ap/rnd/202606/0318/92f975f1e62581b4b193d6aea8fd9145efb9623a04513604.png,118447,Blasphemous II,UP4064-PPSA13580_00-BLASPHEMOUS20000,https://store.playstation.com/en-us/concept/10007264
Dragon Star Varnir,PlayStation Plus,playstation-plus,Game Catalog,Extra/Premium,PS4,2019-06-11T04:00:00Z,false,69,16.1,22.8,36.3,https://image.api.playstation.com/cdn/UP0031/CUSA14503_00/d0WHFQQ9fWRCi2CsBy2c6FtulKft5pEU.png,68348,Dragon Star Varnir,UP0031-CUSA14503_00-VARNIR0000000000,https://store.playstation.com/en-us/concept/232591
Assassin’s Creed® Mirage,Xbox Game Pass,xbox-game-pass,Game Catalog,Ultimate/PC/Console,PC | Xbox,,,72,16.1,22.9,30.7,https://store-images.s-microsoft.com/image/apps.54416.14478378080353577.d9dde1a0-41ed-4026-93ef-d3e32de2f685.bac1bddf-4086-46f9-84ef-b6f4c35db2c3,112983,Assassin's Creed Mirage,9NZCJF5VF1NV,
FINAL FANTASY III,Xbox Game Pass,xbox-game-pass,Game Catalog,Ultimate/PC/Console,PC | Xbox,,,73,16.1,18.4,18.7,https://store-images.s-microsoft.com/image/apps.29023.14451317888346729.aa788569-1cd5-4640-bca3-a53d5278fc18.7d86cffd-8a0c-4e73-a1b5-fd84675e5b6a,94537,Final Fantasy III,9NWDPFPPK30V,
Deus Ex: Mankind Divided,PlayStation Plus,playstation-plus,Game Catalog,Extra/Premium,PS4,2016-08-23T04:00:00Z,false,78,16,31,52.9,https://image.api.playstation.com/cdn/UP0082/CUSA01799_00/8gRSa3fSIAWC17rZwPDqz96cHOiGf7Qb.png,25434,Deus Ex: Mankind Divided,UP0082-CUSA01799_00-DXMANKINDIVIDED0,https://store.playstation.com/en-us/concept/200943
SILENT HILL 2,PlayStation Plus,playstation-plus,Game Catalog,Extra/Premium,PS5,2024-10-08T04:00:00Z,true,88,16,18.6,32.1,https://image.api.playstation.com/vulcan/ap/rnd/202210/2000/IgwsFz9BiBrFvyV7pIWpoVgd.png,114905,Silent Hill 2,UP0101-PPSA08710_00-MAINGAME00000000,https://store.playstation.com/en-us/concept/10005529
Indiana Jones and the Great Circle,Xbox Game Pass,xbox-game-pass,Game Catalog,Ultimate/PC/Console,PC | Xbox,,,85,16,25.6,39.3,https://store-images.s-microsoft.com/image/apps.475.14050533476382116.9ce9be62-6690-4c40-8e76-7e5af2a256fb.890d72d8-ceb4-4c0d-9653-e9fbcfeb27c7,144234,Indiana Jones and the Great Circle,9N8FQ28Z6QX3,
Wasteland Remastered,Xbox Game Pass,xbox-game-pass,Game Catalog,Ultimate/PC/Console,PC | Xbox,,,55,16,25.7,36.6,https://store-images.s-microsoft.com/image/apps.33255.13650100416089145.e9c63102-735a-40a7-b414-10693b469ff1.9d33c3ba-38af-4676-93e6-282f0280d212,74755,Wasteland Remastered,9NGH1FK0RJGL,
Tin Hearts,PlayStation Plus,playstation-plus,Game Catalog,Extra/Premium,PS4 | PS5,2023-05-16T13:00:00Z,true,54,15.9,17.5,30.3,https://image.api.playstation.com/vulcan/ap/rnd/202401/1010/e2ee324a5dbc72c45210b64452072da1df6e7d05146deca9.png,73035,Tin Hearts,UP4382-PPSA03080_00-TINHEARTS0000000,https://store.playstation.com/en-us/concept/10002494
Bomber Crew,PlayStation Plus,playstation-plus,Game Catalog,Extra/Premium,PS4,2018-07-10T04:00:00Z,false,63,15.7,18.7,26.2,https://image.api.playstation.com/vulcan/img/rnd/202110/1111/AC3VC7j9cxRZAsECwlVyBh1E.png,51082,Bomber Crew,UP4395-CUSA10423_00-BOMBERCREW000000,https://store.playstation.com/en-us/concept/231065
Deep Rock Galactic: Survivor,Xbox Game Pass,xbox-game-pass,Game Catalog,Ultimate/PC/Console,PC | Xbox,,,76,15.6,33.2,104.5,https://store-images.s-microsoft.com/image/apps.17518.14236455618786574.5b48af66-d01f-435c-addc-832c8e12d278.741c0a9e-bae8-4471-b6f8-28c0385a9265,139049,Deep Rock Galactic: Survivor,9PHGQPRBBSXK,
Granblue Fantasy: Relink Standard Edition,PlayStation Plus,playstation-plus,Game Catalog,Extra/Premium,PS4 | PS5,2024-01-29T05:00:00Z,true,81,15.5,32.1,130.6,https://image.api.playstation.com/vulcan/ap/rnd/202308/0711/bd65ba90dac453a151a9a6fc0fd4b0744c414d38cdccb900.png,66500,Granblue Fantasy: Relink,UP5460-PPSA06954_00-GBRELINKDGTLSTD1,https://store.playstation.com/en-us/concept/229066
Banjo Kazooie: N n B,Xbox Game Pass,xbox-game-pass,Game Catalog,Ultimate/PC/Console,PC | Xbox,,,71,15.5,23,35.6,https://store-images.s-microsoft.com/image/apps.34826.71100151761088573.88824642-fc7e-4e99-9b5b-32e26f7c27b9.8a1cccf6-01d0-48c6-bd1a-0d03df399bba,836,Banjo-Kazooie: Nuts & Bolts,BVR64CDJ01FJ,
Forbidden Siren,PlayStation Plus,playstation-plus,Classics Catalog,Premium,PS4 | PS5,2024-10-15T16:00:00Z,true,73,15.4,21.9,37.5,https://image.api.playstation.com/vulcan/ap/rnd/202409/2621/b51676a2dc4c97dcc3541b2501bcb5918096d24276e94033.png,3633,Forbidden Siren 2,UP9000-PPSA22947_00-SCUS973550000000,https://store.playstation.com/en-us/concept/10010950
LEGO® CITY Undercover,PlayStation Plus,playstation-plus,Game Catalog,Extra/Premium,PS4,2017-04-04T04:00:00Z,false,77,15.4,24.5,48.4,https://image.api.playstation.com/vulcan/img/rnd/202111/2322/bKdcrwdYuMPisVDmHXQ6ZDVx.png,5248,LEGO City Undercover,UP1018-CUSA06549_00-LEGOCITYUNDERCOV,https://store.playstation.com/en-us/concept/224875
The Last of Us: Left Behind Stand Alone,PlayStation Plus,playstation-plus,Classics Catalog,Premium,PS4,2015-05-12T04:00:00Z,false,92,15.3,17.6,22.7,https://image.api.playstation.com/cdn/UP9000/CUSA00553_00/cD5AHZbykr8FnShuY359Q6EFimjSRmB3.png,9997,The Last of Us,UP9000-CUSA00553_00-THELASTOFUS00000,https://store.playstation.com/en-us/concept/228639
FINAL FANTASY,Xbox Game Pass,xbox-game-pass,Game Catalog,Ultimate/PC/Console,PC | Xbox,,,72,15.3,17.3,18.3,https://store-images.s-microsoft.com/image/apps.1297.14497225432838110.c9bc6313-59b0-4390-ab1e-e37d38dd231a.a3629331-43b4-4e38-8b8e-4edb20d76f93,3480,Final Fantasy,9P20JCF7BV93,
The Evil Within,Xbox Game Pass,xbox-game-pass,Game Catalog,Ultimate/PC/Console,PC | Xbox,,,75,15.3,20,40.5,https://store-images.s-microsoft.com/image/apps.49736.65523398993639028.2c280ccc-7f03-4d25-8060-07f62a42af2f.f6c60388-390b-428f-8206-af048885200c,9866,The Evil Within,C2M8HBNVPT1T,
PlateUp!,PlayStation Plus,playstation-plus,Game Catalog,Extra/Premium,PS4 | PS5,2024-02-15T05:00:00Z,true,77,15.2,31.9,71.8,https://image.api.playstation.com/vulcan/ap/rnd/202312/1503/5e741eb41252699cefd7fef206925f119715edd0213e1b00.png,112599,PlateUp!,UP5634-PPSA14231_00-0599385207460473,https://store.playstation.com/en-us/concept/10007566
PlateUp!,Xbox Game Pass,xbox-game-pass,Game Catalog,Ultimate/PC/Console,PC | Xbox,,,77,15.2,31.9,71.8,https://store-images.s-microsoft.com/image/apps.6386.14557765520174668.1718d940-8154-42aa-b7e5-83e812dac193.d16628c9-c059-4d00-8535-63d2cfe4a1a5,112599,PlateUp!,9P2HHT3VS7MP,
Everybody's Golf 2 (PS1),PlayStation Plus,playstation-plus,Classics Catalog,Premium,PS4 | PS5,2025-03-07T17:00:00Z,true,68,15.1,20.1,26.7,https://image.api.playstation.com/vulcan/ap/rnd/202210/2819/zhICkcpbtwSxinA5sFdo9MzW.png,4513,Hot Shots Golf 2,UP9000-PPSA06699_00-SCUS944760000000,https://store.playstation.com/en-us/concept/10004604
Psychonauts 2,Xbox Game Pass,xbox-game-pass,Game Catalog,Ultimate/PC/Console,PC | Xbox,,,86,15.1,19.6,26.5,https://store-images.s-microsoft.com/image/apps.17302.13578175979543723.424401c3-5602-4e35-abfc-c00f9156296a.e6d1e593-0006-4b73-886e-dd37b6626198,61442,Psychonauts 2,9NBR2VXT87SJ,
AO Tennis 2,PlayStation Plus,playstation-plus,Game Catalog,Extra/Premium,PS4,2020-02-11T05:00:00Z,false,65,15,22.4,91.7,https://image.api.playstation.com/vulcan/img/cfn/113077zKmM0_BTrHtajhtubzthq4LowiOJMy-swoapwB0r_w-hc8USTCCPNSCtAMOhfi62XdxEUQx-S4MbYfIEsv1Yo0m0y6.png,78347,AO Tennis 2,UP4008-CUSA17121_00-AO2SIEA000000000,https://store.playstation.com/en-us/concept/233432
Far Cry® Primal,PlayStation Plus,playstation-plus,Game Catalog | Ubisoft+ Classics,Extra/Premium,PS4,2016-02-23T05:00:00Z,false,72,15,23.6,36.5,https://image.api.playstation.com/cdn/UP0001/CUSA03352_00/p9lmc2zeJep3hCDkXOlrGjkeEEr8rOhB.png,31054,Far Cry Primal,UP0001-CUSA03352_00-PRIMALGAME000001,https://store.playstation.com/en-us/concept/201634
G-Police,PlayStation Plus,playstation-plus,Classics Catalog,Premium,PS4 | PS5,2024-05-21T15:00:00Z,true,61,15,,,https://image.api.playstation.com/vulcan/ap/rnd/202404/2317/9770c5764fa451640cadd999a61f44b7c91d5121bdbe9298.png,3775,G-Police,UP9000-PPSA15806_00-SLUS005440000000,https://store.playstation.com/en-us/concept/10008137
Lock's Quest,PlayStation Plus,playstation-plus,Classics Catalog,Premium,PS4,2017-05-30T04:00:00Z,false,70,15,15.1,16.3,https://image.api.playstation.com/cdn/UP4389/CUSA07389_00/MaZvaDzZiUgTd3dbt2Ast1XuUmruASmJ.png,5350,Lock's Quest,UP4389-CUSA07389_00-LOCKSQUESTUS0001,https://store.playstation.com/en-us/concept/227162
Oddworld: Abe's Exoddus (PS1 Emulation),PlayStation Plus,playstation-plus,Classics Catalog,Premium,PS4 | PS5,2024-06-14T04:00:00Z,true,81,15,15.3,15.9,https://image.api.playstation.com/vulcan/ap/rnd/202211/2910/zVogwDSZPHVNLS5Nn3yHujsP.png,6700,Oddworld: Abe's Exoddus,UP4134-PPSA07921_00-2212383801625379,https://store.playstation.com/en-us/concept/10005198
FAR CRY PRIMAL,Xbox Game Pass,xbox-game-pass,Game Catalog,Ultimate/PC/Console,PC | Xbox,,,72,15,23.6,36.5,https://store-images.s-microsoft.com/image/apps.25630.14079505688681780.9ec50825-311f-45ea-ad4f-9e9011ea0aaa.70f7c390-2be9-43c4-962a-55e15573039b,31054,Far Cry Primal,BV6BRSLFJW3W,
Pentiment,Xbox Game Pass,xbox-game-pass,Game Catalog,Ultimate/PC/Console,PC | Xbox,,,84,14.9,19.3,25.7,https://store-images.s-microsoft.com/image/apps.25502.14431229486160986.b3655366-4704-41dd-bb1b-0ea3f2425df6.c8722871-999c-4dac-8691-5a97e501dcec,109237,Pentiment,9NX6K9HN4F4K,
Vampire Survivors,Xbox Game Pass,xbox-game-pass,Game Catalog,Ultimate/PC/Console,PC | Xbox,,,82,14.9,28.1,52.6,https://store-images.s-microsoft.com/image/apps.60062.14160661575041057.92e444db-ebb1-4665-8e17-3322a7fae71d.e4e983fc-203e-4894-87ac-a7cd35993538,102750,Vampire Survivors,9PD5BM2Z8C4L,
Worms W.M.D,PlayStation Plus,playstation-plus,Game Catalog,Extra/Premium,PS4,2016-08-23T04:00:00Z,false,69,14.8,25.9,46.1,https://image.api.playstation.com/cdn/UP4064/CUSA04047_00/4DSoMZg1ZF1alUd1ewUiXmgmnQ3AGc5x.png,39481,Worms W.M.D,UP4064-CUSA04047_00-WORMSWMD00000000,https://store.playstation.com/en-us/concept/219617
Assassin's Creed III: Remastered,PlayStation Plus,playstation-plus,Game Catalog | Ubisoft+ Classics,Extra/Premium,PS4,2019-03-29T04:00:00Z,false,70,14.7,30.1,56.6,https://image.api.playstation.com/cdn/UP0001/CUSA11711_00/RG8gI6washJkOph8QGTweK5DJZe7WvnB.png,65940,Assassin's Creed III: Remastered,UP0001-CUSA11711_00-AC3GAMEPS4000001,https://store.playstation.com/en-us/concept/231856
Chernobylite Complete Edition,PlayStation Plus,playstation-plus,Game Catalog,Extra/Premium,PS5,2022-04-21T07:00:00Z,true,71,14.7,21.1,23.9,https://image.api.playstation.com/vulcan/ap/rnd/202407/2119/150d779c1b72ec85eeb0bc7ab32a58044f9b44d36e603260.png,66581,Chernobylite,UP5580-PPSA04747_00-CHERNOBYLPS5SIEA,https://store.playstation.com/en-us/concept/10002921
The Last Of Us™ Remastered,PlayStation Plus,playstation-plus,Classics Catalog,Premium,PS4,2014-07-22T01:00:00Z,false,91,14.7,18.6,33.6,https://image.api.playstation.com/vulcan/img/rnd/202011/1020/FKgazVvG7BcWouCr39mIiXkW.png,20221,The Last of Us Remastered,UP9000-CUSA00552_00-THELASTOFUS00000,https://store.playstation.com/en-us/concept/228638
Assassin's Creed® III Remastered,Xbox Game Pass,xbox-game-pass,Game Catalog,Ultimate/PC/Console,PC | Xbox,,,70,14.7,30.1,56.6,https://store-images.s-microsoft.com/image/apps.27404.68640107179785665.3ff3e830-efb8-42c5-aa55-9b33b3a8192c.c7016465-2019-4673-814b-674e4cce4a12,65940,Assassin's Creed III: Remastered,BPMJ413V6BB2,
F1® 24,Xbox Game Pass,xbox-game-pass,Game Catalog,Ultimate/PC/Console,PC | Xbox,,,79,14.7,27.3,59.2,https://store-images.s-microsoft.com/image/apps.16068.14309904834888333.ae73f2e0-1ce2-4244-89ea-266904a2c24f.40d4bf58-4f4a-4fcf-86a5-56497cdbafe9,146246,F1 24,9PLVVTDHS1P0,
MIO: Memories in Orbit,Xbox Game Pass,xbox-game-pass,Game Catalog,Ultimate/PC/Console,PC | Xbox,,,77,14.7,22.2,27.6,https://store-images.s-microsoft.com/image/apps.16507.13723335579611778.7eddaa57-cef9-4feb-a795-53abfb3c19e7.123c6f66-229a-45ce-8567-c74eb639c6cd,152380,MIO: Memories in Orbit,9NP86K57SQM3,
DOOM Eternal Standard Edition,PlayStation Plus,playstation-plus,Game Catalog,Extra/Premium,PS5 | PS4,2021-06-29T13:00:00Z,true,86,14.4,20.6,29.4,https://image.api.playstation.com/vulcan/ap/rnd/202010/0114/ERNPc4gFqeRDG1tYQIfOKQtM.png,57506,Doom Eternal,UP1003-PPSA01981_00-DOOMETERNALBUNDL,https://store.playstation.com/en-us/concept/232624
DOOM Eternal Standard Edition,Xbox Game Pass,xbox-game-pass,Game Catalog,Ultimate/PC/Console,PC | Xbox,,,86,14.4,20.6,29.4,https://store-images.s-microsoft.com/image/apps.447.14607483449828807.1bf8995c-7221-490e-a6d4-8718054337ce.45c5c13d-7a5c-4a3d-8b78-8db811dad69d,57506,Doom Eternal,9P5S26314HWQ,
Grounded 2 (Game Preview),Xbox Game Pass,xbox-game-pass,Game Catalog,Ultimate/PC/Console,PC | Xbox,,,76,14.4,27.8,37.9,https://store-images.s-microsoft.com/image/apps.38489.14609679373210979.beb28026-7f6b-4b1f-b526-43d0d04b269b.8145fbfb-2a62-47c8-8aac-a0582d8eaed7,169409,Grounded 2,9P77PG7DK0W2,
Trailmakers,Xbox Game Pass,xbox-game-pass,Game Catalog,Ultimate/PC/Console,PC | Xbox,,,71,14.4,29.1,62.3,https://store-images.s-microsoft.com/image/apps.36330.14364758607471359.5497a0ed-4b70-4e20-ac65-ae6509b7e4e7.2a0a6dcc-1da1-4b74-94b5-04d22d21d0ab,56055,Trailmakers,9NSFGM8J6MBJ,
Children of Morta,PlayStation Plus,playstation-plus,Game Catalog,Extra/Premium,PS4,2019-10-15T04:00:00Z,false,79,14.2,18.7,28.1,https://image.api.playstation.com/vulcan/img/cfn/11307Opvs3MLSa4aK-Vx1FtQjjM1e9FLuGZHST8x5pHchMv0U6nU92iMYlccjkXg3PaDHsQvniJmdj3VOE_C7tsrcSYm0JmD.png,22534,Children of Morta,UP4361-CUSA10862_00-CHILDRENOFMORTA0,https://store.playstation.com/en-us/concept/231069
Rise of the Tomb Raider: 20 Year Celebration,PlayStation Plus,playstation-plus,Game Catalog,Extra/Premium,PS4,2016-10-11T04:00:00Z,false,80,14.2,23.7,38.8,https://image.api.playstation.com/cdn/UP0082/CUSA05794_00/HzYMHoXoANNfVJ5BlxcTJ8bpCHCW3j8j.png,59820,Rise of the Tomb Raider: 20 Year Celebration,UP0082-CUSA05794_00-RISEOFTOMBRAIDER,https://store.playstation.com/en-us/concept/221750
DOOM: The Dark Ages,Xbox Game Pass,xbox-game-pass,Game Catalog,Ultimate/PC/Console,PC | Xbox,,,82,14.2,19.3,24.5,https://store-images.s-microsoft.com/image/apps.1369.14239344665439398.f72b7e9e-0a95-4e76-b1e3-8989c4d70e2e.b3c057a4-8d69-420d-8d02-9c28587dac55,151986,Doom: The Dark Ages,9PH9X0760B0T,
The Bard's Tale ARPG : Remastered and Resnarkled,Xbox Game Pass,xbox-game-pass,Game Catalog,Ultimate/PC/Console,PC | Xbox,,,69,14.2,18.9,28.3,https://store-images.s-microsoft.com/image/apps.44758.14351919773829236.17768c0e-ff0d-4fe7-86a5-a0cdd0bfe3a6.697c7bb1-b26f-4759-a90b-d2dbac5e5b2e,9772,The Bard's Tale,9PN3VDFTB5HZ,
Zoo Tycoon: Ultimate Animal Collection,Xbox Game Pass,xbox-game-pass,Game Catalog,Ultimate/PC/Console,PC | Xbox,,,63,14.2,18.1,78,https://store-images.s-microsoft.com/image/apps.62724.14226270511206590.448f16df-2989-4b0e-baf3-2fba454ba5a8.6ffe63bf-d2e2-488e-adc6-729cbabf0c34,52069,Zoo Tycoon: Ultimate Animal Collection,9PJ06TZX4NMH,
Another Crab’s Treasure,PlayStation Plus,playstation-plus,Game Catalog,Extra/Premium,PS5,2024-04-25T16:00:00Z,true,79,14.1,19.8,22.1,https://image.api.playstation.com/vulcan/ap/rnd/202401/0301/30aac0dabbd3e8a390d7b5a75bc558e7f593e09765034080.png,107701,Another Crab's Treasure,UP7131-PPSA20422_00-ANOTHERCRABS4US5,https://store.playstation.com/en-us/concept/10009923
Dead Cells (PS4® & PS5®),PlayStation Plus,playstation-plus,Game Catalog,Extra/Premium,PS4 | PS5,2023-06-29T17:00:00Z,true,82,14.1,32,90.7,https://image.api.playstation.com/cdn/UP4016/CUSA11253_00/ZB7o35lDBOMRJ5ErVtx9OUJP88jSmC2R.png,45727,Dead Cells,UP4016-PPSA15552_00-DEADCELLSPS5SIEA,https://store.playstation.com/en-us/concept/231053
Moonlighter,PlayStation Plus,playstation-plus,Game Catalog,Extra/Premium,PS4,2018-05-29T04:00:00Z,false,73,14.1,20.6,29.7,https://image.api.playstation.com/cdn/UP4361/CUSA10164_00/fE0mNp0f0r1TKB702S77IMzMLYgzuGEd.png,56787,Moonlighter,UP4361-CUSA10164_00-0000000000000001,https://store.playstation.com/en-us/concept/229817
Another Crab's Treasure,Xbox Game Pass,xbox-game-pass,Game Catalog,Ultimate/PC/Console,PC | Xbox,,,79,14.1,19.8,22.1,https://store-images.s-microsoft.com/image/apps.32404.14077481160620630.1db41d01-0b54-4154-a1e1-f00cf31fab40.8c7bfed3-d183-4a98-ac33-8d9bdf0fa83f,107701,Another Crab's Treasure,9P97ZTRTH25W,
Dead Cells,Xbox Game Pass,xbox-game-pass,Game Catalog,Ultimate/PC/Console,PC | Xbox,,,82,14.1,32,90.7,https://store-images.s-microsoft.com/image/apps.28912.68724117649475771.eac68952-84aa-42f0-875b-09de4c2ee208.a51fd163-42d0-487e-8d7a-30e7d71a9025,45727,Dead Cells,BQSCNS1T8PHQ,
Moonlighter,Xbox Game Pass,xbox-game-pass,Game Catalog,Ultimate/PC/Console,PC | Xbox,,,73,14.1,20.6,29.7,https://store-images.s-microsoft.com/image/apps.23038.14078999020725962.ddb83977-3b2d-4498-aa21-0a1bdeb1cddc.b1c79423-8a23-4943-804b-c5333d258492,56787,Moonlighter,9P8XJRLCLH2P,
CONTRA: ROGUE CORPS,PlayStation Plus,playstation-plus,Game Catalog,Extra/Premium,PS4,2019-09-24T04:00:00Z,false,42,13.8,15.5,82.3,https://image.api.playstation.com/vulcan/img/cfn/11307lAEWsodzwqLRKTnGpwVA19UH1-XLsFgaUMYKP_VUDq8w6gBMyUd4P3G6YbWqwezdjzFtsOZA8432VZaocrsb5gESksu.png,68277,Contra: Rogue Corps,UP0101-CUSA15024_00-CONTRAROGUECORPS,https://store.playstation.com/en-us/concept/234544
Police Simulator: Patrol Officers,PlayStation Plus,playstation-plus,Game Catalog,Extra/Premium,PS4 | PS5,2022-11-10T05:00:00Z,true,56,13.7,20.4,22.4,https://image.api.playstation.com/vulcan/ap/rnd/202207/0408/fe8jiL5pHOLyF8DbRrJXOlYE.png,96090,Police Simulator: Patrol Officers,UP2565-PPSA05830_00-6357358955359147,https://store.playstation.com/en-us/concept/10000663
Wizard with a Gun,PlayStation Plus,playstation-plus,Game Catalog,Extra/Premium,PS5,2023-10-17T16:00:00Z,true,63,13.7,19.7,26.9,https://image.api.playstation.com/vulcan/ap/rnd/202405/1318/134353dc3a941edb1087c2fa100e0df3c8918cd512abb16b.png,94912,Wizard with a Gun,UP3643-PPSA06416_00-7992194873723757,https://store.playstation.com/en-us/concept/10004448
Police Simulator: Patrol Officers,Xbox Game Pass,xbox-game-pass,Game Catalog,Ultimate/PC/Console,PC | Xbox,,,56,13.7,20.4,22.4,https://store-images.s-microsoft.com/image/apps.17215.14523320294659833.0e9cb134-00a8-4d23-9793-93834d8d61ef.369317a5-4d5d-4ffb-8f6a-0cb7e56fed25,96090,Police Simulator: Patrol Officers,9P0NPLQ9P1DB,
Trackmania Turbo,PlayStation Plus,playstation-plus,Game Catalog | Ubisoft+ Classics,Extra/Premium,PS4,2016-03-22T04:00:00Z,false,72,13.6,35.2,130,https://image.api.playstation.com/cdn/UP0001/CUSA03008_00/alPSBD6kuHJkBlVJ4qIs0FiBJRyZIkMY.png,35764,TrackMania Turbo,UP0001-CUSA03008_00-TRACKMANIA001000,https://store.playstation.com/en-us/concept/205023
Trackmania® Turbo,Xbox Game Pass,xbox-game-pass,Game Catalog,Ultimate/PC/Console,PC | Xbox,,,72,13.6,35.2,130,https://store-images.s-microsoft.com/image/apps.57658.66795167581690331.6243694a-51d8-4e47-a669-9f75a7a2ae49.da825781-b6ff-422d-aa37-a3421589752c,35764,TrackMania Turbo,C3SQQG5Q6Z64,
Tom Clancy’s Rainbow Six® Extraction PS4 & PS5,PlayStation Plus,playstation-plus,Game Catalog | Ubisoft+ Classics,Extra/Premium,PS4 | PS5,2022-01-20T05:00:00Z,true,65,13.5,47.5,61.2,https://image.api.playstation.com/vulcan/ap/rnd/202105/1919/TQPQtelumFuvM4njKGjgJHQP.png,68213,Tom Clancy's Rainbow Six Extraction,UP0001-PPSA01518_00-STANDARDEDITION0,https://store.playstation.com/en-us/concept/233592
Tom Clancy’s Rainbow Six® Extraction,Xbox Game Pass,xbox-game-pass,Game Catalog,Ultimate/PC/Console,PC | Xbox,,,65,13.5,47.5,61.2,https://store-images.s-microsoft.com/image/apps.12410.63231504676176196.fce3b959-5f54-4aad-a199-00e19cf052ba.c309e2ab-1f04-4a32-8afc-381df080bb57,68213,Tom Clancy's Rainbow Six Extraction,BXRB4ZH2GJHK,
Assetto Corsa Competizione,PlayStation Plus,playstation-plus,Game Catalog,Extra/Premium,PS4 | PS5,2022-02-22T17:00:00Z,true,78,13.4,99.3,336.3,https://image.api.playstation.com/vulcan/ap/rnd/202306/2922/42a58ec7aff10990d3af0c968e9223b9f3b0e1aa7c516ae8.png,61942,Assetto Corsa Competizione,UP4040-PPSA03847_00-ACCOMPPS50000000,https://store.playstation.com/en-us/concept/234902
Fable III,Xbox Game Pass,xbox-game-pass,Game Catalog,Ultimate/PC/Console,PC | Xbox,,,69,13.4,25.7,46.9,https://store-images.s-microsoft.com/image/apps.49206.68952782261614407.207517f2-cff8-4d40-84e1-b44139d6e70b.77a300c7-676b-4530-ae94-7438be18bd8e,3316,Fable III,BR46KM4D5B9L,
The Evil Within 2,PlayStation Plus,playstation-plus,Game Catalog,Extra/Premium,PS4,2017-10-13T04:00:00Z,false,80,13.3,18.5,28.2,https://image.api.playstation.com/vulcan/ap/rnd/202010/0100/iLBYSuHyeGG5CVXTkSm4MKTo.png,46568,The Evil Within 2,UP1003-CUSA06166_00-PRJGDN0000000000,https://store.playstation.com/en-us/concept/228861
Fable Anniversary,Xbox Game Pass,xbox-game-pass,Game Catalog,Ultimate/PC/Console,PC | Xbox,,,77,13.3,20.6,32.2,https://store-images.s-microsoft.com/image/apps.44376.66175927222580475.7f09fde8-a46b-4c45-8584-a5e3090f8190.12d67f03-4a2b-4967-982a-9980a185e1b1,16586,Fable Anniversary,C2Q32JM0BPZL,
The Evil Within® 2,Xbox Game Pass,xbox-game-pass,Game Catalog,Ultimate/PC/Console,PC | Xbox,,,80,13.3,18.5,28.2,https://store-images.s-microsoft.com/image/apps.54557.66902085872217864.df676289-5ef8-4c7c-8533-965928392024.79369858-479b-4542-991a-cfffd2af454b,46568,The Evil Within 2,C40860J5R2MP,
The Outer Worlds,Xbox Game Pass,xbox-game-pass,Game Catalog,Ultimate/PC/Console,PC | Xbox,,,76,13.3,26.6,40.6,https://store-images.s-microsoft.com/image/apps.41558.71127714305215144.dfbe21c8-4e10-4861-b737-47393066d41d.a5829bf5-54b9-4e0f-b7a3-3772539dd491,62935,The Outer Worlds,BVTKN6CQ8W5F,
Fable II,Xbox Game Pass,xbox-game-pass,Game Catalog,Ultimate/PC/Console,PC | Xbox,,,77,13.2,23.7,51.3,https://store-images.s-microsoft.com/image/apps.12706.66274487452813675.86971dec-0f03-42bb-b657-322859f064f4.5b8be489-c377-4439-a4a5-5564da9a165b,3314,Fable II,C2WKJJ9F5936,
House Flipper,Xbox Game Pass,xbox-game-pass,Game Catalog,Ultimate/PC/Console,PC | Xbox,,,71,13.2,27.8,48.6,https://store-images.s-microsoft.com/image/apps.46741.13518543789452586.33e180bb-4f0b-4a39-b1c8-cde6206c1eb3.63c679bb-4c3c-42c4-81bf-e3b3666a61b6,56524,House Flipper,9NBFGKQLMV33,
REMATCH,Xbox Game Pass,xbox-game-pass,Game Catalog,Ultimate/PC/Console,PC | Xbox,,,72,13.2,30.8,48.6,https://store-images.s-microsoft.com/image/apps.10507.14036668029170653.4554f7c2-4515-49d2-8ebb-f9d385d870e2.0252f76e-c2dd-4a4d-aa5d-51556a6baafd,160620,REMATCH,9N5K7HWXL4Q6,
Blood Omen 2: Legacy of Kain,PlayStation Plus,playstation-plus,Classics Catalog,Premium,PS4 | PS5,2024-11-19T17:00:00Z,true,63,13,14.4,14.6,https://image.api.playstation.com/vulcan/ap/rnd/202410/0917/202707f39692ac11f4e2ace638127e5991c24b801593669d.png,1183,Blood Omen 2: Legacy of Kain,UP8489-PPSA24268_00-0200966777747783,https://store.playstation.com/en-us/concept/10011646
Shadow of the Tomb Raider,PlayStation Plus,playstation-plus,Game Catalog,Extra/Premium,PS4,2018-09-14T04:00:00Z,false,77,13,26,42.6,https://image.api.playstation.com/cdn/UP0082/CUSA10938_00/yZNaslSOiVSXDwB5anYjFfU3x1AHBbPz.png,102192,Shadow of the Tomb Raider: Definitive Edition,UP0082-CUSA10938_00-SHADOWTOMBRAIDER,https://store.playstation.com/en-us/concept/231844
BlazBlue Entropy Effect X,Xbox Game Pass,xbox-game-pass,Game Catalog,Ultimate/PC/Console,PC | Xbox,,,79,13,22.5,58.1,https://store-images.s-microsoft.com/image/apps.61096.14044995170568579.c13577be-3cd6-4656-8a1f-1a197178694d.8425a7aa-58ec-4d66-9344-e936e173a50c,130138,Blazblue: Entropy Effect,9N8H4RRSRV2S,
Control,Xbox Game Pass,xbox-game-pass,Game Catalog,Ultimate/PC/Console,PC | Xbox,,,82,12.8,25.3,38.8,https://store-images.s-microsoft.com/image/apps.12883.64090029807136264.88ddb0db-cfad-423c-bb52-c5b649930fb1.d18863ca-36c5-49ab-9877-af99ddf348e5,82054,Control: Ultimate Edition,BZ6W9LRPC26W,
Control Ultimate Edition - Xbox Series X|S,Xbox Game Pass,xbox-game-pass,Game Catalog,Ultimate/PC/Console,PC | Xbox,,,82,12.8,25.3,38.8,https://store-images.s-microsoft.com/image/apps.34632.14595226950892239.a8daf266-2756-4f3f-9606-6b7b7cef7920.17860f0c-69ad-4188-8295-0f360ba2a294,82054,Control: Ultimate Edition,9P4D0K92BM7V,
Inscryption,Xbox Game Pass,xbox-game-pass,Game Catalog,Ultimate/PC/Console,PC | Xbox,,,86,12.8,15.6,30.6,https://store-images.s-microsoft.com/image/apps.61089.14084380653642072.5b7362f4-7943-463e-aa3b-fca7f77fd749.39b7be9b-bcbb-456e-8ace-fdf7b963ec5e,91622,Inscryption,9P8NSTDMZ11P,
Oddworld: Abe's Oddysee (PS1 Emulation),PlayStation Plus,playstation-plus,Classics Catalog,Premium,PS4 | PS5,2024-06-14T04:00:00Z,true,75,12.7,14.4,14.5,https://image.api.playstation.com/vulcan/ap/rnd/202205/1709/njvW2yDKDs2uUdtmj0MYzJU6.png,6701,Oddworld: Abe's Oddysee,UP4134-PPSA07919_00-1473768658870460,https://store.playstation.com/en-us/concept/10005197
Back to the Dawn,Xbox Game Pass,xbox-game-pass,Game Catalog,Ultimate/PC/Console,PC | Xbox,,,75,12.7,32.5,79.8,https://store-images.s-microsoft.com/image/apps.8108.14254385379777466.e15db0ce-790e-43a8-a09e-22a73a0d87f5.3593f92f-39db-478e-a920-ac27d5a51d88,130924,Back to the Dawn,9PKWJSJ4NWC7,
Lost in Random™,Xbox Game Pass,xbox-game-pass,Game Catalog,Ultimate/PC/Console,PC | Xbox,,,75,12.7,16.4,17.8,https://store-images.s-microsoft.com/image/apps.57092.14393276044279732.41dd1f17-b490-46da-821f-ee63792ed90a.860d6901-f703-4d9c-89d7-240528cd607a,71958,Lost in Random,9NVRJS95FLM9,
Dishonored 2,PlayStation Plus,playstation-plus,Game Catalog,Extra/Premium,PS4,2016-11-11T05:00:00Z,false,82,12.6,22.8,46.2,https://image.api.playstation.com/vulcan/ap/rnd/202009/2918/1UfdyQmXpeSdoFE104sNkLd4.png,26731,Dishonored 2,UP1003-CUSA03642_00-DISHONORED2NAMER,https://store.playstation.com/en-us/concept/201017
Dishonored 2,Xbox Game Pass,xbox-game-pass,Game Catalog,Ultimate/PC/Console,PC | Xbox,,,82,12.6,22.8,46.2,https://store-images.s-microsoft.com/image/apps.10911.70043444627144466.07c9aa2e-cabd-4198-941b-534a009f5e9b.cf528c6d-d4d8-4c06-ab21-dafe846ff6ac,26731,Dishonored 2,BSZM480TSWGP,
Blood Omen: Legacy of Kain,PlayStation Plus,playstation-plus,Classics Catalog,Premium,PS4 | PS5,2024-11-19T17:00:00Z,true,73,12.5,14.9,15.8,https://image.api.playstation.com/vulcan/ap/rnd/202410/0917/1fa9753e4b8d1a0a625faf46c2910a2c5a8d48603ffaa9cf.png,1184,Blood Omen: Legacy of Kain,UP8489-PPSA24270_00-0499283180274839,https://store.playstation.com/en-us/concept/10011076
EARTH DEFENSE FORCE:WORLD BROTHERS,PlayStation Plus,playstation-plus,Game Catalog,Extra/Premium,PS4,2021-05-27T04:00:00Z,false,71,12.5,14.7,,https://image.api.playstation.com/vulcan/img/rnd/202104/1408/plZlXWLWKatmzGvJXrFYAJsu.png,90547,Earth Defense Force: World Brothers,UP3177-CUSA24376_00-EDFWORLDBROTHER0,https://store.playstation.com/en-us/concept/10001019
The Walking Dead: The Complete First Season,Xbox Game Pass,xbox-game-pass,Game Catalog,Ultimate/PC/Console,PC | Xbox,,,87,12.5,14,14.6,https://store-images.s-microsoft.com/image/apps.64194.71901737879009236.c4798d79-4139-4e57-bb07-d252b6ca567c.10c48ea9-4aa3-4672-b9f7-ac8087d4526f,10250,The Walking Dead - A Telltale Games Series,BW6B077FCH11,
Cricket 24,PlayStation Plus,playstation-plus,Game Catalog,Extra/Premium,PS4 | PS5,2023-10-04T13:00:00Z,true,61,12.4,,60,https://image.api.playstation.com/vulcan/ap/rnd/202309/0813/81ab4b5e5fc8aeba84d3ce3fb7aeede9f00bbab93d9c9c60.png,138653,Cricket 24,UP6665-PPSA16343_00-C240000000000000,https://store.playstation.com/en-us/concept/10008264
Cricket 24,Xbox Game Pass,xbox-game-pass,Game Catalog,Ultimate/PC/Console,PC | Xbox,,,61,12.4,,60,https://store-images.s-microsoft.com/image/apps.40083.14321256981626354.2afb74cd-a673-4baa-9f08-c8891ca682c4.a54d7268-2925-4273-bedc-fdb1543ff22f,138653,Cricket 24,9PPN49GPNH5M,
Crime Scene Cleaner,Xbox Game Pass,xbox-game-pass,Game Catalog,Ultimate/PC/Console,PC | Xbox,,,80,12.3,13.8,17.6,https://store-images.s-microsoft.com/image/apps.32740.13641013102004887.bf107aae-94c4-457f-a84e-5bd21f71f809.80e7a185-2d8a-425a-909f-3f55bb00bdac,138513,Crime Scene Cleaner,9NGZ1M3N98P2,
Redfall,Xbox Game Pass,xbox-game-pass,Game Catalog,Ultimate/PC/Console,PC | Xbox,,,45,12.3,19.7,30.8,https://store-images.s-microsoft.com/image/apps.5939.14091188428798620.2f105d2c-1b7f-4fd0-b12e-5483087f47d1.57847b73-9461-4b45-b70e-8cb1e89da909,93950,Redfall,9P8JRMWRQP4H,
TUNIC,Xbox Game Pass,xbox-game-pass,Game Catalog,Ultimate/PC/Console,PC | Xbox,,,84,12.3,16.6,21.7,https://store-images.s-microsoft.com/image/apps.5223.13702044937897358.8701ab78-da18-4c36-8c1e-3d4e6dfd60c9.31c8ed6f-acf1-4cf2-9863-640fe319abc3,52546,Tunic,9NLRT31Z4RWM,
Destiny 2: Legacy Collection (2025),PlayStation Plus,playstation-plus,Game Catalog,Extra/Premium,PS4 | PS5,2025-07-15T17:00:00Z,false,71,12.2,44.6,193.7,https://image.api.playstation.com/vulcan/ap/rnd/202506/2417/c63bbb3ea806a218d762730735b519f7a83e04cb134d939c.png,43894,Destiny 2,UP0002-PPSA02409_00-D2Y8LEGACYBDL001,https://store.playstation.com/en-us/concept/221852
Dishonored® Definitive Edition,PlayStation Plus,playstation-plus,Classics Catalog,Premium,PS4,2015-08-25T04:00:00Z,false,84,12.2,22,46.9,https://image.api.playstation.com/vulcan/ap/rnd/202009/2915/QuZ0uTTjDv0mnib4OUffTNxI.png,22849,Dishonored: Definitive Edition,UP1003-CUSA02218_00-DISHONOREDGAMENA,https://store.playstation.com/en-us/concept/228538
Herc's Adventures,PlayStation Plus,playstation-plus,Classics Catalog,Premium,PS4 | PS5,2025-03-14T13:00:00Z,true,63,12.2,14.2,16.3,https://image.api.playstation.com/vulcan/ap/rnd/202305/1214/656d11f149b6ab11bd3edbc8141c93a5487af7b40f930da7.png,4407,Herc's Adventures,UP1082-PPSA14390_00-0215165814942140,https://store.playstation.com/en-us/concept/10007636
Tomb Raider: Anniversary PS4 & PS5,PlayStation Plus,playstation-plus,Classics Catalog,Premium,PS4 | PS5,2025-11-18T17:00:00Z,true,75,12.2,15.2,20.6,https://image.api.playstation.com/vulcan/ap/rnd/202509/1818/decbb09e70d03e7320919e661b457cc3438d96c7427b0ac6.png,10476,Tomb Raider: Anniversary,UP8489-PPSA27718_00-0618689374962365,https://store.playstation.com/en-us/concept/10013616
Dishonored® Definitive Edition,Xbox Game Pass,xbox-game-pass,Game Catalog,Ultimate/PC/Console,PC | Xbox,,,84,12.2,22,46.9,https://store-images.s-microsoft.com/image/apps.59694.65371894126242138.81c958b9-c96e-47c6-81fa-93c549ea1a80.2a213c60-376c-4924-add8-4429c6ef6357,22849,Dishonored: Definitive Edition,C299QVC2BSJF,
Firefighting Simulator - The Squad,Xbox Game Pass,xbox-game-pass,Game Catalog,Ultimate/PC/Console,PC | Xbox,,,58,12.2,18,32,https://store-images.s-microsoft.com/image/apps.36834.13574093128038227.7f017f9d-a7e7-46d3-ac09-ad5cece1a687.e9f79767-126c-43b3-8f1b-8f1a1a8f91f4,85410,Firefighting Simulator - The Squad,9NBZ7Z3JRXQ8,
ReCore,Xbox Game Pass,xbox-game-pass,Game Catalog,Ultimate/PC/Console,PC | Xbox,,,62,12.2,18.4,36.3,https://store-images.s-microsoft.com/image/apps.34726.13510798886186651.76cfa366-2ebc-44ea-984f-6bf954e4c742.3a35291d-d9c2-451a-ab83-e043aba71471,26789,ReCore,9NBLGGH1Z6FQ,
Back 4 Blood: Standard Edition PS4 & PS5,PlayStation Plus,playstation-plus,Game Catalog,Extra/Premium,PS4 | PS5,2021-10-12T04:00:00Z,true,64,12.1,23.4,98.9,https://image.api.playstation.com/vulcan/ap/rnd/202011/1900/sSZEg1DFAUrfWsA7ltLwpCdu.png,67709,Back 4 Blood,UP1018-PPSA01695_00-BACK4BLOOD000000,https://store.playstation.com/en-us/concept/233064
Clash: Artifacts of Chaos,PlayStation Plus,playstation-plus,Game Catalog,Extra/Premium,PS4 | PS5,2023-03-06T00:00:00Z,true,74,12.1,19.7,20.7,https://image.api.playstation.com/vulcan/ap/rnd/202301/0510/bKgCdDnqryZi1HUeYIWmIhXO.png,123683,Clash: Artifacts of Chaos,UP6665-PPSA05058_00-CLASH00000000000,https://store.playstation.com/en-us/concept/10003423
Detroit: Become Human,PlayStation Plus,playstation-plus,Game Catalog,Extra/Premium,PS4,2018-05-25T04:00:00Z,false,84,12.1,15.7,32.1,https://image.api.playstation.com/vulcan/img/rnd/202010/2119/wl4DB5QGzlEHAXy1KLUVgOAu.png,31388,Detroit: Become Human,UP9000-CUSA08344_00-DETROIT000000001,https://store.playstation.com/en-us/concept/222727
No More Heroes 3,PlayStation Plus,playstation-plus,Game Catalog,Extra/Premium,PS4 | PS5,2022-10-11T04:00:00Z,true,75,12.1,16.5,28.4,https://image.api.playstation.com/vulcan/ap/rnd/202208/2503/pFU5XtBqeij3EwpBYJEZbcKd.png,68278,No More Heroes III,UP1023-PPSA07576_00-NOMOREHEROES3002,https://store.playstation.com/en-us/concept/10004267
Dead Space,Xbox Game Pass,xbox-game-pass,Game Catalog,Ultimate/PC/Console,PC | Xbox,,,84,12.1,16.1,29.6,https://store-images.s-microsoft.com/image/apps.48189.13710698285394664.b69d40fa-3b9c-47c8-b252-b52cae59523c.cc9856d8-7a26-4f3c-b994-e655551b56bf,95927,Dead Space,9NLB6V0GNC9P,
Dead Space (2008),Xbox Game Pass,xbox-game-pass,Game Catalog,Ultimate/PC/Console,PC | Xbox,,,84,12.1,16.1,29.6,https://store-images.s-microsoft.com/image/apps.9607.69768431406041041.e1386476-b377-413b-9457-1f5559dbb168.345050eb-2861-4fc1-9bdb-e7dcc7965eea,95927,Dead Space,BRJLJ6RPLQTJ,
DOOM II (Classic),PlayStation Plus,playstation-plus,Classics Catalog,Premium,PS4,2019-07-26T04:00:00Z,false,82,12,24.1,40.1,https://image.api.playstation.com/vulcan/ap/rnd/202009/2803/S9Z0fsfLFoB8Bk2l3ApdQZ4g.png,155106,DOOM + DOOM II,UP1003-CUSA15595_00-DOOMTWO199400000,https://store.playstation.com/en-us/concept/233883
Grand Ages: Medieval,PlayStation Plus,playstation-plus,Game Catalog,Extra/Premium,PS4,2015-10-13T04:00:00Z,false,70,12,14.1,27.6,https://image.api.playstation.com/cdn/UP2060/CUSA03182_00/X8fKBdmYigqBoZ7tmwpkGiBelItrbUtK.png,30526,Grand Ages: Medieval,UP2060-CUSA03182_00-GRNDAGESMEDIEVAL,https://store.playstation.com/en-us/concept/201954
Legacy of Kain: Defiance PS4 & PS5,PlayStation Plus,playstation-plus,Classics Catalog,Premium,PS4 | PS5,2025-09-16T16:00:00Z,true,76,12,14.2,17.9,https://image.api.playstation.com/vulcan/ap/rnd/202508/1119/96af4544b2580e403cd8b6c3c85b07251f46e9297927294e.png,5214,Legacy of Kain: Defiance,UP8489-PPSA26226_00-0299040093699655,https://store.playstation.com/en-us/concept/10012698
LEGO® Worlds,PlayStation Plus,playstation-plus,Game Catalog,Extra/Premium,PS4,2017-03-07T05:00:00Z,false,59,12,27.3,36.3,https://image.api.playstation.com/vulcan/img/rnd/202111/2918/u415Cy04VbOwHpyg6xtmbfaD.png,26570,LEGO Worlds,UP1018-CUSA02985_00-LEGOWORLDS000001,https://store.playstation.com/en-us/concept/202508
STEEP,PlayStation Plus,playstation-plus,Game Catalog | Ubisoft+ Classics,Extra/Premium,PS4,2016-12-02T05:00:00Z,false,70,12,24.3,38.1,https://image.api.playstation.com/cdn/UP0001/CUSA05489_00/53GCPGBH6JqsXAVQkhfbpD7Fs9oPcfEH.png,38010,Steep,UP0001-CUSA05489_00-STEEPSCEA0000000,https://store.playstation.com/en-us/concept/221765
DOOM + DOOM II,Xbox Game Pass,xbox-game-pass,Game Catalog,Ultimate/PC/Console,PC | Xbox,,,82,12,24.1,40.1,https://store-images.s-microsoft.com/image/apps.65308.14594598903877048.bbb5dc7a-5386-4439-89d6-a5136ac0725b.eea5c189-9a6c-4a48-bb66-6965091e5968,155106,DOOM + DOOM II,9P46M5JQ2PTF,
Ori and the Will of the Wisps,Xbox Game Pass,xbox-game-pass,Game Catalog,Ultimate/PC/Console,PC | Xbox,,,89,12,15.6,18.3,https://store-images.s-microsoft.com/image/apps.37519.14047496556148589.9fda5cef-7995-4dbb-a626-66d2ab3feb4f.c81b9aaa-f139-44ac-b9ca-0aa0dd0cbffb,46428,Ori and the Will of the Wisps,9N8CD0XZKLP4,
Psychonauts,Xbox Game Pass,xbox-game-pass,Game Catalog,Ultimate/PC/Console,PC | Xbox,,,82,12,15.3,21.6,https://store-images.s-microsoft.com/image/apps.18666.67203256484290113.fa47f972-08bc-4a6e-a86b-1114b30416e6.4bca37aa-490d-47c6-9385-dd7618a5c6eb,7372,Psychonauts,C5HHPG1TXDNG,
STEEP,Xbox Game Pass,xbox-game-pass,Game Catalog,Ultimate/PC/Console,PC | Xbox,,,70,12,24.3,38.1,https://store-images.s-microsoft.com/image/apps.22662.66413836855496638.93b02bdd-ae92-406f-bbed-442e800bb4ce.798cfea3-fe20-4ba4-aece-1b23700792d0,38010,Steep,C350VBGGCL6P,
Captain Tsubasa: Rise of New Champions,PlayStation Plus,playstation-plus,Game Catalog,Extra/Premium,PS4,2020-08-28T04:00:00Z,false,69,11.9,22.4,51.5,https://image.api.playstation.com/vulcan/ap/rnd/202007/0208/l1JkNQ9xmY9sYRV8Dl0hwc0e.png,78271,Captain Tsubasa: Rise of New Champions,UP0700-CUSA14889_00-TSUBASAMAINGAME0,https://store.playstation.com/en-us/concept/233219
CONSCRIPT,PlayStation Plus,playstation-plus,Game Catalog,Extra/Premium,PS4 | PS5,2024-07-23T04:00:00Z,true,81,11.9,16.4,24.7,https://image.api.playstation.com/vulcan/ap/rnd/202405/2010/e0a5d7a111689a405c31627d2a88e098bff5be7d1b2547f7.png,85042,Conscript,UP4064-PPSA21130_00-CONSCRIPT0000000,https://store.playstation.com/en-us/concept/10010232
Crime Boss: Rockay City,PlayStation Plus,playstation-plus,Game Catalog,Extra/Premium,PS5,2023-06-15T15:00:00Z,true,59,11.9,19.1,53.3,https://image.api.playstation.com/vulcan/ap/rnd/202405/2110/19bed77029988cd50c040aaad79f8f56ab0f02f448b8aa09.png,118228,Crime Boss: Rockay City,UP4040-PPSA06381_00-UPSIEACAREXBEARX,https://store.playstation.com/en-us/concept/10004424
FIA European Truck Racing Championship,PlayStation Plus,playstation-plus,Game Catalog,Extra/Premium,PS4,2019-09-05T04:00:00Z,false,56,11.9,17.6,18.4,https://image.api.playstation.com/vulcan/img/cfn/11307MQWdI2KkBx90wgr667JM4E7ErAGQvwKHZeSUeN0hXRsO7mKjytzj1AyMVsLgb8xWKZWH2EG7OhZLP4J89Hb92oeN96v.png,77990,FIA European Truck Racing Championship,UP4008-CUSA14872_00-TRCSIEA000000000,https://store.playstation.com/en-us/concept/233081
For The King,PlayStation Plus,playstation-plus,Game Catalog,Extra/Premium,PS4,2019-05-07T00:00:00Z,false,72,11.9,34.4,77.2,https://image.api.playstation.com/cdn/UP4395/CUSA12956_00/sfRB3La4Ip4NF8oXJ6Nql0nnnUZ2AD3H.png,45024,For The King,UP4395-CUSA12956_00-FORTHEKING000001,https://store.playstation.com/en-us/concept/232512
Granblue Fantasy Versus: Rising Standard Edition,PlayStation Plus,playstation-plus,Game Catalog,Extra/Premium,PS4 | PS5,2023-12-14T05:00:00Z,true,79,11.9,15.4,,https://image.api.playstation.com/vulcan/ap/rnd/202310/2405/6fb52d6e5d2d98748dfc2443848532457c7db13925333533.png,129687,Granblue Fantasy Versus: Rising,UP5460-PPSA16602_00-GBVSRSTD00000001,https://store.playstation.com/en-us/concept/10007911
The Last Guardian,PlayStation Plus,playstation-plus,Game Catalog,Extra/Premium,PS4,2016-12-06T05:00:00Z,false,76,11.9,13.1,26.2,https://image.api.playstation.com/vulcan/img/rnd/202010/2318/3jnbbEumNaIlpdlyrq7pQUXe.png,9995,The Last Guardian,UP9000-CUSA03627_00-LASTGUARDIANUS00,https://store.playstation.com/en-us/concept/204826
RoboCop: Rogue City,Xbox Game Pass,xbox-game-pass,Game Catalog,Ultimate/PC/Console,PC | Xbox,,,75,11.9,15.3,16.9,https://store-images.s-microsoft.com/image/apps.21215.14264121933111165.18ce11d9-27ff-4812-97a9-53625c3634eb.487b9611-9f35-4b02-a3f0-05b546dd0fbd,110262,RoboCop: Rogue City,9PKF2LDFPXTN,
Five Nights at Freddy's: Help Wanted,PlayStation Plus,playstation-plus,Game Catalog,Extra/Premium,PS4,2019-05-28T04:00:00Z,false,77,11.8,11.8,16.3,https://image.api.playstation.com/cdn/UP0638/CUSA15930_00/wMD21HRlZLFIPRQd4pqkIwHGJ2Broq41.png,67410,Five Nights at Freddy's: Help Wanted,UP0638-CUSA15930_00-FNAFVRHELPWANTED,https://store.playstation.com/en-us/concept/234277
Five Nights at Freddy's: Help Wanted - Full Time Edition,PlayStation Plus,playstation-plus,Game Catalog,Extra/Premium,PS5,2023-11-21T17:00:00Z,true,77,11.8,11.8,16.3,https://image.api.playstation.com/vulcan/ap/rnd/202311/1419/926257e09a1008437999159582acf05ae1a129401fe817d9.png,67410,Five Nights at Freddy's: Help Wanted,UP0638-PPSA18328_00-0008371569751518,https://store.playstation.com/en-us/concept/234277
HUMANITY,PlayStation Plus,playstation-plus,Game Catalog,Extra/Premium,PS4 | PS5,2023-05-16T14:00:00Z,true,80,11.8,16.2,17.7,https://image.api.playstation.com/vulcan/ap/rnd/202212/1423/ceiwbi2grLMGYXWlZCduDvuI.png,78314,Humanity,UP0751-CUSA14150_00-HUMANITYGAME0000,https://store.playstation.com/en-us/concept/233011
Jak 3,PlayStation Plus,playstation-plus,Classics Catalog,Premium,PS4,2017-11-28T05:00:00Z,false,78,11.8,14.3,18.7,https://image.api.playstation.com/cdn/UP9000/CUSA07841_00/IssQbcmeqZ4HTYoQQmwySTmw2UXf9ZJF.png,4797,Jak 3,UP9000-CUSA07841_00-SCUS973300000001,https://store.playstation.com/en-us/concept/202184
Dropship: United Peace Force,PlayStation Plus,playstation-plus,Classics Catalog,Premium,PS4 | PS5,2025-02-18T17:00:00Z,true,48,11.7,,19.1,https://image.api.playstation.com/vulcan/ap/rnd/202501/3118/924575a78aa1eda908637425c64343a43cfe93be5b77f04f.png,21947,Dropship: United Peace Force,UP9000-PPSA23797_00-SLUS204630000000,https://store.playstation.com/en-us/concept/10011397
ZOMBI,PlayStation Plus,playstation-plus,Game Catalog | Ubisoft+ Classics,Extra/Premium,PS4,2015-08-18T00:00:00Z,false,67,11.7,14.8,20.7,https://image.api.playstation.com/cdn/UP0001/CUSA01886_00/nxNvaH7tx8E8ql91J0TP1etKqWUbVzxk.png,11583,Zombi,UP0001-CUSA01886_00-ZUNEXTPS4PORT001,https://store.playstation.com/en-us/concept/205514
Zombie Army 4: Dead War,PlayStation Plus,playstation-plus,Game Catalog,Extra/Premium,PS4,2020-02-04T05:00:00Z,false,71,11.7,18.5,55.5,https://image.api.playstation.com/vulcan/img/cfn/113078WW5dc2q094F9WZfTVTLY1jjR7PsFwhOqi9g7pxLCN4of8pxlq-X7gKL2NJDEy-CFXUMeboQL1zE0CHoSArZTM8vlmQ.png,74558,Zombie Army 4: Dead War,UP4363-CUSA12583_00-ZOMBIEARMY400000,https://store.playstation.com/en-us/concept/232371
Banjo-Kazooie,Xbox Game Pass,xbox-game-pass,Game Catalog,Ultimate/PC/Console,PC | Xbox,,,85,11.7,14.1,14.6,https://store-images.s-microsoft.com/image/apps.58897.70306648669442933.0ad02883-9547-43ed-a595-2a807684ce15.fa8d898f-1097-46fa-b35d-22ceefda2a7a,834,Banjo-Kazooie,BSJG7TTSWVJ2,
ZOMBI,Xbox Game Pass,xbox-game-pass,Game Catalog,Ultimate/PC/Console,PC | Xbox,,,67,11.7,14.8,20.7,https://store-images.s-microsoft.com/image/apps.57528.68822110586088769.01809b29-a049-4674-9458-ee60f902269d.cecb7b86-070b-4ae0-a863-04086d5f1622,11583,Zombi,BR03N9C6Z9G6,
Zombie Army 4: Dead War,Xbox Game Pass,xbox-game-pass,Game Catalog,Ultimate/PC/Console,PC | Xbox,,,71,11.7,18.5,55.5,https://store-images.s-microsoft.com/image/apps.15083.14307155302772688.6d2bb19d-e8cc-4826-bd21-920020654895.22cfc234-258a-4edf-b871-db3c9e4a7127,74558,Zombie Army 4: Dead War,9PLSCHRN5715,
DOOM,PlayStation Plus,playstation-plus,Game Catalog,Extra/Premium,PS4,2016-05-13T04:00:00Z,false,84,11.6,16.4,27.1,https://image.api.playstation.com/vulcan/ap/rnd/202009/2814/GGyEnCkIXoyiVlN9sRHkzUPo.png,2708,Doom,UP1003-CUSA02085_00-DOOMNORTHAMERICA,https://store.playstation.com/en-us/concept/201101
DOOM (1993),PlayStation Plus,playstation-plus,Classics Catalog,Premium,PS4,2019-07-26T04:00:00Z,false,84,11.6,16.4,27.1,https://image.api.playstation.com/vulcan/ap/rnd/202009/2406/m3Ko6r12QZBY6n9JfyfsyXTn.png,2708,Doom,UP1003-CUSA15594_00-DOOM199300000000,https://store.playstation.com/en-us/concept/233884
Overcooked! All You Can Eat,PlayStation Plus,playstation-plus,Game Catalog,Extra/Premium,PS4 | PS5,2020-11-12T05:00:00Z,true,82,11.6,26.1,28,https://image.api.playstation.com/vulcan/img/rnd/202011/2700/hKBAhyUmI0fv5JrDxITp5rRJ.png,89610,Overcooked! All You Can Eat,UP4064-PPSA01529_00-4759077947287005,https://store.playstation.com/en-us/concept/10000899
Shadowrun Returns,PlayStation Plus,playstation-plus,Game Catalog,Extra/Premium,PS4 | PS5,2022-06-21T16:00:00Z,true,73,11.6,14.4,17.7,https://image.api.playstation.com/vulcan/ap/rnd/202203/1708/knBij8Oq7vTNesu6u5uHGrOg.png,8367,Shadowrun Returns,UP4139-PPSA04121_00-SHADOWRUNRETNA01,https://store.playstation.com/en-us/concept/10002084
Call of the Wild: The Angler™,Xbox Game Pass,xbox-game-pass,Game Catalog,Ultimate/PC/Console,PC | Xbox,,,61,11.6,20,40,https://store-images.s-microsoft.com/image/apps.40298.13546622578028181.ca6f2004-2229-49ec-83ec-b4fad4124702.4d161737-5ec7-42cb-bd11-7b026650fc46,109596,Call of the Wild: The Angler,9NDC5LJS839S,
DOOM,Xbox Game Pass,xbox-game-pass,Game Catalog,Ultimate/PC/Console,PC | Xbox,,,84,11.6,16.4,27.1,https://store-images.s-microsoft.com/image/apps.9537.66773763610413114.5c7115ed-b566-4d24-80ce-7027cb5b7c3e.26ccbdb5-174d-4f5d-8e51-9fbb56b09362,2708,Doom,C3QH42WRGM3R,
NINJA GAIDEN 4 Standard Edition,Xbox Game Pass,xbox-game-pass,Game Catalog,Ultimate/PC/Console,PC | Xbox,,,79,11.6,16.1,38.6,https://store-images.s-microsoft.com/image/apps.2549.14524843898704391.85a1bf00-ba10-44d9-90b4-d20f9cb73fb6.f4e125f5-8765-4687-842d-a57f54b03fec,162523,Ninja Gaiden 4,9N7358JZPX1Z,
Shadowrun Returns,Xbox Game Pass,xbox-game-pass,Game Catalog,Ultimate/PC/Console,PC | Xbox,,,73,11.6,14.4,17.7,https://store-images.s-microsoft.com/image/apps.55573.14009816262451240.3e3808e2-1e94-4457-b77b-8450027fa25a.12a5baa8-dec7-4fe0-ba05-3b068d35b733,8367,Shadowrun Returns,9N6PHQ93Z451,
ANNO: Mutationem Collector's Edition PS4 & PS5,PlayStation Plus,playstation-plus,Game Catalog,Extra/Premium,PS4 | PS5,2022-03-17T02:00:00Z,true,70,11.4,14.8,18.3,https://image.api.playstation.com/vulcan/ap/rnd/202202/2106/3XOGa9Qt5aUm9UYK879dm72E.png,81835,ANNO: Mutationem,UP6305-PPSA05925_00-7779893283764094,https://store.playstation.com/en-us/concept/10001119
Wolfenstein: The New Order,PlayStation Plus,playstation-plus,Game Catalog,Extra/Premium,PS4,2014-05-20T04:00:00Z,false,79,11.4,15.3,24.4,https://image.api.playstation.com/vulcan/ap/rnd/202009/3004/ZKYzTfaw4UrsLLt6VjYGwh5r.png,16886,Wolfenstein: The New Order,UP1003-CUSA00314_00-WOLFENSTEIN00001,https://store.playstation.com/en-us/concept/205292
ANNO : Mutationem,Xbox Game Pass,xbox-game-pass,Game Catalog,Ultimate/PC/Console,PC | Xbox,,,70,11.4,14.8,18.3,https://store-images.s-microsoft.com/image/apps.17257.14297915627755596.63bda613-b706-49f5-b411-63eac88ab8f8.90d7d86c-d6f9-4a05-b1df-b301a961eb5e,81835,ANNO: Mutationem,9PMHGHXLGLJM,
Frostpunk 2,Xbox Game Pass,xbox-game-pass,Game Catalog,Ultimate/PC/Console,PC | Xbox,,,76,11.4,21.2,65.7,https://store-images.s-microsoft.com/image/apps.16581.13923668312910701.01edfea1-db44-49e5-8fd9-8f546040b4b7.9388c62a-519b-43c5-9298-4c3ced46afae,96821,Frostpunk 2,9N0KN24FWP6B,
Halls of Torment,Xbox Game Pass,xbox-game-pass,Game Catalog,Ultimate/PC/Console,PC | Xbox,,,78,11.4,27.7,65.6,https://store-images.s-microsoft.com/image/apps.64177.13945805245546121.f6dfab60-ee0a-4b20-b702-c24f420913e6.6e574c10-0118-4701-b827-bac4892bae63,125603,Halls of Torment,9NMNMS626R59,
High On Life 2,Xbox Game Pass,xbox-game-pass,Game Catalog,Ultimate/PC/Console,PC | Xbox,,,75,11.4,15.8,28.7,https://store-images.s-microsoft.com/image/apps.15250.13600359535610445.83a29ac7-f121-4e17-8768-bd1631b536e6.d6843dee-b8f7-439b-9db4-01d0facefdee,169405,High On Life 2,9NF6XPSBTTGB,
Wolfenstein: The New Order,Xbox Game Pass,xbox-game-pass,Game Catalog,Ultimate/PC/Console,PC | Xbox,,,79,11.4,15.3,24.4,https://store-images.s-microsoft.com/image/apps.5170.70764866595776237.49bcb933-4bfd-4b64-a764-f2ef10fde8d5.a78a2b99-81e7-4ed0-8d98-c1f2dc453506,16886,Wolfenstein: The New Order,BT9FFLG51VVG,
EARTH DEFENSE FORCE:IRON RAIN,PlayStation Plus,playstation-plus,Game Catalog,Extra/Premium,PS4,2019-04-11T04:00:00Z,false,68,11.3,15.8,22,https://image.api.playstation.com/cdn/UP3177/CUSA13283_00/zIYKEyZDYF7SkSQJms2fNN4P2Ojpd3cH.png,61321,Earth Defense Force: Iron Rain,UP3177-CUSA13283_00-EDFIRONRAIN00000,https://store.playstation.com/en-us/concept/232625
Far Cry New Dawn,PlayStation Plus,playstation-plus,Game Catalog | Ubisoft+ Classics,Extra/Premium,PS4,2019-02-15T05:00:00Z,false,66,11.3,18.2,28.9,https://image.api.playstation.com/cdn/UP0001/CUSA13917_00/s2paV3Q5VGXYcup1gmnVzD0rmGWMeyfd.png,64996,Far Cry New Dawn,UP0001-CUSA13917_00-FARCRYBOWMORE000,https://store.playstation.com/en-us/concept/232910
Tomb Raider: Definitive Edition,PlayStation Plus,playstation-plus,Game Catalog,Extra/Premium,PS4,2014-01-18T00:00:00Z,false,81,11.3,15.5,20.9,https://image.api.playstation.com/cdn/UP0082/CUSA00107_00/jT7kkwSWEinafnaYWMZoReRr4LlmYmym.png,10469,Tomb Raider,UP0082-CUSA00107_00-000000TOMBRAIDER,https://store.playstation.com/en-us/concept/212740
Far Cry® New Dawn,Xbox Game Pass,xbox-game-pass,Game Catalog,Ultimate/PC/Console,PC | Xbox,,,66,11.3,18.2,28.9,https://store-images.s-microsoft.com/image/apps.42887.64841033704503268.bc0de57e-6dcd-40b5-b35e-f9f46b4ec1ae.b53b297e-d616-4bc2-a30f-cabe15b77391,64996,Far Cry New Dawn,C1DDW4PRF6K5,
Gears 5 Game of the Year Edition,Xbox Game Pass,xbox-game-pass,Game Catalog,Ultimate/PC/Console,PC | Xbox,,,77,11.3,15.7,19.6,https://store-images.s-microsoft.com/image/apps.9672.14591801423393397.e1044226-28d7-42f6-a357-7102f7d1a4b3.5554c17b-3189-46a1-93fb-2005d1d08e7e,57422,Gears 5,9P4KMR76PLLQ,
Ghostwire: Tokyo,Xbox Game Pass,xbox-game-pass,Game Catalog,Ultimate/PC/Console,PC | Xbox,,,73,11.3,22.8,42,https://store-images.s-microsoft.com/image/apps.17401.14258547668150351.c20c8953-e19e-40f6-8081-ab904c694484.4265c5ba-ab6a-4b8f-b7ad-c190b0da7603,68156,Ghostwire: Tokyo,9PKP39CL0C8D,
Halo Infinite,Xbox Game Pass,xbox-game-pass,Game Catalog,Ultimate/PC/Console,PC | Xbox,,,75,11.3,19.5,29.1,https://store-images.s-microsoft.com/image/apps.30769.13727851868390641.270e98c5-0c6a-4ce0-81ab-e78c700bf4b5.092f9454-fee6-43b1-94e3-802dd0067d8b,57454,Halo Infinite,9NP1P1WFS0LB,
skate. (2007),Xbox Game Pass,xbox-game-pass,Game Catalog,Ultimate/PC/Console,PC | Xbox,,,65,11.3,37,72.1,https://store-images.s-microsoft.com/image/apps.56436.66765638016841945.44eb6927-d62a-4346-a97d-4d1d0881b107.ac9661f7-1e16-4df1-bf81-119631e97f8b,114694,skate.,C3QWNCV55VLL,
Child of Light™,PlayStation Plus,playstation-plus,Game Catalog | Ubisoft+ Classics,Extra/Premium,PS4,2014-04-29T04:00:00Z,false,78,11.2,13.5,15.4,https://image.api.playstation.com/cdn/UP0001/CUSA00339_00/O3Q4ccu7xZsW5tlkfzPsXa0rCvO9Etpt.png,17012,Child of Light,UP0001-CUSA00339_00-CHILDOFLIGHT0001,https://store.playstation.com/en-us/concept/200740
This War of Mine: Final Cut,PlayStation Plus,playstation-plus,Game Catalog,Extra/Premium,PS5,2022-05-10T00:00:00Z,true,77,11.2,20.2,41.4,https://image.api.playstation.com/vulcan/ap/rnd/202203/2909/qf5JTJhYS3DYU1kybfmHkz6f.png,22658,This War of Mine,UP4361-PPSA05103_00-TWOMFINALCUT0001,https://store.playstation.com/en-us/concept/10003699
Child of Light,Xbox Game Pass,xbox-game-pass,Game Catalog,Ultimate/PC/Console,PC | Xbox,,,78,11.2,13.5,15.4,https://store-images.s-microsoft.com/image/apps.51134.69016865837780293.9b6820fe-f7d4-4de3-9591-ae50b5b3401a.a2877e5c-ceaa-4cf6-8794-d4acad18157e,17012,Child of Light,BQ9Q620NC614,
Hi-Fi RUSH,Xbox Game Pass,xbox-game-pass,Game Catalog,Ultimate/PC/Console,PC | Xbox,,,86,11.2,14.1,59.9,https://store-images.s-microsoft.com/image/apps.40606.13592675470908447.79efa8be-9602-4911-867c-3b27d26ad414.de6abfbb-a945-4397-981e-fd70713911f7,122891,Hi-Fi Rush,9NFTC552K3GJ,
Lost Records: Bloom & Rage,Xbox Game Pass,xbox-game-pass,Game Catalog,Ultimate/PC/Console,PC | Xbox,,,71,11.2,13.3,17.1,https://store-images.s-microsoft.com/image/apps.13968.13933652051346116.c13bbe67-324e-411f-a97e-18de58664521.1bff10ae-7b34-4730-afc4-f62705e4bf54,141844,Lost Records: Bloom & Rage,9N3F1LW9HC6C,
Neon Abyss,Xbox Game Pass,xbox-game-pass,Game Catalog,Ultimate/PC/Console,PC | Xbox,,,70,11.2,33.6,87.3,https://store-images.s-microsoft.com/image/apps.19663.13568911399767367.40f48bf2-3e0d-4d5e-82ae-91d8c14bd585.9cb6c1ed-b253-40ec-b2eb-6193fc894c41,77366,Neon Abyss,9NC781DK18GN,
Echoes of the End: Enhanced Edition,PlayStation Plus,playstation-plus,Game Catalog,Extra/Premium,PS5,2025-08-12T15:00:00Z,true,64,11.1,13.7,16.8,https://image.api.playstation.com/vulcan/ap/rnd/202510/2815/700a1331c6df2182e0e42ff907b749c4fd6975570a90e874.png,111173,Echoes of the End,EP4062-PPSA25636_00-ECHOESOFTHEEND25,https://store.playstation.com/en-us/concept/10012310
RAGE,Xbox Game Pass,xbox-game-pass,Game Catalog,Ultimate/PC/Console,PC | Xbox,,,69,11.1,15.5,23.6,https://store-images.s-microsoft.com/image/apps.51318.68925464159691452.a2903bed-8f56-422f-b4a8-81cca9a4bf93.ddfde01b-109b-479a-83d4-428746a31c96,7526,Rage,BR27BSZ2M3SR,
Atlas Fallen: Reign of Sand,PlayStation Plus,playstation-plus,Game Catalog,Extra/Premium,PS5,2024-08-06T16:00:00Z,true,67,11,19,28.4,https://image.api.playstation.com/vulcan/ap/rnd/202407/1616/47404eac92226b1142c89e3098898a2c816ed246591bd674.png,112665,Atlas Fallen,UP4133-PPSA03390_00-AFREIGNOFSANDEE0,https://store.playstation.com/en-us/concept/10002689
Ratchet & Clank: Rift Apart,PlayStation Plus,playstation-plus,Game Catalog,Extra/Premium,PS5,2021-06-11T04:00:00Z,true,85,11,14.6,18,https://image.api.playstation.com/vulcan/ap/rnd/202101/2921/DwVjpbKOsFOyPdNzmSTSWuxG.png,79776,Ratchet & Clank: Rift Apart,UP9000-PPSA01473_00-RATCHETCLANKRIFT,https://store.playstation.com/en-us/concept/10000669
Thief,PlayStation Plus,playstation-plus,Game Catalog,Extra/Premium,PS4,2014-02-25T05:00:00Z,false,64,11,22.2,44.6,https://image.api.playstation.com/cdn/UP0082/CUSA00252_00/wabqqIywqmuU6FtDaeW6mT761EflzDKB.png,16232,Thief,UP0082-CUSA00252_00-B000000000000261,https://store.playstation.com/en-us/concept/204538
Atlas Fallen: Reign of Sand,Xbox Game Pass,xbox-game-pass,Game Catalog,Ultimate/PC/Console,PC | Xbox,,,67,11,19,28.4,https://store-images.s-microsoft.com/image/apps.40302.13856038441672716.325fdc4d-5bd6-4022-a9fa-b38cc4bd1996.33110b41-5c7d-4dcb-a02d-7589d986b04c,112665,Atlas Fallen,9MVN3C4CPDT5,
DOOM 3,PlayStation Plus,playstation-plus,Classics Catalog,Premium,PS4,2019-07-26T04:00:00Z,false,74,10.9,13.1,16.7,https://image.api.playstation.com/vulcan/ap/rnd/202009/2804/3EPNHf0OrAOLlm5v5jhXk2e5.png,2704,Doom 3,UP1003-CUSA16286_00-DOOM030000000000,https://store.playstation.com/en-us/concept/234453
Sackboy: A Big Adventure PS4 & PS5,PlayStation Plus,playstation-plus,Game Catalog,Extra/Premium,PS4 | PS5,2020-11-12T05:00:00Z,true,75,10.9,17.1,34.3,https://image.api.playstation.com/vulcan/img/rnd/202010/1614/TJiBEQMJ9qa93lWBu4sKScY9.png,80125,Sackboy: A Big Adventure,UP9000-PPSA01289_00-SACKBOYADVENTURE,https://store.playstation.com/en-us/concept/10000177
Warhammer: Chaosbane Slayer Edition,PlayStation Plus,playstation-plus,Game Catalog,Extra/Premium,PS5,2020-11-12T05:00:00Z,true,,10.9,28.8,128.6,https://image.api.playstation.com/vulcan/ap/rnd/202009/2814/SPtJpKqndoc2mJO9xvjVkPJe.png,51768,Warhammer: Vermintide 2,UP4008-PPSA01446_00-WHCBSIEA00000000,https://store.playstation.com/en-us/concept/233226
Warhammer: Vermintide 2,PlayStation Plus,playstation-plus,Game Catalog,Extra/Premium,PS4,2018-12-18T05:00:00Z,false,,10.9,28.8,128.6,https://image.api.playstation.com/cdn/UP4122/CUSA13595_00/yf85lLv8DBBzDKKSZrkmxdqZluSbFSU1.png,51768,Warhammer: Vermintide 2,UP4122-CUSA13595_00-VERMINTIDE2000US,https://store.playstation.com/en-us/concept/232764
DOOM 3,Xbox Game Pass,xbox-game-pass,Game Catalog,Ultimate/PC/Console,PC | Xbox,,,74,10.9,13.1,16.7,https://store-images.s-microsoft.com/image/apps.60652.14361385044335696.50e1eb97-e01a-40d6-839c-7082e07b25b3.470b5116-eb1e-4467-b925-703e307c0297,2704,Doom 3,9NSL68D814GC,
Grim Fandango Remastered,Xbox Game Pass,xbox-game-pass,Game Catalog,Ultimate/PC/Console,PC | Xbox,,,80,10.9,11.5,12,https://store-images.s-microsoft.com/image/apps.29044.14111995464148770.3579d82c-235a-4089-9783-e7a375fa5964.628e0b56-fb2b-4f29-9f67-68c5122de399,4123,Grim Fandango,9PC288TN7R8K,
Warhammer: Vermintide 2,Xbox Game Pass,xbox-game-pass,Game Catalog,Ultimate/PC/Console,PC | Xbox,,,,10.9,28.8,128.6,https://store-images.s-microsoft.com/image/apps.53214.63950392980135892.2a65d13a-abfb-4b37-bbe3-ccc769a3b70f.b2e7dc33-8634-48ff-98b1-95970d17f549,51768,Warhammer: Vermintide 2,BXZWT67JBZJH,
Arc The Lad: Twilight of the Spirits™,PlayStation Plus,playstation-plus,Classics Catalog,Premium,PS4,2016-01-12T05:00:00Z,false,70,10.8,14.9,24.6,https://image.api.playstation.com/cdn/UP9000/CUSA02205_00/3lNOuhBZb47TpeHILCEJyQpMYoWeEjiY.png,543,Arc the Lad,UP9000-CUSA02205_00-SCUS972310000001,https://store.playstation.com/en-us/concept/200308
LEGO Star Wars II: The Original Trilogy,PlayStation Plus,playstation-plus,Classics Catalog,Premium,PS4 | PS5,2024-06-18T09:00:00Z,true,74,10.8,17.9,29.4,https://image.api.playstation.com/vulcan/ap/rnd/202405/1516/e511784f7e7ecd26d2c350ed03809a8ef15ab56071cbf7b0.png,5261,LEGO Star Wars II: The Original Trilogy,UP1082-PPSA14300_00-0804842924824650,https://store.playstation.com/en-us/concept/10007589
Risk of Rain 2,PlayStation Plus,playstation-plus,Game Catalog,Extra/Premium,PS4 | PS5,2024-08-27T17:00:00Z,true,82,10.8,43.5,145.1,https://image.api.playstation.com/vulcan/ap/rnd/202010/2220/RfRnyMuPPdQraj09cluhX5yZ.png,65967,Risk of Rain 2,UP0292-PPSA06516_00-RISKOFRAIN2SIEA0,https://store.playstation.com/en-us/concept/234386
1000xRESIST,Xbox Game Pass,xbox-game-pass,Game Catalog,Ultimate/PC/Console,PC | Xbox,,,85,10.8,13,13.8,https://store-images.s-microsoft.com/image/apps.26170.13724740810259939.b66dd818-9d75-4097-b510-7e4f8f43131a.ae40357e-1af2-40ef-8179-06b7546b3e9e,143595,1000xRESIST,9NPDN9R45JX4,
Moving Out 2,Xbox Game Pass,xbox-game-pass,Game Catalog,Ultimate/PC/Console,PC | Xbox,,,73,10.8,13.1,21.9,https://store-images.s-microsoft.com/image/apps.61624.14092419520193072.64e53d99-3172-4ca7-856b-dd313b69b944.4cfb64f3-ed9e-4d21-b873-244865b67ff4,129880,Moving Out 2,9P88K6NQW12H,
Total Chaos,Xbox Game Pass,xbox-game-pass,Game Catalog,Ultimate/PC/Console,PC | Xbox,,,66,10.8,13.4,17.6,https://store-images.s-microsoft.com/image/apps.24807.14224411830682092.a75ca261-09af-4d3c-9aa3-170861aaf880.2484038d-3717-4598-a25b-bbb4c7cdc5a4,166129,Total Chaos,9PHTX5QZ035T,
Assassin's Creed Rogue Remastered,PlayStation Plus,playstation-plus,Game Catalog | Ubisoft+ Classics,Extra/Premium,PS4,2018-03-20T04:00:00Z,false,72,10.7,22.3,40,https://image.api.playstation.com/cdn/JP0001/CUSA10132_00/Wh098aFfbc0ZxRZGdTzIYCw05SOlX3vi.png,21246,Assassin's Creed: Rogue,UP0001-CUSA10158_00-ACRGAMEPS4000001,https://store.playstation.com/en-us/concept/230095
Frostpunk: Console Edition,PlayStation Plus,playstation-plus,Game Catalog,Extra/Premium,PS4,2019-10-11T04:00:00Z,false,81,10.7,25,55.9,https://image.api.playstation.com/vulcan/img/cfn/11307gUc4R5kae_v_nGpnCVuUFaRrTZf_vN6xXuJNO_6Ada4f-lq95RC1gmHckKxeXGeZVssQKw9F7QEOofzlciZeY8cFWAz.png,41585,Frostpunk,UP4361-CUSA15716_00-FROSTPUNKGAME000,https://store.playstation.com/en-us/concept/233993
Kingdom: New Lands,PlayStation Plus,playstation-plus,Game Catalog,Extra/Premium,PS4,2018-01-16T05:00:00Z,false,71,10.7,26.9,36.7,https://image.api.playstation.com/vulcan/ap/rnd/202111/1912/it7X1Mtx3bwEWJ2I2Iy4Bq1F.png,39080,Kingdom: New Lands,UP2320-CUSA10970_00-KINGDOMNEWLANDS0,https://store.playstation.com/en-us/concept/231088
Sniper Elite 4,PlayStation Plus,playstation-plus,Game Catalog,Extra/Premium,PS4,2017-02-14T05:00:00Z,false,74,10.7,17.8,45.1,https://image.api.playstation.com/cdn/UP4363/CUSA04220_00/aJbLMK15ysKqq6er85uaAPL6A1ajHKL6.png,40715,Sniper Elite 4,UP4363-CUSA04220_00-SNIPERELITE40000,https://store.playstation.com/en-us/concept/216395
Assassin’s Creed® Rogue Remastered,Xbox Game Pass,xbox-game-pass,Game Catalog,Ultimate/PC/Console,PC | Xbox,,,72,10.7,22.3,40,https://store-images.s-microsoft.com/image/apps.54924.71737353171179027.83997f85-ff8e-44cd-826c-44098b6be332.3013b4ab-4385-4ae3-bb76-873fff5836c8,21246,Assassin's Creed: Rogue,BWT5L9P3L60X,
Evil West,Xbox Game Pass,xbox-game-pass,Game Catalog,Ultimate/PC/Console,PC | Xbox,,,71,10.7,13.3,22.4,https://store-images.s-microsoft.com/image/apps.4211.14176554647910182.b03fa26e-38ab-4eae-a31e-457e38d3b885.931e36a8-9260-4fcf-833a-72600108d150,85970,Evil West,9MW581HCJPM6,
Harold Halibut,PlayStation Plus,playstation-plus,Game Catalog,Extra/Premium,PS5,2024-04-16T13:00:00Z,true,68,10.6,13.7,17.4,https://image.api.playstation.com/vulcan/ap/rnd/202504/0509/92269a23c695034948b3187e5921d395320e1fffb9edc542.png,69307,Harold Halibut,UP2960-PPSA14654_00-0861216938906002,https://store.playstation.com/en-us/concept/232798
RAGE 2,PlayStation Plus,playstation-plus,Game Catalog,Extra/Premium,PS4,2019-05-14T04:00:00Z,false,65,10.6,19.2,32.8,https://image.api.playstation.com/vulcan/ap/rnd/202009/2821/2cFU41hKxJoToqGlcnJof7G9.png,58031,Rage 2,UP1003-CUSA10339_00-RAGE02FULLGAME00,https://store.playstation.com/en-us/concept/229997
RAGE 2,Xbox Game Pass,xbox-game-pass,Game Catalog,Ultimate/PC/Console,PC | Xbox,,,65,10.6,19.2,32.8,https://store-images.s-microsoft.com/image/apps.25597.65377716030309997.4ce8fd57-e617-46e7-9d4f-e8b49f4d07ef.8032cd3b-4de6-4872-8e49-32f042b5a139,58031,Rage 2,C2DCJ95ZXBMS,
DYNASTY WARRIORS 8 Empires,PlayStation Plus,playstation-plus,Game Catalog,Extra/Premium,PS4,2015-03-24T04:00:00Z,false,69,10.5,45.6,88,https://image.api.playstation.com/cdn/UP4108/CUSA01632_00/Z5Z5RLc9U0FQwRES0fRN38fs6w9AMd7c.png,28385,Dynasty Warriors 8: Empires,UP4108-CUSA01632_00-DW8EMPBOOT000001,https://store.playstation.com/en-us/concept/221097
Atomfall,Xbox Game Pass,xbox-game-pass,Game Catalog,Ultimate/PC/Console,PC | Xbox,,,73,10.5,17.4,26.8,https://store-images.s-microsoft.com/image/apps.43253.13575061151050973.cebfa75f-b2f4-4dde-99fa-c709bab904af.e292a86b-4157-4340-b5a4-9d55a11c0f3e,152018,Atomfall,9NC4WDL5KZBL,
Ghosthunter,PlayStation Plus,playstation-plus,Classics Catalog,Premium,PS4 | PS5,2024-06-18T15:00:00Z,true,63,10.4,10.6,10.7,https://image.api.playstation.com/vulcan/ap/rnd/202406/0519/6ad1c95221284e11161686656428fdcaea5174a34363652a.png,3921,Ghosthunter,UP9000-PPSA21974_00-SLUS209930000000,https://store.playstation.com/en-us/concept/10010578
Jak X: Combat Racing,PlayStation Plus,playstation-plus,Classics Catalog,Premium,PS4,2017-11-28T05:00:00Z,false,73,10.4,12.7,15.5,https://image.api.playstation.com/cdn/UP9000/CUSA07842_00/pDHkrDzDgKQvF9itpM7dlcfdZMS8J0dQ.png,4802,Jak X: Combat Racing,UP9000-CUSA07842_00-SCUS974290000001,https://store.playstation.com/en-us/concept/229131
LEGO® DC Super-Villains,PlayStation Plus,playstation-plus,Game Catalog,Extra/Premium,PS4,2018-10-16T04:00:00Z,false,74,10.4,18.3,41.9,https://image.api.playstation.com/cdn/UP1018/CUSA11542_00/kdjKM4iuhNNNzHmYGMDTpl5wf9jaTF6U.png,61868,LEGO DC Super-Villains,UP1018-CUSA11542_00-LEGODCVILLAINS00,https://store.playstation.com/en-us/concept/231944
World War Z: Aftermath,PlayStation Plus,playstation-plus,Game Catalog,Extra/Premium,PS5,2023-01-24T14:00:00Z,true,73,10.4,19.2,72.4,https://image.api.playstation.com/vulcan/ap/rnd/202108/1609/H7gbJJRlxx0gh6L40A0kkZ5x.png,98252,World War Z: Aftermath,UP6856-PPSA05424_00-WWZGAME000000PS5,https://store.playstation.com/en-us/concept/230658
World War Z: Aftermath,Xbox Game Pass,xbox-game-pass,Game Catalog,Ultimate/PC/Console,PC | Xbox,,,73,10.4,19.2,72.4,https://store-images.s-microsoft.com/image/apps.17991.14315814591543581.e259272c-6394-43a0-9fcb-744c0a35683f.3ec89289-214c-4706-b1b6-d232c9630952,98252,World War Z: Aftermath,9PLCL2VB2SC0,
Trine 4: The Nightmare Prince,PlayStation Plus,playstation-plus,Game Catalog,Extra/Premium,PS4,2019-10-08T04:00:00Z,false,78,10.2,12.8,15.6,https://image.api.playstation.com/vulcan/img/cfn/11307JCeGQrDUlYBVZRAz2XH1Lp9XAyGj-e-VFyh2FIO1BqUzz4RkKHfjc2Xe3NQsI46C_Q4TUFv79NepbWxoVaRDJUHeh7c.png,62027,Trine 4: The Nightmare Prince,UP4029-CUSA10755_00-TRINE4NIGHTMARE0,https://store.playstation.com/en-us/concept/230059
Orcs Must Die! 3 PS4 & PS5,PlayStation Plus,playstation-plus,Game Catalog,Extra/Premium,PS4 | PS5,2022-06-08T07:00:00Z,true,74,10.1,16.2,49.5,https://image.api.playstation.com/vulcan/img/rnd/202107/2201/dih0npdr59dlJ5RImsZamoPZ.png,80923,Orcs Must Die! 3,UP2184-PPSA05755_00-ORCSMUSTDIE3PS5V,https://store.playstation.com/en-us/concept/10002601
Resistance: Retribution,PlayStation Plus,playstation-plus,Classics Catalog,Premium,PS4 | PS5,2024-02-20T16:00:00Z,true,66,10.1,10.6,10.7,https://image.api.playstation.com/vulcan/ap/rnd/202401/2421/7dcb69559223b4249e5c9efcf4d114532cafb5b678d63e8f.png,7751,Resistance: Retribution,UP9000-PPSA06788_00-UCUS986680000000,https://store.playstation.com/en-us/concept/10004653
Syphon Filter,PlayStation Plus,playstation-plus,Classics Catalog,Premium,PS4 | PS5,2025-03-07T17:00:00Z,true,73,10.1,10.7,13.3,https://image.api.playstation.com/vulcan/ap/rnd/202204/2823/0WLmn0eqqNUvsKgVUqcYgLdy.png,9539,Syphon Filter,UP9000-PPSA06322_00-SCUS942400000000,https://store.playstation.com/en-us/concept/10004395
Warhammer: Chaosbane,PlayStation Plus,playstation-plus,Game Catalog,Extra/Premium,PS4,2019-06-04T04:00:00Z,false,63,10.1,17.2,39.9,https://image.api.playstation.com/vulcan/img/rnd/202010/2816/mz0uK0Zskp97EJ7vNAjAlJPV.png,65421,Warhammer: Chaosbane,UP4008-CUSA13072_00-WHCBSIEA00000000,https://store.playstation.com/en-us/concept/233226
NINJA GAIDEN 2 Black,Xbox Game Pass,xbox-game-pass,Game Catalog,Ultimate/PC/Console,PC | Xbox,,,78,10.1,12.4,79.9,https://store-images.s-microsoft.com/image/apps.46268.13976941088581007.e581c7fc-0a79-4f79-9d86-95424f162e3e.af38cb65-658c-4cc0-92d7-5f58bfb5f1db,162522,Ninja Gaiden 2 Black,9N51FH42VQDS,
Quantum Break,Xbox Game Pass,xbox-game-pass,Game Catalog,Ultimate/PC/Console,PC | Xbox,,,75,10.1,13.1,18.6,https://store-images.s-microsoft.com/image/apps.27045.68618454610217617.0bf16429-e940-40f4-b483-920166ef2ce1.44c2ee69-b406-4598-8ce1-1080a236cb57,19853,Quantum Break,BPNDKQN84N6L,
Sunset Overdrive,Xbox Game Pass,xbox-game-pass,Game Catalog,Ultimate/PC/Console,PC | Xbox,,,79,10.1,17.6,34.2,https://store-images.s-microsoft.com/image/apps.19746.69444514893807971.ab5f1b93-5a0c-4e23-9a17-465a62377bd1.a396a069-cf56-40f3-b1b5-9072f1fbd328,21278,Sunset Overdrive,BRZHFR5XBLQS,
A Space for the Unbound,PlayStation Plus,playstation-plus,Game Catalog,Extra/Premium,PS5,2023-01-19T05:00:00Z,true,80,10,10.8,12.3,https://image.api.playstation.com/vulcan/ap/rnd/202211/1606/oXtps1uT1x0cAMxa6r1FtkhQ.png,78881,A Space For The Unbound,UP5258-PPSA12230_00-6374691671740551,https://store.playstation.com/en-us/concept/10005843
God of War III Remastered,PlayStation Plus,playstation-plus,Classics Catalog,Premium,PS4,2015-07-14T04:00:00Z,false,85,10,11.1,18.5,https://image.api.playstation.com/vulcan/img/rnd/202011/0711/p8JCvA8692BICXAPoyylh7ed.png,3978,God of War III,UP9000-CUSA01623_00-0000GODOFWAR3PS4,https://store.playstation.com/en-us/concept/228618
Heavy Rain,PlayStation Plus,playstation-plus,Classics Catalog,Premium,PS4,2016-03-01T05:00:00Z,false,77,10,12,22.2,https://image.api.playstation.com/vulcan/img/rnd/202011/0518/rfaNTagTT8uQV0YfxNNLbzr0.png,4377,Heavy Rain,UP9000-CUSA02533_00-HRPS400000000001,https://store.playstation.com/en-us/concept/201902
Rayman® Legends,PlayStation Plus,playstation-plus,Game Catalog | Ubisoft+ Classics,Extra/Premium,PS4,2014-02-18T05:00:00Z,false,84,10,16.1,31.6,https://image.api.playstation.com/vulcan/img/cfn/11307EfasWbxB33-3AqY1YKO6soxEliac5YIuk0D9URQ-aWAVZbWOTd2Ge5QUI-KO_22neMhSvfH6s-dUBmZnvITlP8nHiE7.png,12655,Rayman Legends,UP0001-CUSA00069_00-RAYMANLEGENDS001,https://store.playstation.com/en-us/concept/203902
Gears of War 2,Xbox Game Pass,xbox-game-pass,Game Catalog,Ultimate/PC/Console,PC | Xbox,,,82,10,12.6,53.6,https://store-images.s-microsoft.com/image/apps.22422.65595136073047161.857e51a5-2b52-4c0e-8ac2-92b6b4609fc2.575238f4-dafa-47d8-a0b9-0ab665f39566,3863,Gears of War 2,C1SDBNRFXT1D,
Rayman Legends,Xbox Game Pass,xbox-game-pass,Game Catalog,Ultimate/PC/Console,PC | Xbox,,,84,10,16.1,31.6,https://store-images.s-microsoft.com/image/apps.41220.65843946604617087.4d3f1eaa-9f9b-4884-8da5-69d3fa77479f.0774e631-7504-4aec-9e38-3593b7df27ea,12655,Rayman Legends,C26K4DVGR45B,
Gravity Rush™ Remastered,PlayStation Plus,playstation-plus,Classics Catalog,Premium,PS4,2016-02-02T05:00:00Z,false,77,9.9,13.2,17.3,https://image.api.playstation.com/vulcan/img/rnd/202010/2320/2lfQr4uLgI8usrz5anG6a9wC.png,34079,Gravity Rush: Remastered,UP9000-CUSA01130_00-GRAVITYRUSHHD000,https://store.playstation.com/en-us/concept/226357
Resident Evil Village PS4 & PS5,PlayStation Plus,playstation-plus,Game Catalog,Extra/Premium,PS5 | PS4,2021-05-07T04:00:00Z,true,84,9.9,12.9,38.6,https://image.api.playstation.com/vulcan/ap/rnd/202101/0812/FkzwjnJknkrFlozkTdeQBMub.png,80038,Resident Evil Village,UP0102-PPSA01556_00-VILLAGEFULLGAMEX,https://store.playstation.com/en-us/concept/235235
Return to Monkey Island,PlayStation Plus,playstation-plus,Game Catalog,Extra/Premium,PS5,2022-11-08T17:00:00Z,true,81,9.9,11.7,16.9,https://image.api.playstation.com/vulcan/ap/rnd/202211/1822/9EgpieO87hFjIvMIxiUtLPnr.png,109863,Return to Monkey Island,UP3643-PPSA10122_00-RTMIPS5SIEA00000,https://store.playstation.com/en-us/concept/10006133
Röki,PlayStation Plus,playstation-plus,Game Catalog,Extra/Premium,PS4 | PS5,2021-10-28T04:00:00Z,true,76,9.9,11.2,11.4,https://image.api.playstation.com/vulcan/ap/rnd/202110/0807/AqCMWBJfLFAOvvfsxOzvSgiQ.png,75451,Röki,UP6965-PPSA04958_00-6159782706835342,https://store.playstation.com/en-us/concept/10003640
The Raven Remastered,PlayStation Plus,playstation-plus,Classics Catalog,Premium,PS4,2018-03-13T00:00:00Z,false,69,9.9,11.2,11.3,https://image.api.playstation.com/cdn/UP4389/CUSA08957_00/P9VUfudnpRvUnLxuO2gxjNvNjWSOfME0.png,54254,The Raven - Remastered,UP4389-CUSA08957_00-THERAVENUS000001,https://store.playstation.com/en-us/concept/232046
Skate 3,Xbox Game Pass,xbox-game-pass,Game Catalog,Ultimate/PC/Console,PC | Xbox,,,84,9.9,26.2,39.5,https://store-images.s-microsoft.com/image/apps.25388.68005754082254855.39795a60-73cf-4461-87d9-7f112c30c43c.7d99d88b-5b61-4951-9de7-34e5ddad1df2,8599,Skate 3,BNKDKQXMXRR2,
South of Midnight,Xbox Game Pass,xbox-game-pass,Game Catalog,Ultimate/PC/Console,PC | Xbox,,,74,9.9,12.2,17.8,https://store-images.s-microsoft.com/image/apps.31946.13678609147241298.c742bfe1-6624-4d6a-800e-503c12872c58.bf5a297c-46e9-4f84-ace0-768fc3345071,129947,South of Midnight,9NJCVGS6T30K,
The Walking Dead: The Final Season - The Complete Season,Xbox Game Pass,xbox-game-pass,Game Catalog,Ultimate/PC/Console,PC | Xbox,,,82,9.9,10.4,13.8,https://store-images.s-microsoft.com/image/apps.63360.65079731096933175.a08cf79d-9c48-4fcd-90eb-63df0c6a136c.4771e790-cd77-4316-a708-a82c7f28b996,47646,The Walking Dead: The Final Season,C0VQBXFNZ1Q0,
Pursuit Force,PlayStation Plus,playstation-plus,Classics Catalog,Premium,PS4 | PS5,2025-03-07T17:00:00Z,true,62,9.8,9.9,8.5,https://image.api.playstation.com/vulcan/ap/rnd/202303/1018/21ceb8a8276085539f75c270f739995cc804252838f03dcc.png,7397,Pursuit Force,UP9000-PPSA10609_00-UCUS986400000000,https://store.playstation.com/en-us/concept/10006276
SWORN,Xbox Game Pass,xbox-game-pass,Game Catalog,Ultimate/PC/Console,PC | Xbox,,,72,9.8,26,63.2,https://store-images.s-microsoft.com/image/apps.63785.13511316360139765.c27c733b-7cf6-4671-a04c-5a2fcb95b0f0.6ccd7a07-4bea-4edd-9d1a-ed34083247f3,147515,SWORN,9MWDJRQ1BXTC,
Tricky Towers,PlayStation Plus,playstation-plus,Game Catalog,Extra/Premium,PS4,2016-08-02T04:00:00Z,false,70,9.7,19.6,37.5,https://image.api.playstation.com/cdn/UP0999/CUSA05186_00/BSwaOxeNmxzdnleqg0L1mxLJB1VI8NjN.png,38919,Tricky Towers,UP0999-CUSA05186_00-0TRICKYTOWERSPS4,https://store.playstation.com/en-us/concept/221793
Gears of War 3,Xbox Game Pass,xbox-game-pass,Game Catalog,Ultimate/PC/Console,PC | Xbox,,,82,9.7,12.6,19.6,https://store-images.s-microsoft.com/image/apps.17664.68607194681373551.b4c09a44-be36-42d6-96c5-4a33b566becd.f0735af8-acef-4b7e-b40c-d0d2b622dd37,3865,Gears of War 3,BPKDQSSFQ9WV,
Tell Me Why: Chapters 1-3,Xbox Game Pass,xbox-game-pass,Game Catalog,Ultimate/PC/Console,PC | Xbox,,,73,9.7,11.2,13.7,https://store-images.s-microsoft.com/image/apps.56500.13599353568798630.567fc0f9-a81e-456c-a9ee-55bb0bb153b5.a110b76d-abae-4dd7-a578-a796ea66ff53,71968,Tell Me Why,9NF83PRZK6K3,
DREDGE,PlayStation Plus,playstation-plus,Game Catalog,Extra/Premium,PS4 | PS5,2023-03-30T04:00:00Z,true,81,9.6,12.8,20.4,https://image.api.playstation.com/vulcan/ap/rnd/202301/1712/N67SrtQhAeoOQbSqku6vdpDM.png,94128,Dredge,UP4064-PPSA09077_00-0441220012296936,https://store.playstation.com/en-us/concept/10005693
Syphon Filter 2,PlayStation Plus,playstation-plus,Classics Catalog,Premium,PS4 | PS5,2025-03-07T17:00:00Z,true,76,9.6,9.8,11.1,https://image.api.playstation.com/vulcan/ap/rnd/202207/2121/6S5xYRQ4wIz2btkxNe8Hyaon.png,9540,Syphon Filter 2,UP9000-PPSA06695_00-SCUS944510000000,https://store.playstation.com/en-us/concept/10004603
DREDGE,Xbox Game Pass,xbox-game-pass,Game Catalog,Ultimate/PC/Console,PC | Xbox,,,81,9.6,12.8,20.4,https://store-images.s-microsoft.com/image/apps.63652.13820556954312705.ce2b6824-c2a0-4535-b8cb-e13dda14a92d.0209b610-a2c9-4eaf-8541-96ad1f554d39,94128,Dredge,9MSVVM5NS9L6,
Minecraft Legends,Xbox Game Pass,xbox-game-pass,Game Catalog,Ultimate/PC/Console,PC | Xbox,,,58,9.6,13.6,21.9,https://store-images.s-microsoft.com/image/apps.43083.13695729085627777.1297136a-f273-41f1-947f-59044c848c55.96136b17-8c70-4dce-9ca0-3ef59a1fd391,109254,Minecraft Legends,9NF0D13RPX5L,
"Warhammer 40,000: Space Marine 2",PlayStation Plus,playstation-plus,Game Catalog,Extra/Premium,PS5,2024-09-09T16:00:00Z,true,80,9.5,15.3,67.4,https://image.api.playstation.com/vulcan/ap/rnd/202212/0711/MKweDX2LQpXiPcU6Jitg9KAg.png,101254,"Warhammer 40,000: Space Marine II",UP4133-PPSA04452_00-SPACEMARINESII00,https://store.playstation.com/en-us/concept/10003330
RESIDENT EVIL 7 biohazard,Xbox Game Pass,xbox-game-pass,Game Catalog,Ultimate/PC/Console,PC | Xbox,,,,9.5,11.5,22,https://store-images.s-microsoft.com/image/apps.35598.71433286839923669.1250138a-286b-4b3f-8367-3d201ae45ae9.3965d168-2feb-4c98-bcc8-d8483d53dac6,38051,Resident Evil 7 Biohazard,BVFDTJ1XF6CS,
"Warhammer 40,000: Space Marine 2",Xbox Game Pass,xbox-game-pass,Game Catalog,Ultimate/PC/Console,PC | Xbox,,,80,9.5,15.3,67.4,https://store-images.s-microsoft.com/image/apps.55307.13528912654162373.752dd58c-93b6-40eb-ba0f-2d5ce3229dff.c5d5155c-3681-4be5-bfd0-952251a36c56,101254,"Warhammer 40,000: Space Marine II",9N9PCZWHVP2L,
A Hat in Time,PlayStation Plus,playstation-plus,Game Catalog,Extra/Premium,PS4,2017-12-05T05:00:00Z,false,82,9.4,15,19,https://image.api.playstation.com/cdn/UP3864/CUSA09267_00/BiXNN4RpSz69wYXexRGGcaWsHrYNhjUs.png,130,A Hat in Time,UP3864-CUSA09267_00-AHATINTIMEPS4000,https://store.playstation.com/en-us/concept/228903
Riven (PS1),PlayStation Plus,playstation-plus,Classics Catalog,Premium,PS4 | PS5,2025-06-05T16:00:00Z,true,79,9.4,12.2,13.6,https://image.api.playstation.com/vulcan/ap/rnd/202506/1222/d931ec74d3aefbc38da22322fe6d40c9a00fdce5c978e3cd.png,7853,Riven,UP0922-PPSA17122_00-SLUS005350000000,https://store.playstation.com/en-us/concept/10008668
Crysis Remastered,PlayStation Plus,playstation-plus,Classics Catalog,Premium,PS4,2020-10-09T08:00:00Z,false,75,9.3,11.4,11.9,https://image.api.playstation.com/vulcan/ap/rnd/202009/0715/rNqpXMO3CX4zfiNMwiFNpWf5.png,2068,Crysis,UP4291-CUSA18659_00-CRYSISREMASTERED,https://store.playstation.com/en-us/concept/10000350
MediEvil,PlayStation Plus,playstation-plus,Game Catalog,Extra/Premium,PS4,2019-10-25T04:00:00Z,false,72,9.3,10.9,15.6,https://image.api.playstation.com/cdn/UP9000/CUSA11227_00/BJZksSXNxOU0vmTCa79nr7ULJM3F6a6B.png,65969,MediEvil,UP9000-CUSA11227_00-MEDIEVILHD000001,https://store.playstation.com/en-us/concept/234427
MediEvil,PlayStation Plus,playstation-plus,Classics Catalog,Premium,PS4 | PS5,2024-04-16T15:00:00Z,true,72,9.3,10.9,15.6,https://image.api.playstation.com/vulcan/ap/rnd/202403/2119/c11906b704e7ab6e2b77c992cc2ddfc9d5267716beb9da97.png,65969,MediEvil,UP9000-PPSA15811_00-SCUS942270000000,https://store.playstation.com/en-us/concept/10008138
ScreamRide,Xbox Game Pass,xbox-game-pass,Game Catalog,Ultimate/PC/Console,PC | Xbox,,,57,9.3,13.8,,https://store-images.s-microsoft.com/image/apps.3227.68338609849054191.6696e876-c966-43a5-9099-9ea6fbdb938d.f4d9f53a-d471-4070-b3f5-c5d456abd873,21715,Screamride,BQ4M1XWXFKHB,
Mahjong,PlayStation Plus,playstation-plus,Game Catalog,Extra/Premium,PS4,2016-09-13T04:00:00Z,false,65,9.2,11.1,11.5,https://image.api.playstation.com/cdn/EP4008/CUSA05079_00/LcxCyhRYpMabNCFbXAhHG4orJEP650IA.png,43836,Mahjong,UP4008-CUSA04962_00-MAHJONG000000000,https://store.playstation.com/en-us/concept/218717
Wolfenstein: Youngblood,PlayStation Plus,playstation-plus,Game Catalog,Extra/Premium,PS4,2019-07-26T04:00:00Z,false,59,9.2,14.7,32.1,https://image.api.playstation.com/vulcan/ap/rnd/202010/0605/s9anMLJErDUXJTbBOoKSiqiv.png,57504,Wolfenstein: Youngblood,UP1003-CUSA13084_00-YNGBLD0000000000,https://store.playstation.com/en-us/concept/232887
Brütal Legend,Xbox Game Pass,xbox-game-pass,Game Catalog,Ultimate/PC/Console,PC | Xbox,,,71,9.2,14,25,https://store-images.s-microsoft.com/image/apps.31857.67187313298816901.62c70448-0dd4-4a12-b42b-cdc666dbd510.bd7776b3-0c14-4bd7-9395-27887e6a16e9,1345,Brütal Legend,C5DZFZ6NC5SQ,
High On Life,Xbox Game Pass,xbox-game-pass,Game Catalog,Ultimate/PC/Console,PC | Xbox,,,73,9.2,12.8,21.6,https://store-images.s-microsoft.com/image/apps.45698.13714596773589453.b0e22fc5-f8b4-4b36-b12d-db5d42554c10.bc780adb-55cc-425c-9e65-e86696d7d030,109245,High On Life,9NL4714VTLRS,
Roboquest,Xbox Game Pass,xbox-game-pass,Game Catalog,Ultimate/PC/Console,PC | Xbox,,,80,9.2,22.3,43.3,https://store-images.s-microsoft.com/image/apps.47475.14593591481307987.1e2d6495-99f7-469f-afa9-16c05216b58f.a92545a2-db22-430c-aeeb-911d568f876f,82817,Roboquest,9P47S7NJGWZL,
Wolfenstein: Youngblood,Xbox Game Pass,xbox-game-pass,Game Catalog,Ultimate/PC/Console,PC | Xbox,,,59,9.2,14.7,32.1,https://store-images.s-microsoft.com/image/apps.22779.14232405978199420.10006ada-af2f-43d4-ab04-4e26289ccf76.4e74bdfd-2eb7-4e57-aa1d-88718d1d7911,57504,Wolfenstein: Youngblood,C421ZX7RCG0W,
Gears of War,Xbox Game Pass,xbox-game-pass,Game Catalog,Ultimate/PC/Console,PC | Xbox,,,78,9.1,12.2,29.2,https://store-images.s-microsoft.com/image/apps.37229.68631123789499032.6299bbb9-6778-40d5-965f-080b552baa15.be2992c1-0236-4fd3-983a-9a9d9df0877e,3862,Gears of War,BPN08ZDRPSFK,
Gears of War 4,Xbox Game Pass,xbox-game-pass,Game Catalog,Ultimate/PC/Console,PC | Xbox,,,75,9.1,11.7,13.9,https://store-images.s-microsoft.com/image/apps.27107.13510798887356280.e9581154-ba55-457f-9b5f-4285b6036ba9.852cd1b9-b6db-430f-a640-b02d32c72c05,26788,Gears of War 4,9NBLGGH4PBBM,
Gears of War: Ultimate Edition,Xbox Game Pass,xbox-game-pass,Game Catalog,Ultimate/PC/Console,PC | Xbox,,,78,9.1,12.2,29.2,https://store-images.s-microsoft.com/image/apps.30935.68785176255228170.152a1029-d0c3-4d27-a42d-ecccb32aa4ca.dc750da7-3cda-4a73-9705-24b6c06e820d,3862,Gears of War,BQT21VXFS52F,
Halo Wars: Definitive Edition,Xbox Game Pass,xbox-game-pass,Game Catalog,Ultimate/PC/Console,PC | Xbox,,,71,9,12.4,45.9,https://store-images.s-microsoft.com/image/apps.58465.68131417927341023.6f4f8f73-402d-42d7-8fff-a37b68438b32.76e8810a-db0d-4b39-9e12-5fd71c6c6ee6,4267,Halo Wars,BPRPQSKXTD1L,
Ori and the Blind Forest: Definitive Edition,Xbox Game Pass,xbox-game-pass,Game Catalog,Ultimate/PC/Console,PC | Xbox,,,84,9,11.3,12.8,https://store-images.s-microsoft.com/image/apps.33006.71930896676716842.b6740fa4-0359-4ca8-9e17-5d4e45c2d497.106c936e-9312-4ea3-b2c1-d6ea54a4377d,36755,Ori and the Blind Forest: Definitive Edition,BW85KQB8Q31M,
Space Hulk: Deathwing - Enhanced Edition,PlayStation Plus,playstation-plus,Game Catalog,Extra/Premium,PS4,2018-05-22T04:00:00Z,false,59,8.9,12.1,28.2,https://image.api.playstation.com/cdn/UP4133/CUSA08982_00/5p8u1rffsmt2kBWCgATMMJjrE8tuV5Qw.png,56967,Space Hulk: Deathwing - Enhanced Edition,UP4133-CUSA08982_00-SPACEHULKDEATHWI,https://store.playstation.com/en-us/concept/227988
Syphon Filter: Logan's Shadow,PlayStation Plus,playstation-plus,Classics Catalog,Premium,PS4 | PS5,2025-03-07T17:00:00Z,true,68,8.9,9.5,11.6,https://image.api.playstation.com/vulcan/ap/rnd/202303/1000/c46ce07ebd23931aff68538d59d36d55fe7e0246a1b7493c.png,9543,Syphon Filter: Logan's Shadow,UP9000-PPSA06782_00-UCUS986060000000,https://store.playstation.com/en-us/concept/10004651
Sniper Elite: Resistance,Xbox Game Pass,xbox-game-pass,Game Catalog,Ultimate/PC/Console,PC | Xbox,,,69,8.9,13.2,28.5,https://store-images.s-microsoft.com/image/apps.18917.13884837624671830.a1b4bcb8-63aa-419a-ac34-76ae03d6dca7.153c0101-9d19-4d0e-9848-f8b96eb6b5e2,155646,Sniper Elite: Resistance,9MXRG5GCRPXZ,
Hotline Miami 2: Wrong Number,PlayStation Plus,playstation-plus,Game Catalog,Extra/Premium,PS4 | PS5,2023-10-23T16:00:00Z,true,79,8.8,12.9,33.3,https://image.api.playstation.com/vulcan/ap/rnd/202307/1322/1ce9388532d52e419851d9fd7d66d4884ffeb6b4de2f54af.png,4531,Hotline Miami 2: Wrong Number,UP3643-PPSA11355_00-3716880328179244,https://store.playstation.com/en-us/concept/10006547
Resident Evil 2,PlayStation Plus,playstation-plus,Classics Catalog,Premium,PS4 | PS5,2025-08-19T16:00:00Z,true,88,8.8,15.4,36.6,https://image.api.playstation.com/vulcan/ap/rnd/202205/1307/QpeOEfRcYvTWs6oU7vwePeWK.png,57479,Resident Evil 2,UP0102-PPSA07813_00-CLASSICRE2000001,https://store.playstation.com/en-us/concept/10005150
RESIDENT EVIL 2,Xbox Game Pass,xbox-game-pass,Game Catalog,Ultimate/PC/Console,PC | Xbox,,,88,8.8,15.4,36.6,https://store-images.s-microsoft.com/image/apps.38246.71571739681700792.c61fa2d7-3d69-4edf-8e51-accc41d47823.9197ae9d-181d-44ff-a98d-7f64086f509e,57479,Resident Evil 2,BWMH951M3G3P,
West of Dead,PlayStation Plus,playstation-plus,Game Catalog,Extra/Premium,PS4,2020-06-08T11:00:00Z,false,59,8.7,12.8,26.7,https://image.api.playstation.com/vulcan/ap/rnd/202005/0507/2Qxl4co49CQWyOsqpeO8NFpC.png,77696,West of Dead,UP2320-CUSA16084_00-WESTOFDEAD000000,https://store.playstation.com/en-us/concept/234315
Egging On,Xbox Game Pass,xbox-game-pass,Game Catalog,Ultimate/PC/Console,PC | Xbox,,,67,8.7,,26.4,https://store-images.s-microsoft.com/image/apps.5621.14152749769454837.6267b1e7-52ba-45c3-8a48-c823ac92c3ba.65aacb6f-f33c-47a6-b44e-05765a139e48,151790,Egging On,9PDKDBQGG2N2,
Aliens: Fireteam Elite,Xbox Game Pass,xbox-game-pass,Game Catalog,Ultimate/PC/Console,PC | Xbox,,,67,8.6,15.8,65.9,https://store-images.s-microsoft.com/image/apps.59370.14189206062547849.34667497-3c97-48d3-916d-0cd555e3aee9.2a32a391-5b37-4ec9-9fc1-7bb4159de6b9,89300,Aliens: Fireteam Elite,9PG28RXDG9GQ,
Totally Accurate Battle Simulator,Xbox Game Pass,xbox-game-pass,Game Catalog,Ultimate/PC/Console,PC | Xbox,,,70,8.6,16,42.9,https://store-images.s-microsoft.com/image/apps.25383.14176345306313891.79ca8837-5397-4838-85b6-4a8a9720856c.db23320a-e9f6-4ed3-87e5-db4a5e82a6fc,52878,Totally Accurate Battle Simulator,9PC4RWP34M2D,
Five Nights at Freddy's: Help Wanted 2,PlayStation Plus,playstation-plus,Game Catalog,Extra/Premium,PS5,2023-12-14T14:00:00Z,true,80,8.4,13.1,16.8,https://image.api.playstation.com/vulcan/ap/rnd/202312/0117/7d95ddedbe9879608de4724ff5ddf1daccf01a23a8b9bf59.png,129268,Five Nights at Freddy's: Help Wanted 2,UP0638-PPSA18886_00-FNAFHELPWANTEDP2,https://store.playstation.com/en-us/concept/10009325
LEGO® Marvel's Avengers,PlayStation Plus,playstation-plus,Game Catalog,Extra/Premium,PS4,2016-01-26T05:00:00Z,false,69,8.4,19.1,36.6,https://image.api.playstation.com/vulcan/img/cfn/11307H2iOAHlJBnSaMw1V__CxHiaF0iKhopi1q1xUhv3KJRYff2Et_S5umeNDP8wJcWLiRdR9L8zVbSdpYEf9BOjRCwcJP8P.png,33860,LEGO Marvel's Avengers,UP1018-CUSA02107_00-LEGOMARVELAVENGE,https://store.playstation.com/en-us/concept/202494
Cooking Simulator,Xbox Game Pass,xbox-game-pass,Game Catalog,Ultimate/PC/Console,PC | Xbox,,,59,8.4,10.8,21.6,https://store-images.s-microsoft.com/image/apps.40773.13934302625463282.ce885e17-8e35-4fa6-951c-1f7e58c35e4f.d2b59c71-aed1-4d55-b09f-70e66bdac381,68122,Cooking Simulator,9N3DKKRHSJBT,
Mirror's Edge™ Catalyst,Xbox Game Pass,xbox-game-pass,Game Catalog,Ultimate/PC/Console,PC | Xbox,,,70,8.4,13.4,32,https://store-images.s-microsoft.com/image/apps.62830.66522486697599341.54595999-7800-48a6-8255-bf581c71e0dd.fdab5a16-85bd-4fa0-9c88-8ec2f16ced89,19181,Mirror's Edge: Catalyst,C48LBRJJCP2L,
Celeste,PlayStation Plus,playstation-plus,Game Catalog,Extra/Premium,PS4,2018-01-25T05:00:00Z,false,88,8.3,14.6,39.1,https://image.api.playstation.com/cdn/UP2120/CUSA11302_00/qHx7zoFGNn6BUHUOk2jSfBck2Zzbjulw.png,42818,Celeste,UP2120-CUSA11302_00-CELESTEXXCELESTE,https://store.playstation.com/en-us/concept/231477
Absolum,Xbox Game Pass,xbox-game-pass,Game Catalog,Ultimate/PC/Console,PC | Xbox,,,85,8.3,15.3,25.1,https://store-images.s-microsoft.com/image/apps.32105.13759640125827051.772a39df-8493-4759-8166-939a750af786.d294702d-4ae5-49f5-859a-f13a5ef1da2e,164872,Absolum,9NR6NJ401NBS,
Celeste,Xbox Game Pass,xbox-game-pass,Game Catalog,Ultimate/PC/Console,PC | Xbox,,,88,8.3,14.6,39.1,https://store-images.s-microsoft.com/image/apps.7117.71633162879241707.7cf18b3b-9fa5-486f-9a68-067f06d50bf1.3bb742ae-b2ed-4066-bf27-ea50d614ce8c,42818,Celeste,BWMQL2RPWBHB,
Plants vs. Zombies: Battle for Neighborville™,Xbox Game Pass,xbox-game-pass,Game Catalog,Ultimate/PC/Console,PC | Xbox,,,82,8.2,17.9,42.6,https://store-images.s-microsoft.com/image/apps.51083.66663660452837213.88feed53-4335-4b35-8a3a-476a0f0fd6ca.c4755ce8-cee4-4ca4-8f72-5e5bc6eae3de,7106,Plants vs. Zombies,C4HZC7LJG6PX,
Call of Cthulhu®,PlayStation Plus,playstation-plus,Game Catalog,Extra/Premium,PS4,2018-10-30T04:00:00Z,false,68,8.1,9.8,13,https://image.api.playstation.com/vulcan/img/cfn/11307tHc-g--IwELVG7Uxel9rhrIa_NTF2OocFnmgU7ItLCENo-O6_mUcp7MY1wIeJ0Hk-VxgR_0PJ3vBvZtUInZhAIyWOgc.png,62073,Call of Cthulhu,UP4133-CUSA04730_00-CALLOFCTHULHUXXX,https://store.playstation.com/en-us/concept/216117
Hello Neighbor,PlayStation Plus,playstation-plus,Game Catalog,Extra/Premium,PS4 | PS5,2026-03-26T16:00:00Z,true,50,8.1,14.2,16.3,https://image.api.playstation.com/vulcan/ap/rnd/202603/1811/3f246e54d304f6fa9f4d2c79f82a8121422d57777d7b21b5.png,40794,Hello Neighbor,UP0097-PPSA35090_00-HNREMASTERED0000,https://store.playstation.com/en-us/concept/231096
Jak and Daxter: The Lost Frontier,PlayStation Plus,playstation-plus,Classics Catalog,Premium,PS4 | PS5,2024-03-19T15:00:00Z,true,62,8.1,9.8,11.3,https://image.api.playstation.com/vulcan/ap/rnd/202402/0921/75a933107cc6ba3447e87e42034e823d9cb45643641f0c9f.png,4799,Jak and Daxter: The Lost Frontier,UP9000-PPSA14325_00-NPUG803300000000,https://store.playstation.com/en-us/concept/10007600
Maneater PS4 & PS5,PlayStation Plus,playstation-plus,Game Catalog,Extra/Premium,PS4 | PS5,2020-11-12T05:00:00Z,true,71,8.1,10.2,12.9,https://image.api.playstation.com/gs2-sec/appkgo/prod/CUSA14538_00/7/i_1dbc60bd015bfb1ecb0990b9484ad19b4ba86ea0e8d183138bfbf89d78d18d98/i/icon0.png,68266,Maneater,UP0115-PPSA01861_00-MANEATER00000001,https://store.playstation.com/en-us/concept/233202
Halo 5: Guardians,Xbox Game Pass,xbox-game-pass,Game Catalog,Ultimate/PC/Console,PC | Xbox,,,68,8.1,13.6,25.5,https://store-images.s-microsoft.com/image/apps.64118.69279545232152045.f1a4a87c-fcc9-4b7c-a620-f6c56eb2d5ad.37725d25-3e41-41e7-a2ce-6b0f9994ef5c,19267,Halo 5: Guardians,BRRC2BP0G9P0,
Halo Wars 2: Standard Edition,Xbox Game Pass,xbox-game-pass,Game Catalog,Ultimate/PC/Console,PC | Xbox,,,74,8.1,14.8,48.8,https://store-images.s-microsoft.com/image/apps.6988.66922732424733865.effc282c-0a95-45c2-8069-86e7e083b3aa.d9a002b9-654e-406f-bce9-4d9de652143a,37985,Halo Wars 2,C42KCJCLX6MX,
A Quiet Place: The Road Ahead,PlayStation Plus,playstation-plus,Game Catalog,Extra/Premium,PS5,2024-10-17T13:00:00Z,true,64,8,10.4,13.8,https://image.api.playstation.com/vulcan/ap/rnd/202406/1308/370454545572b19855f64cee5ba39cf53ac1ae8cb818e04c.png,152334,A Quiet Place: The Road Ahead,UP6856-PPSA19006_00-AQPBASEGAME00000,https://store.playstation.com/en-us/concept/10009366
Hungry Shark® World,PlayStation Plus,playstation-plus,Game Catalog | Ubisoft+ Classics,Extra/Premium,PS4,2018-07-17T04:00:00Z,false,58,8,,25,https://image.api.playstation.com/cdn/UP0001/CUSA12408_00/4izcPkP2MYiv4a2MS8FZI17VciwiBne8.png,67206,Hungry Shark World,UP0001-CUSA12408_00-HSWC0109FGOL7410,https://store.playstation.com/en-us/concept/232286
ODDBALLERS,PlayStation Plus,playstation-plus,Game Catalog | Ubisoft+ Classics,Extra/Premium,PS4,2023-01-26T05:00:00Z,false,53,8,,,https://image.api.playstation.com/vulcan/ap/rnd/202201/3123/zI5tK6fTg9Gr8qhssFG4MMIX.png,113838,OddBallers,UP0001-CUSA29140_00-GAME000000000000,https://store.playstation.com/en-us/concept/10003316
PHOGS!,PlayStation Plus,playstation-plus,Game Catalog,Extra/Premium,PS4,2020-12-03T10:00:00Z,false,71,8,9.3,12.2,https://image.api.playstation.com/vulcan/ap/rnd/202009/2419/Wx4cGzMJgk9yklXbz4f0zg9Z.png,85738,Phogs!,UP2680-CUSA20207_00-PHOGS000000000US,https://store.playstation.com/en-us/concept/10000598
BLiNX: The Time Sweeper,Xbox Game Pass,xbox-game-pass,Game Catalog,Ultimate/PC/Console,PC | Xbox,,,51,8,10.3,13,https://store-images.s-microsoft.com/image/apps.1712.69676224553003885.7746d59f-9224-4b66-8097-e540a8ad4b00.a2e18719-7a03-42b0-9324-907f92092527,1168,Blinx: The Time Sweeper,BRG51C5MWFSG,
Hungry Shark® World,Xbox Game Pass,xbox-game-pass,Game Catalog,Ultimate/PC/Console,PC | Xbox,,,58,8,,25,https://store-images.s-microsoft.com/image/apps.27537.66737642935896860.41884042-7fd3-4645-a679-7e762962b532.7dadad86-c1fc-4bf0-a2fc-b9be60a5d2e7,67206,Hungry Shark World,C3NHWKLR94M9,
Perfect Dark,Xbox Game Pass,xbox-game-pass,Game Catalog,Ultimate/PC/Console,PC | Xbox,,,80,8,15.7,30.5,https://store-images.s-microsoft.com/image/apps.20283.65049759038650156.9c9f4a81-e21a-4dcb-b819-b75ab00b696e.1ce53e1e-9275-4770-9148-e81edde22b8c,6966,Perfect Dark,C0SWGV4560W1,
Daxter,PlayStation Plus,playstation-plus,Classics Catalog,Premium,PS4 | PS5,2024-06-18T15:00:00Z,true,72,7.9,8.5,12.1,https://image.api.playstation.com/vulcan/ap/rnd/202406/0521/d1a30651f70e8bbf7057e36ee40955cc215e450df3c80586.png,2281,Daxter,UP9000-PPSA09695_00-NPUG803290000000,https://store.playstation.com/en-us/concept/10005947
You Suck at Parking®,PlayStation Plus,playstation-plus,Game Catalog,Extra/Premium,PS4 | PS5,2023-09-12T00:00:00Z,true,68,7.9,15.6,21,https://image.api.playstation.com/vulcan/ap/rnd/202303/2109/8f16f54304b3321ceb401aaaf6c1fcf3342325f77512e217.png,84034,You Suck at Parking,UP6287-PPSA09546_00-6666642723851637,https://store.playstation.com/en-us/concept/10001817
GoldenEye 007,Xbox Game Pass,xbox-game-pass,Game Catalog,Ultimate/PC/Console,PC | Xbox,,,82,7.9,13.5,21.7,https://store-images.s-microsoft.com/image/apps.34932.14024294433653017.40ef41ab-6f85-4460-bdee-079089b18040.8e21b7ce-1e5b-4d90-b99e-01c2330b4db5,4003,GoldenEye 007,9N6639H7VGH4,
ARMORED CORE,PlayStation Plus,playstation-plus,Classics Catalog,Premium,PS4 | PS5,2025-03-18T16:00:00Z,true,72,7.8,9.4,13.4,https://image.api.playstation.com/vulcan/ap/rnd/202410/2401/f5fc0c83ffa88ab0798ba259d7bdc783e81d905bbe732720.png,594,Armored Core,UP0506-PPSA21240_00-ARMOREDCORE00000,https://store.playstation.com/en-us/concept/10010252
Marvel's Spider-Man: Miles Morales PS4 & PS5,PlayStation Plus,playstation-plus,Game Catalog,Extra/Premium,PS4 | PS5,2020-11-12T05:00:00Z,true,81,7.8,12.5,18.5,https://image.api.playstation.com/vulcan/ap/rnd/202008/1020/T45iRN1bhiWcJUzST6UFGBvO.png,79859,Marvel's Spider-Man: Miles Morales,UP9000-PPSA01411_00-MARVELSSMMORALES,https://store.playstation.com/en-us/concept/10000649
Sifu,Xbox Game Pass,xbox-game-pass,Game Catalog,Ultimate/PC/Console,PC | Xbox,,,80,7.8,14.1,22.3,https://store-images.s-microsoft.com/image/apps.22704.14108092972231485.130f8f79-218a-4318-83ee-72f0213be0dd.6ca34cbe-4daf-4ed6-a17b-e384394e2dd5,89091,Sifu,9P7PF6ZP3958,
Roguebook,PlayStation Plus,playstation-plus,Game Catalog,Extra/Premium,PS5,2022-02-24T09:00:00Z,true,72,7.7,26.5,100,https://image.api.playstation.com/vulcan/ap/rnd/202111/1813/FHhoyE3vgSQ9MZqIlxK8XMT9.png,92088,Roguebook,UP4008-PPSA02077_00-RBK0000000000000,https://store.playstation.com/en-us/concept/10001348
The LEGO® Movie Videogame,PlayStation Plus,playstation-plus,Game Catalog,Extra/Premium,PS4,2014-02-07T00:00:00Z,false,68,7.7,11.3,17.6,https://image.api.playstation.com/cdn/UP1018/CUSA00084_00/bCOzV5ds0qFGVKpuwyMa4qUgd9dgUQB6.png,16585,The LEGO Movie Videogame,UP1018-CUSA00084_00-LEGOMOVIE0000000,https://store.playstation.com/en-us/concept/204880
Perfect Dark Zero,Xbox Game Pass,xbox-game-pass,Game Catalog,Ultimate/PC/Console,PC | Xbox,,,54,7.7,10.6,24.5,https://store-images.s-microsoft.com/image/apps.21399.63613604984995316.d403620a-54b7-4a68-9850-e3bfda4c2552.9ba8a8e5-8c96-45b2-83cf-8eeef411eb81,6967,Perfect Dark Zero,BZF7N4FQWHNR,
Killzone: Liberation,PlayStation Plus,playstation-plus,Classics Catalog,Premium,PS4 | PS5,2025-03-07T17:00:00Z,true,66,7.6,9.2,36.8,https://image.api.playstation.com/vulcan/ap/rnd/202305/2417/d0399217d9d02ae08e76585581f6647097d73a29a43e191d.png,4988,Killzone: Liberation,UP9000-PPSA11141_00-UCUS986460000000,https://store.playstation.com/en-us/concept/10006484
Shadow Warrior 2,PlayStation Plus,playstation-plus,Game Catalog,Extra/Premium,PS4,2017-05-19T04:00:00Z,false,70,7.6,15.9,24.9,https://image.api.playstation.com/cdn/UP3643/CUSA05617_00/bzyDKfSpQsA6sFUi7IG6REIrzwz6oHJW.png,39740,Shadow Warrior 2,UP3643-CUSA05617_00-SHADOWWARRIOR200,https://store.playstation.com/en-us/concept/221784
"STAR WARS: Bounty Hunter (Classic, 2002)",PlayStation Plus,playstation-plus,Classics Catalog,Premium,PS4,2016-01-15T05:00:00Z,false,66,7.6,10.7,16,https://image.api.playstation.com/cdn/UP1082/CUSA03472_00/1H6Ov6Hf7a8mkJHm37jSeuMmSJoCHLNA.png,9099,Star Wars: Bounty Hunter,UP1082-CUSA03472_00-SLUS204200000001,https://store.playstation.com/en-us/concept/204269
Battlefield™ 1 Revolution,Xbox Game Pass,xbox-game-pass,Game Catalog,Ultimate/PC/Console,PC | Xbox,,,77,7.6,22.9,24.2,https://store-images.s-microsoft.com/image/apps.39800.68596255437297164.99e6fb73-cd5e-440f-90c2-d8d2eb40a69d.5d9b9ea9-9816-4492-82df-fefa1a6c0f94,931,Battlefield 1942,BPL68T0XK96W,
The Walking Dead: A New Frontier - The Complete Season (Episodes 1-5),Xbox Game Pass,xbox-game-pass,Game Catalog,Ultimate/PC/Console,PC | Xbox,,,71,7.6,8,8.2,https://store-images.s-microsoft.com/image/apps.25445.68746382496567220.612ba4aa-3f7b-4b25-b141-a20112197dde.672c59e8-ed5c-4277-b00b-62c66d6d6c51,41484,The Walking Dead: A New Frontier,BQR7QS0F8SJ3,
Cat Quest II,PlayStation Plus,playstation-plus,Game Catalog,Extra/Premium,PS4,2019-10-24T04:00:00Z,false,76,7.5,9.6,12.6,https://image.api.playstation.com/vulcan/img/cfn/11307Tb3uV9U6bdRfS-suLWDA6QgWv9_hH3-jmOYORyAzAs04ak6EOH3mpyjB07KwjHOMrE3Z2SLkVlME9n0fRkDddIaYpBu.png,70915,Cat Quest II,UP4293-CUSA16539_00-0000000000000000,https://store.playstation.com/en-us/concept/234578
Fury Unleashed,PlayStation Plus,playstation-plus,Game Catalog,Extra/Premium,PS4,2020-05-08T04:00:00Z,false,69,7.5,14.4,26,https://image.api.playstation.com/vulcan/img/cfn/11307kUSHEI16pVsZQMa2ENvlHwcDd994C-RMp6Epog-Akb0a_jU27XYMnH2vjbXExk2m__rHkEOifiuWAf6LjHlK2IB_Jyq.png,46993,Fury Unleashed,UP2387-CUSA15927_00-FURYUNLEASHED000,https://store.playstation.com/en-us/concept/234278
Secret Agent Clank,PlayStation Plus,playstation-plus,Classics Catalog,Premium,PS4 | PS5,2024-09-17T16:00:00Z,true,63,7.5,8.7,11.4,https://image.api.playstation.com/vulcan/ap/rnd/202408/2215/588a8b73089326abcd57e55d7d13f1983bc43c4937509a3b.png,8207,Secret Agent Clank,UP9000-PPSA14319_00-UCUS986970000000,https://store.playstation.com/en-us/concept/10007598
Balatro,Xbox Game Pass,xbox-game-pass,Game Catalog,Ultimate/PC/Console,PC | Xbox,,,86,7.5,45.9,251.7,https://store-images.s-microsoft.com/image/apps.439.14272217582130616.c82ff68e-0db1-4f30-b98c-fb81f0411743.c4424a49-501a-4ad5-bb6e-165f695d16d9,132112,Balatro,9PK087LNGJC5,
Hellblade: Senua's Sacrifice,Xbox Game Pass,xbox-game-pass,Game Catalog,Ultimate/PC/Console,PC | Xbox,,,81,7.5,8.2,9.2,https://store-images.s-microsoft.com/image/apps.51441.67453348098260763.a9f96429-c651-425e-97d2-e8861561f15f.73c36cb3-fa0c-4b94-9cdf-abc1f2037096,41638,Hellblade: Senua's Sacrifice,C4Z7QM8FSXM2,
Winter Burrow,Xbox Game Pass,xbox-game-pass,Game Catalog,Ultimate/PC/Console,PC | Xbox,,,73,7.5,9.1,10.9,https://store-images.s-microsoft.com/image/apps.58045.13551922362408999.6a1ab142-ad0f-4a13-b0ba-9fcbb7182271.5a03aaae-c090-4e7d-92ad-d18792b14d77,169328,Winter Burrow,9ND3HTTQ0GKB,
Oddworld: New 'n' Tasty,PlayStation Plus,playstation-plus,Game Catalog,Extra/Premium,PS4,2014-07-22T04:00:00Z,false,73,7.4,9.6,12.1,https://image.api.playstation.com/cdn/UP4134/CUSA00329_00/96a6Sx1QQqxs87GrtoqSYORytjuFbKfE.png,20113,Oddworld: New 'n' Tasty!,UP4134-CUSA00329_00-ONNTGAME00000001,https://store.playstation.com/en-us/concept/203202
Thrillville: Off the Rails,PlayStation Plus,playstation-plus,Classics Catalog,Premium,PS4 | PS5,2023-12-19T16:00:00Z,true,70,7.4,12.2,13.6,https://image.api.playstation.com/vulcan/ap/rnd/202311/1621/0f0e2a9a0b0bf135d7127695b81625196f37d76d33606910.png,10315,Thrillville: Off the Rails,UP1082-PPSA14360_00-0645898243839752,https://store.playstation.com/en-us/concept/10007620
World War Z,PlayStation Plus,playstation-plus,Game Catalog,Extra/Premium,PS4,2019-04-16T04:00:00Z,false,68,7.4,13.2,47.2,https://image.api.playstation.com/cdn/UP2746/CUSA14046_00/0sdmApE8KNjQkMY5y3PFa7KJzf7MIx2K.png,64828,World War Z,UP2746-CUSA14046_00-WWZTHEGAME201800,https://store.playstation.com/en-us/concept/230658
Goat Simulator 3,Xbox Game Pass,xbox-game-pass,Game Catalog,Ultimate/PC/Console,PC | Xbox,,,73,7.4,12.1,22.4,https://store-images.s-microsoft.com/image/apps.36241.13691300234764634.6bd09c5e-3ea8-4ca5-9bd9-98e21eb55d43.ff3594fe-a85f-4633-b367-eb9adbb28cd8,109125,Goat Simulator 3,9NMB4T25W817,
Goat Simulator 3: Xbox One Edition,Xbox Game Pass,xbox-game-pass,Game Catalog,Ultimate/PC/Console,PC | Xbox,,,73,7.4,12.1,22.4,https://store-images.s-microsoft.com/image/apps.36241.13691300234764634.6bd09c5e-3ea8-4ca5-9bd9-98e21eb55d43.ff3594fe-a85f-4633-b367-eb9adbb28cd8,109125,Goat Simulator 3,9NL3468NRPBG,
Tales of Kenzera™: ZAU,Xbox Game Pass,xbox-game-pass,Game Catalog,Ultimate/PC/Console,PC | Xbox,,,66,7.4,9.8,10.4,https://store-images.s-microsoft.com/image/apps.14704.13739435340883540.5769dd81-ea40-4ffd-9253-32bb306955bf.3b2bb572-7441-4734-ac43-47ab5662d7ae,141842,Tales of Kenzera: Zau,9NNNMBXFFG4W,
Get Even,PlayStation Plus,playstation-plus,Game Catalog,Extra/Premium,PS4,2017-06-23T00:00:00Z,false,68,7.3,10.6,16.4,https://image.api.playstation.com/cdn/UP0700/CUSA07589_00/MPvXhk1gZBfuBujaZGt5o55crFNXpDOk.png,21686,Get Even,UP0700-CUSA07589_00-GETEVENGAME00001,https://store.playstation.com/en-us/concept/207361
Under The Waves,PlayStation Plus,playstation-plus,Game Catalog,Extra/Premium,PS4 | PS5,2023-08-28T04:00:00Z,true,70,7.3,9.3,13.8,https://image.api.playstation.com/vulcan/ap/rnd/202306/0819/8dee0e6f68b3efd178afe3832ef42b5e40b08ba69d531b28.png,112643,Under The Waves,UP1642-PPSA08056_00-SUB0000000000001,https://store.playstation.com/en-us/concept/10005244
CloverPit,Xbox Game Pass,xbox-game-pass,Game Catalog,Ultimate/PC/Console,PC | Xbox,,,74,7.3,11.6,44.8,https://store-images.s-microsoft.com/image/apps.9434.14085185620146711.8f5a8243-ddbd-402c-a73b-a34645ee3d0b.c4d7c628-95d0-4ae8-aa20-706b27164cc3,162926,CloverPit,9P8V7HR160B4,
Coffee Talk,PlayStation Plus,playstation-plus,Game Catalog,Extra/Premium,PS4 | PS5,2023-10-31T04:00:00Z,true,76,7.2,10.3,15,https://image.api.playstation.com/vulcan/img/rnd/202104/0510/kqFKzYXgYrUH0Ytg9ehjazY9.png,106984,Coffee Talk - Episode 2: Hibiscus & Butterfly,UP5258-PPSA07056_00-5059957550022516,https://store.playstation.com/en-us/concept/234471
Coffee Talk Episode 2: Hibiscus & Butterfly,PlayStation Plus,playstation-plus,Game Catalog,Extra/Premium,PS4 | PS5,2023-04-20T04:00:00Z,true,76,7.2,10.3,15,https://image.api.playstation.com/vulcan/ap/rnd/202302/2802/7e8081b6fe6c07c724b389099ffa21072f2ef814c890190a.png,106984,Coffee Talk - Episode 2: Hibiscus & Butterfly,UP5258-PPSA07052_00-2240926562133962,https://store.playstation.com/en-us/concept/10004780
Outlast 2,PlayStation Plus,playstation-plus,Game Catalog,Extra/Premium,PS4,2017-04-24T04:00:00Z,false,73,7.2,8.9,14,https://image.api.playstation.com/cdn/UP2113/CUSA06623_00/5vXtP0O5fmnnyrNnWAinTz57d04szG3b.png,32537,Outlast II,UP2113-CUSA06623_00-OUTLAST200000000,https://store.playstation.com/en-us/concept/224919
SHADOW OF THE COLOSSUS,PlayStation Plus,playstation-plus,Game Catalog,Extra/Premium,PS4,2018-02-06T05:00:00Z,false,82,7.2,9.7,27.6,https://image.api.playstation.com/vulcan/img/rnd/202010/2319/XtqYrG2LWer39eExYBsh9J5x.png,52731,Shadow of the Colossus,UP9000-CUSA08034_00-SOTC0000000000US,https://store.playstation.com/en-us/concept/225857
Tomb Raider: Legend,PlayStation Plus,playstation-plus,Classics Catalog,Premium,PS4 | PS5,2024-06-11T15:00:00Z,true,73,7.2,9.1,14.9,https://image.api.playstation.com/vulcan/ap/rnd/202405/0816/1d9bea712b88097f61b829fac5e96f956fb67225be456f36.png,10477,Tomb Raider: Legend,UP8489-PPSA22453_00-0217126708396262,https://store.playstation.com/en-us/concept/10010747
Gears of War: Reloaded,Xbox Game Pass,xbox-game-pass,Game Catalog,Ultimate/PC/Console,PC | Xbox,,,75,7.2,8.8,23.5,https://store-images.s-microsoft.com/image/apps.61144.14083498106527717.baf556ff-4380-4b5b-9e66-afb4977d6535.4a859985-0b7f-4da2-a9fe-a5e2e8296319,167795,Gears of War: Reloaded,9P8PS6993LSL,
Minishoot' Adventures,Xbox Game Pass,xbox-game-pass,Game Catalog,Ultimate/PC/Console,PC | Xbox,,,85,7.2,9.2,11.4,https://store-images.s-microsoft.com/image/apps.21673.14034134777008506.7f93c2af-ec4e-4905-a864-90af002fd3aa.284e8269-ba02-44e2-a240-3c9266046974,148000,Minishoot' Adventures,9N5PKH0KW2L1,
SUPERHOT: MIND CONTROL DELETE,Xbox Game Pass,xbox-game-pass,Game Catalog,Ultimate/PC/Console,PC | Xbox,,,71,7.2,12,14.5,https://store-images.s-microsoft.com/image/apps.24763.14383048766618347.734b0c9a-e030-4976-bf99-73f141752531.347d5269-0e81-483c-beed-f54d82584012,51504,SUPERHOT: MIND CONTROL DELETE,9NRH78B682L8,
Alone in the Dark: The New Nightmare (2001),PlayStation Plus,playstation-plus,Classics Catalog,Premium,PS4 | PS5,2024-04-16T15:00:00Z,true,62,7.1,8.9,13.8,https://image.api.playstation.com/vulcan/ap/rnd/202404/0811/10121f7f8758fa1e203f1f7738b40ba4ec18d38ba19ea1bc.png,397,Alone in the Dark: The New Nightmare,UP4389-PPSA18070_00-AITDNEWNIGHTMARE,https://store.playstation.com/en-us/concept/10009035
Ape Escape,PlayStation Plus,playstation-plus,Classics Catalog,Premium,PS4 | PS5,2025-03-07T17:00:00Z,true,75,7.1,9.7,11.2,https://image.api.playstation.com/vulcan/ap/rnd/202205/0219/BZnOHjFOdOpiLDnKFn3ZtImL.png,518,Ape Escape,UP9000-PPSA06319_00-SCUS944230000000,https://store.playstation.com/en-us/concept/10004394
Ape Escape P,PlayStation Plus,playstation-plus,Classics Catalog,Premium,PS4 | PS5,2025-03-07T17:00:00Z,true,75,7.1,9.7,11.2,https://image.api.playstation.com/vulcan/ap/rnd/202307/1315/921d9937689d97d35cfd707cfc373d5ce75394797c31fc82.png,518,Ape Escape,UP9000-PPSA11127_00-UCUS986090000000,https://store.playstation.com/en-us/concept/10006481
DOOM 64,PlayStation Plus,playstation-plus,Classics Catalog,Premium,PS4,2020-03-20T04:00:00Z,false,75,7.1,9.2,10.5,https://image.api.playstation.com/vulcan/ap/rnd/202009/2405/HTPmcFGygxyELKsmy8cKBRHy.png,2709,Doom 64,UP1003-CUSA16287_00-DOOM64X199700000,https://store.playstation.com/en-us/concept/234454
Observer: System Redux,PlayStation Plus,playstation-plus,Game Catalog,Extra/Premium,PS5 | PS4,2020-11-12T05:00:00Z,true,73,7.1,9.1,14.6,https://image.api.playstation.com/vulcan/ap/rnd/202603/1815/2b06f03f1a7372f17f2620366653398bafcf3495c75463ae.png,82626,Observer: System Redux,UP4176-PPSA02118_00-8840415776217330,https://store.playstation.com/en-us/concept/10001519
TimeSplitters 2,PlayStation Plus,playstation-plus,Classics Catalog,Premium,PS4 | PS5,2024-08-20T16:00:00Z,true,81,7.1,16,27.3,https://image.api.playstation.com/vulcan/ap/rnd/202407/3114/57db4f003a605562be917463dccb2b08a66b67911c7412f6.png,10363,TimeSplitters 2,EP4062-PPSA23801_00-TIMESPLITTERSTWO,https://store.playstation.com/en-us/concept/10011401
UNCHARTED: The Lost Legacy,PlayStation Plus,playstation-plus,Game Catalog,Extra/Premium,PS4,2017-08-22T04:00:00Z,false,81,7.1,8.6,17.4,https://image.api.playstation.com/vulcan/img/rnd/202010/2813/h9Xc7ZhCEGUcS05YvpEcNT0D.png,41814,Uncharted: The Lost Legacy,UP9000-CUSA07737_00-UNCHD4LOSTLEGACY,https://store.playstation.com/en-us/concept/205354
DOOM 64,Xbox Game Pass,xbox-game-pass,Game Catalog,Ultimate/PC/Console,PC | Xbox,,,75,7.1,9.2,10.5,https://store-images.s-microsoft.com/image/apps.46055.13886780434132750.58497d0f-3220-4d2f-a7ff-96dcff27bc5f.4aac1ddb-3d94-42df-a4bb-cb2dc420c7fb,2709,Doom 64,9MXND4PQLK3W,
Gears of War: Judgment,Xbox Game Pass,xbox-game-pass,Game Catalog,Ultimate/PC/Console,PC | Xbox,,,68,7.1,8.2,9.7,https://store-images.s-microsoft.com/image/apps.44244.70323071690757883.aa344172-c923-4b38-a055-9ce9a093bc86.0f5d2994-3b99-4968-9b8b-ccdff7d7612f,3867,Gears of War: Judgment,BSHMMGRP84N4,
Overcooked! 2,Xbox Game Pass,xbox-game-pass,Game Catalog,Ultimate/PC/Console,PC | Xbox,,,80,7.1,11.8,25.5,https://store-images.s-microsoft.com/image/apps.60458.70952388438497888.9a8a7127-1933-427d-b864-f4857d4c02fd.734afa54-8396-4590-8a61-9565e4eeca71,57518,Overcooked! 2,BVJLKDG2TX8H,
Quake II,Xbox Game Pass,xbox-game-pass,Game Catalog,Ultimate/PC/Console,PC | Xbox,,,80,7.1,9.6,15.9,https://store-images.s-microsoft.com/image/apps.18071.14105366677060737.2503bfc2-efe7-4772-9a81-c5a231a5057d.3250d552-459e-4b9c-886d-ec3bebedcc98,7455,Quake II,9P7L9H478GGV,
FOR HONOR,PlayStation Plus,playstation-plus,Game Catalog | Ubisoft+ Classics,Extra/Premium,PS4,2024-03-14T13:00:00Z,false,66,7,10.9,18.3,https://image.api.playstation.com/vulcan/ap/rnd/202509/1221/60bc48d8a8baf08af18e528f59066ad1d56f3e550545118e.png,36385,For Honor,UP0001-CUSA05218_00-FHSTAN0000000000,https://store.playstation.com/en-us/concept/221694
Syphon Filter: Dark Mirror,PlayStation Plus,playstation-plus,Classics Catalog,Premium,PS4 | PS5,2025-03-07T17:00:00Z,true,72,7,8.1,11.3,https://image.api.playstation.com/vulcan/ap/rnd/202302/1621/db79c533d923baa96874cfe66906abc62cd0989797a0bbe9.png,9542,Syphon Filter: Dark Mirror,UP9000-PPSA06785_00-UCUS986410000000,https://store.playstation.com/en-us/concept/10004652
Thymesia,PlayStation Plus,playstation-plus,Game Catalog,Extra/Premium,PS5,2022-08-18T04:00:00Z,true,70,7,10.8,15.7,https://image.api.playstation.com/vulcan/ap/rnd/202207/2122/HUO8vn81JIk1cfsLSKQ0mf7C.png,90117,Thymesia,UP4064-PPSA05214_00-0984199900323554,https://store.playstation.com/en-us/concept/10003778
Undertale,PlayStation Plus,playstation-plus,Game Catalog,Extra/Premium,PS4,2023-07-18T15:00:00Z,false,87,7,11.3,20.6,https://image.api.playstation.com/gs2-sec/appkgo/prod/CUSA09239_00/1/i_691ab24757a01bfc94c6f293abd4fac52478bdac0d5829388ceb9a4e4da9c7d1/i/icon0.png,30385,Undertale,UP3893-CUSA08801_00-0414152186658084,https://store.playstation.com/en-us/concept/228887
FOR HONOR - Standard Edition,Xbox Game Pass,xbox-game-pass,Game Catalog,Ultimate/PC/Console,PC | Xbox,,,66,7,10.9,18.3,https://store-images.s-microsoft.com/image/apps.13935.13933975769179739.099ec08e-87f6-4b06-8d84-405337bde6c6.abbbdd32-4df6-45fe-8f60-f0fa3cef6540,36385,For Honor,9N3DWR830CVN,
FOR HONOR : MARCHING FIRE EDITION,Xbox Game Pass,xbox-game-pass,Game Catalog,Ultimate/PC/Console,PC | Xbox,,,66,7,10.9,18.3,https://store-images.s-microsoft.com/image/apps.64490.70708341341483707.d3a453ca-3a25-4286-8efe-09643a534aac.c75f9ba2-bab4-4001-8a2b-d116aa2a4b9c,36385,For Honor,C4CBF3FHHCND,
Citizen Sleeper,PlayStation Plus,playstation-plus,Game Catalog,Extra/Premium,PS4 | PS5,2023-03-31T17:00:00Z,true,82,6.9,10.4,13.5,https://image.api.playstation.com/vulcan/ap/rnd/202303/1609/e3278cdeab2b05d0b0ff86c29c14f8b48ea0ada641ca1595.png,94117,Citizen Sleeper,UP5480-PPSA13630_00-CITIZENSLEEPER00,https://store.playstation.com/en-us/concept/10007275
Ratchet & Clank: Size Matters,PlayStation Plus,playstation-plus,Classics Catalog,Premium,PS4 | PS5,2024-07-16T16:00:00Z,true,66,6.9,9.2,14.6,https://image.api.playstation.com/vulcan/ap/rnd/202406/2123/c261a0f006b6c663003a793fcccd2903ffc77732d283ea49.png,7595,Ratchet & Clank: Size Matters,UP9000-PPSA14431_00-UCUS986330000000,https://store.playstation.com/en-us/concept/10007644
Aragami,PlayStation Plus,playstation-plus,Game Catalog,Extra/Premium,PS4,2016-10-04T00:00:00Z,false,69,6.8,10.3,19.7,https://image.api.playstation.com/cdn/UP1578/CUSA06168_00/aZ1WOSfMw9fsv4Y5KbT9ikS1THYP3egi.png,40342,Aragami,UP1578-CUSA06168_00-0000000000000001,https://store.playstation.com/en-us/concept/216879
As Dusk Falls PS4® & PS5®,PlayStation Plus,playstation-plus,Game Catalog,Extra/Premium,PS4 | PS5,2024-03-07T14:00:00Z,true,,6.8,8.6,14.1,https://image.api.playstation.com/vulcan/ap/rnd/202401/1110/770bc4374605a43bf550afee091b6a05e416c239a7d73db3.png,81122,As Dusk Falls,UP4633-PPSA17818_00-0075138244833922,https://store.playstation.com/en-us/concept/10008922
MediEvil 2,PlayStation Plus,playstation-plus,Classics Catalog,Premium,PS4 | PS5,2025-01-21T17:00:00Z,true,73,6.8,6.9,7.2,https://image.api.playstation.com/vulcan/ap/rnd/202501/1012/29b1fe590465ea249cbd1d2fcd248d83ebe40b755e5b5f9b.png,5797,MediEvil 2,UP9000-PPSA19048_00-SCUS945640000000,https://store.playstation.com/en-us/concept/10009384
Resident Evil 3 Nemesis,PlayStation Plus,playstation-plus,Classics Catalog,Premium,PS4 | PS5,2025-08-19T16:00:00Z,true,82,6.8,8.1,13.1,https://image.api.playstation.com/vulcan/ap/rnd/202205/1307/NliUZLNjF0QGLI6sqvU9n3KM.png,7719,Resident Evil 3: Nemesis,UP0102-PPSA07815_00-CLASSICRE3000001,https://store.playstation.com/en-us/concept/10005151
As Dusk Falls,Xbox Game Pass,xbox-game-pass,Game Catalog,Ultimate/PC/Console,PC | Xbox,,,,6.8,8.6,14.1,https://store-images.s-microsoft.com/image/apps.46746.14387733153613072.28665954-14dc-4229-8e3c-0257e25089cb.46b89faa-6b2f-433b-aefc-16e5063ea2af,81122,As Dusk Falls,9NR7XDNVP5SW,
Trials Fusion,Xbox Game Pass,xbox-game-pass,Game Catalog,Ultimate/PC/Console,PC | Xbox,,,72,6.8,22.4,115.5,https://store-images.s-microsoft.com/image/apps.26754.71395082567433528.16735f42-b6d7-4b47-87c2-5eb0e8defe49.8247dcd7-6e6b-456b-94a4-7a58b6b7c88a,17507,Trials Fusion,BVCRSR6XSDW5,
Monster Truck Championship,PlayStation Plus,playstation-plus,Game Catalog,Extra/Premium,PS5,2021-03-16T09:00:00Z,true,53,6.7,8,10.1,https://image.api.playstation.com/vulcan/ap/rnd/202007/1312/ArKJUruutDZyHHPSeqvDRubF.png,86446,Monster Truck Championship,UP4008-PPSA01902_00-MTC0SIEA00000000,https://store.playstation.com/en-us/concept/10000346
Ridge Racer 2 PS4 & PS5,PlayStation Plus,playstation-plus,Classics Catalog,Premium,PS4 | PS5,2022-12-20T16:00:00Z,true,74,6.7,15,21,https://image.api.playstation.com/vulcan/ap/rnd/202205/2204/v8xFzLoF6UdCJqFPdJwRSRw5.png,39722,Ridge Racer 2,UP0700-PPSA07695_00-RIDGERACER200000,https://store.playstation.com/en-us/concept/10005097
Costume Quest 2,Xbox Game Pass,xbox-game-pass,Game Catalog,Ultimate/PC/Console,PC | Xbox,,,71,6.7,7.9,9.5,https://store-images.s-microsoft.com/image/apps.58046.64122308222742873.15d36f5b-53d3-4a06-b907-d3b4e9ffe2cc.4fb3feef-aac5-46ca-8225-212a45973493,21537,Costume Quest 2,BZ92FB6PWXFJ,
Dino Crisis,PlayStation Plus,playstation-plus,Classics Catalog,Premium,PS4 | PS5,2024-10-15T16:00:00Z,true,75,6.6,8.6,10,https://image.api.playstation.com/vulcan/ap/rnd/202205/1307/J8z8zZWGd6Kr7IY9kLbzZoi1.png,2561,Dino Crisis,UP0102-PPSA07831_00-CLASSICDINO00001,https://store.playstation.com/en-us/concept/10005160
Dishonored®: Death of the Outsider™,PlayStation Plus,playstation-plus,Game Catalog,Extra/Premium,PS4,2017-09-15T04:00:00Z,false,76,6.6,11.6,18,https://image.api.playstation.com/vulcan/ap/rnd/202009/2920/mUjmWOusNIcAENORucmAnj1k.png,46419,Dishonored: Death of the Outsider,UP1003-CUSA08793_00-BLKHRT0000000000,https://store.playstation.com/en-us/concept/229481
Overpass,PlayStation Plus,playstation-plus,Game Catalog,Extra/Premium,PS4,2020-03-31T04:00:00Z,false,68,6.6,,,https://image.api.playstation.com/gs2-sec/acpkgo/prod/CUSA15507_00/4/i_37ce6fd4fdc8779ce793d149053b50a37e0cf689295ae9295a8c69f62835e317/i/icon0.png,86985,OVERPASS,UP4008-CUSA15507_00-OPSIEA0000000000,https://store.playstation.com/en-us/concept/233719
The Invincible,PlayStation Plus,playstation-plus,Game Catalog,Extra/Premium,PS5,2023-11-06T15:00:00Z,true,75,6.6,8,11.7,https://image.api.playstation.com/vulcan/ap/rnd/202310/2713/ae43dd232ad127bd49fc04140ee0642f8345398ee0164766.png,83135,The Invincible,UP6520-PPSA06425_00-8440883895336757,https://store.playstation.com/en-us/concept/10002666
Vikings - Wolves of Midgard,PlayStation Plus,playstation-plus,Game Catalog,Extra/Premium,PS4,2017-03-28T04:00:00Z,false,67,6.6,8,11.9,https://image.api.playstation.com/cdn/UP2060/CUSA05041_00/wTAE4iGtFPc6kqldFsQyhKctojQ2armw.png,30675,Zombie Vikings,UP2060-CUSA05041_00-VIKINGSWOLVESOFM,https://store.playstation.com/en-us/concept/224994
Dishonored®: Death of the Outsider™,Xbox Game Pass,xbox-game-pass,Game Catalog,Ultimate/PC/Console,PC | Xbox,,,76,6.6,11.6,18,https://store-images.s-microsoft.com/image/apps.45510.67180938922431908.a2c2d9ea-42a1-4ddc-bf74-8b91562769cf.29da272d-e2a1-4934-b9e9-563227373143,46419,Dishonored: Death of the Outsider,C5F2XDQPPJKZ,
ROUTINE,Xbox Game Pass,xbox-game-pass,Game Catalog,Ultimate/PC/Console,PC | Xbox,,,75,6.6,6.8,7.7,https://store-images.s-microsoft.com/image/apps.30510.14172841759095673.813a49ea-ac20-4aed-8857-f3ba4b7e19a8.8e8b572b-39a7-488b-b70e-dd15021b4593,22546,Routine,9PCJT6TLCGGV,
Valiant Hearts: The Great War,Xbox Game Pass,xbox-game-pass,Game Catalog,Ultimate/PC/Console,PC | Xbox,,,81,6.6,7.4,9.2,https://store-images.s-microsoft.com/image/apps.24781.65058618232281657.63467f0d-c2fd-437f-a555-f7600b31c66b.2a5bb861-5ab9-4445-b962-f2df39c029e7,19503,Valiant Hearts: The Great War,C0X15TR4NP0B,
Adventure Time Pirates of the Enchiridion,PlayStation Plus,playstation-plus,Game Catalog,Extra/Premium,PS4,2018-07-20T04:00:00Z,false,62,6.5,8.9,11.4,https://image.api.playstation.com/cdn/UP3824/CUSA11071_00/OlXPk6wOo9opxLFdArUkNmKjFaF56qmx.png,58827,Adventure Time: Pirates of the Enchiridion,UP3824-CUSA11071_00-ADPOFE0000000001,https://store.playstation.com/en-us/concept/231468
Assassin's Creed Chronicles: Russia,PlayStation Plus,playstation-plus,Game Catalog | Ubisoft+ Classics,Extra/Premium,PS4,2016-02-09T00:00:00Z,false,58,6.5,7.9,14.8,https://image.api.playstation.com/cdn/UP0001/CUSA01349_00/ycEteGspyp4jmol7LvRJNPzWaFNuq3n8.png,33659,Assassin's Creed Chronicles: Russia,UP0001-CUSA01349_00-ACCHRONICLESEP03,https://store.playstation.com/en-us/concept/212280
Assassin's Creed® Chronicles: Russia,Xbox Game Pass,xbox-game-pass,Game Catalog,Ultimate/PC/Console,PC | Xbox,,,58,6.5,7.9,14.8,https://store-images.s-microsoft.com/image/apps.26020.63247014866406746.df435824-51e5-4863-bbd3-185623886d0e.162824a0-0863-4412-bded-6df477103846,33659,Assassin's Creed Chronicles: Russia,BXQQQQ8HRBSF,
Iron Brigade,Xbox Game Pass,xbox-game-pass,Game Catalog,Ultimate/PC/Console,PC | Xbox,,,69,6.5,12.5,19.5,https://store-images.s-microsoft.com/image/apps.6592.70391876699030155.da5013c1-1068-4d6c-97e5-7f1b39fdf705.164a1729-3efa-4cde-8c58-606781818bf7,10637,Iron Brigade,BTKN78H28RPV,
Cursed to Golf,PlayStation Plus,playstation-plus,Game Catalog,Extra/Premium,PS4 | PS5,2022-08-18T15:00:00Z,true,68,6.4,7.1,10.2,https://image.api.playstation.com/vulcan/ap/rnd/202207/1812/lJA7xSnxU5fmQXpsxgLFZi6h.png,93251,Cursed to Golf,UP5180-PPSA08411_00-CURSEDTOGOLFP5US,https://store.playstation.com/en-us/concept/10004926
Pursuit Force: Extreme Justice,PlayStation Plus,playstation-plus,Classics Catalog,Premium,PS4 | PS5,2025-03-07T17:00:00Z,true,70,6.4,9.8,13.7,https://image.api.playstation.com/vulcan/ap/rnd/202307/1315/9bb5fbcd7c435c10e1c77601ce9d5ede3584b57567a7b674.png,7398,Pursuit Force: Extreme Justice,UP9000-PPSA08696_00-UCUS987030000000,https://store.playstation.com/en-us/concept/10005512
Session: Skate Sim,PlayStation Plus,playstation-plus,Game Catalog,Extra/Premium,PS4 | PS5,2022-09-22T08:00:00Z,true,68,6.4,40.3,50.7,https://image.api.playstation.com/vulcan/ap/rnd/202509/1909/16ba82c23d973f61c7d7c5e26cae95c8166c39899c28cba2.png,70726,Session: Skate Sim,UP6665-PPSA06511_00-SSSG000000000000,https://store.playstation.com/en-us/concept/10004240
Syphon Filter 3,PlayStation Plus,playstation-plus,Classics Catalog,Premium,PS4 | PS5,2025-03-07T17:00:00Z,true,72,6.4,7.9,9,https://image.api.playstation.com/vulcan/ap/rnd/202210/2723/tLPuoWYI5YiLjvHCp9IV0K1u.png,9541,Syphon Filter 3,UP9000-PPSA09693_00-SCUS946400000000,https://store.playstation.com/en-us/concept/10005946
New Super Lucky's Tale,Xbox Game Pass,xbox-game-pass,Game Catalog,Ultimate/PC/Console,PC | Xbox,,,76,6.4,8.8,10.6,https://store-images.s-microsoft.com/image/apps.42417.13867280688858311.8624d86c-7857-440e-9303-9897a29ba67e.42b5def2-8e7f-4ff7-a75b-72354e44d97e,71552,New Super Lucky's Tale,9MZN3SMXN824,
Ryse: Legendary Edition,Xbox Game Pass,xbox-game-pass,Game Catalog,Ultimate/PC/Console,PC | Xbox,,,70,6.4,8.3,20.1,https://store-images.s-microsoft.com/image/apps.60491.66576013357284579.8e928172-618d-454a-94ba-d0f0cb676ea8.c59cfbed-1b88-4a19-acf1-c85931197131,14345,Ryse: Son of Rome,C4F7ZHLN6B2J,
Hot Shots® Tennis,PlayStation Plus,playstation-plus,Classics Catalog,Premium,PS4,2016-09-13T04:00:00Z,false,71,6.3,6.5,28.2,https://image.api.playstation.com/cdn/UP9000/CUSA02193_00/FrJXexHruy7pjB6bCgDidXRbakNfNJJc.png,4520,Hot Shots Tennis,UP9000-CUSA02193_00-SCUS976100000001,https://store.playstation.com/en-us/concept/207034
Human: Fall Flat PS4 & PS5,PlayStation Plus,playstation-plus,Game Catalog,Extra/Premium,PS4 | PS5,2021-06-24T13:00:00Z,true,71,6.3,12.3,25.5,https://image.api.playstation.com/vulcan/ap/rnd/202602/2414/cee9b1f4c4e68b0a6a0579eec34888a69a1082194b109a42.png,38887,Human: Fall Flat,UP4395-PPSA02431_00-HFFGAME000000PS5,https://store.playstation.com/en-us/concept/227139
LEGO® NINJAGO® Movie Video Game,PlayStation Plus,playstation-plus,Game Catalog,Extra/Premium,PS4,2017-09-22T04:00:00Z,false,66,6.3,10.1,17.9,https://image.api.playstation.com/cdn/UP1018/CUSA07739_00/2wnsfIxfhtPpn4ufVDSnjnfXT5swnk8D.png,49226,The LEGO Ninjago Movie Videogame,UP1018-CUSA07739_00-LEGONINJAGOMOVIE,https://store.playstation.com/en-us/concept/228782
SEASON: A letter to the future PS4 & PS5,PlayStation Plus,playstation-plus,Game Catalog,Extra/Premium,PS4 | PS5,2023-01-31T17:00:00Z,true,71,6.3,7.1,8.4,https://image.api.playstation.com/vulcan/ap/rnd/202206/0319/Ap7NdK7pk3Xw3tH4LJFuM6d9.png,85998,SEASON: A letter to the future,UP3901-PPSA02856_00-SEASONGAMEPS5NA0,https://store.playstation.com/en-us/concept/10001697
Battlefield 4,Xbox Game Pass,xbox-game-pass,Game Catalog,Ultimate/PC/Console,PC | Xbox,,,73,6.3,9,17.6,https://store-images.s-microsoft.com/image/apps.18274.67660042887481018.7de2bfcd-48ef-4a6c-bba4-e65d208d67ec.f299bd07-f6b3-4870-b5e6-786c0a4c3e92,942,Battlefield 4,BP15SF17LH13,
Human Fall Flat,Xbox Game Pass,xbox-game-pass,Game Catalog,Ultimate/PC/Console,PC | Xbox,,,71,6.3,12.3,25.5,https://store-images.s-microsoft.com/image/apps.60364.69811231537758929.2c9d4e54-bad3-430f-aef8-714e2cc8969d.f0fa710a-8364-428d-a3b9-5935fcae9960,38887,Human: Fall Flat,BSMZH25V6V46,
Lara Croft and the Guardian of Light,Xbox Game Pass,xbox-game-pass,Game Catalog,Ultimate/PC/Console,PC | Xbox,,,74,6.3,8.2,16.4,https://store-images.s-microsoft.com/image/apps.17528.63534390885266689.ca30eabf-228a-44d6-850d-48cfca22564f.c1cb17a1-416e-441d-8ced-a350afb29dcb,5181,Lara Croft and the Guardian of Light,BX7XFZ51XTW8,
Max: The Curse of Brotherhood,Xbox Game Pass,xbox-game-pass,Game Catalog,Ultimate/PC/Console,PC | Xbox,,,73,6.3,7.9,10,https://store-images.s-microsoft.com/image/apps.34255.64425461392281454.879d20d4-a065-415c-8776-8483672ad5d1.25a30b51-1813-46f5-bc8c-610c11cdc021,15464,Max: The Curse of Brotherhood,C0SFCF4PBRSZ,
Golf With Your Friends,PlayStation Plus,playstation-plus,Game Catalog,Extra/Premium,PS4,2020-06-02T04:00:00Z,false,69,6.2,11.2,26.6,https://image.api.playstation.com/vulcan/ap/rnd/202209/1414/rit1KAnxB1hlwgjlGmWUH1js.png,34956,Golf With Your Friends,UP4064-CUSA17669_00-GOLFWYFRIENDS000,https://store.playstation.com/en-us/concept/235061
Magicka 2,PlayStation Plus,playstation-plus,Game Catalog,Extra/Premium,PS4,2015-05-26T04:00:00Z,false,70,6.2,9.9,33.4,https://image.api.playstation.com/cdn/UP4139/CUSA02421_00/265Ck6tK5gLBbLfunNxUzwht5LiJtybL.png,25222,Magicka 2,UP4139-CUSA02421_00-MAMA02GP40000003,https://store.playstation.com/en-us/concept/202615
TimeSplitters: Future Perfect,PlayStation Plus,playstation-plus,Classics Catalog,Premium,PS4 | PS5,2024-08-20T16:00:00Z,true,81,6.2,16,28.6,https://image.api.playstation.com/vulcan/ap/rnd/202407/3114/33b73f7b4a763edc8dd65457b7a67fe7f94584b8978eac66.png,10364,TimeSplitters: Future Perfect,EP4062-PPSA23847_00-TIMESPLITTERS3FP,https://store.playstation.com/en-us/concept/10011401
Battlefield™ V,Xbox Game Pass,xbox-game-pass,Game Catalog,Ultimate/PC/Console,PC | Xbox,,,68,6.2,9.8,36.2,https://store-images.s-microsoft.com/image/apps.242.64032621253256243.9745cf01-8239-4973-8193-31de18936f03.a8c3c497-3428-45cb-85b3-d84dcb2743bd,57352,Battlefield V,BZ2N7TQ0XCF2,
GRID Legends,Xbox Game Pass,xbox-game-pass,Game Catalog,Ultimate/PC/Console,PC | Xbox,,,68,6.2,26.4,79.2,https://store-images.s-microsoft.com/image/apps.37650.13561500935514596.eddcbba6-93d0-42cc-93d4-0f33eaa8a4e8.4e5cf9ec-9275-420b-8fcf-7d14d91addff,95926,GRID Legends,9NCT9L7NFHX7,
Anodyne,PlayStation Plus,playstation-plus,Game Catalog,Extra/Premium,PS4,2018-09-18T00:00:00Z,false,70,6.1,6.8,9.5,https://image.api.playstation.com/cdn/UP4352/CUSA05869_00/kqHEUVqkPgm3711rmYYELnKQpoY7TvQ8.png,492,Anodyne,UP4352-CUSA05869_00-NNANODYNEGAME0US,https://store.playstation.com/en-us/concept/221831
Assassin’s Creed® Chronicles: China,PlayStation Plus,playstation-plus,Game Catalog | Ubisoft+ Classics,Extra/Premium,PS4,2022-05-26T04:00:00Z,false,,6.1,9.2,17.6,https://image.api.playstation.com/cdn/EP0001/CUSA01329_00/qA4u9KjzEfxcYthpnp6VOnu4AQY3BKu3DYse6A5C5NarpzcF6jox44wj7EvAy6Lo.png,25195,Assassin's Creed Chronicles: China,UP0001-CUSA34563_00-ACCCSIEAFULLGAME,https://store.playstation.com/en-us/concept/200102
Bad North,PlayStation Plus,playstation-plus,Game Catalog,Extra/Premium,PS4,2018-08-28T04:00:00Z,false,72,6.1,9.1,21.5,https://image.api.playstation.com/cdn/UP2320/CUSA10969_00/DDnamFFxbwXPW3BIlIQsag9N9bUKAmyu.png,55056,Bad North,UP2320-CUSA10969_00-BADNORTHDLGAME01,https://store.playstation.com/en-us/concept/231064
Death Squared,PlayStation Plus,playstation-plus,Game Catalog,Extra/Premium,PS4,2017-03-14T00:00:00Z,false,68,6.1,7.9,9.8,https://image.api.playstation.com/cdn/UP3490/CUSA07764_00/kDZrvTkCs430iF2EDF5yCBQf7HLMGv7j.png,47424,Death Squared,UP3490-CUSA07764_00-1111212111112112,https://store.playstation.com/en-us/concept/225086
echochrome,PlayStation Plus,playstation-plus,Classics Catalog,Premium,PS4 | PS5,2025-03-07T17:00:00Z,true,65,6.1,8.1,10.4,https://image.api.playstation.com/vulcan/ap/rnd/202205/0219/yJo4i2H2GHr6HEAIx6JayYpr.png,3049,Echochrome,UP9000-PPSA06795_00-NPUG801350000000,https://store.playstation.com/en-us/concept/10004656
Lake PS4 & PS5,PlayStation Plus,playstation-plus,Game Catalog,Extra/Premium,PS5,2022-04-08T16:00:00Z,true,67,6.1,6.8,7.7,https://image.api.playstation.com/vulcan/ap/rnd/202310/1816/b1604e488f92488c2ba4b6c84bf565f0bcf5b0e593792292.png,80207,Lake,UP5223-PPSA06334_00-LAKEPS5SIEAFULL0,https://store.playstation.com/en-us/concept/10003149
Skate Story,PlayStation Plus,playstation-plus,Game Catalog,Extra/Premium,PS5,2025-12-08T17:00:00Z,true,78,6.1,7.2,11.9,https://image.api.playstation.com/vulcan/ap/rnd/202503/1915/1f1b60a5a79b1076b4249123cf75feee2fdf8e4df1726e84.png,109111,Skate Story,UP3643-PPSA28801_00-0903988917779220,https://store.playstation.com/en-us/concept/10014385
Assassin's Creed® Chronicles: China,Xbox Game Pass,xbox-game-pass,Game Catalog,Ultimate/PC/Console,PC | Xbox,,,,6.1,9.2,17.6,https://store-images.s-microsoft.com/image/apps.59589.63853504008037750.145dd84a-1548-4e2f-b47e-6705c5cf8f11.8c7a8626-ba4c-4cca-b1a0-e358b288521b,25195,Assassin's Creed Chronicles: China,BZQQ7HX8PZ05,
F1® 25,Xbox Game Pass,xbox-game-pass,Game Catalog,Ultimate/PC/Console,PC | Xbox,,,75,6.1,26,110.8,https://store-images.s-microsoft.com/image/apps.14105.14440852722460694.8e2c0727-2c64-434e-9a33-2ef751fed0b8.ea8b043a-0a46-4d87-9bd2-d1cc59324c38,166590,F1 25,9NWPW7F19FS5,
Cat Quest III,PlayStation Plus,playstation-plus,Game Catalog,Extra/Premium,PS4 | PS5,2024-08-08T04:00:00Z,true,78,6,8.2,10,https://image.api.playstation.com/vulcan/ap/rnd/202308/3013/02b1e714b0f267f2ef62fc7f0ef934de009483f4e9335713.png,129264,Cat Quest III,UP7581-PPSA15065_00-CQ300000000PS5US,https://store.playstation.com/en-us/concept/10007859
Lonely Mountains: Downhill,PlayStation Plus,playstation-plus,Game Catalog,Extra/Premium,PS4,2019-10-23T04:00:00Z,false,74,6,11.9,34.4,https://image.api.playstation.com/vulcan/img/cfn/11307D1OiuG8o8kXjxLuf-J7KQaHPZXrama41hi3SsHPplGUulzm-ov2J46-TgA7ExZaMzY4jg5SKov1Ff4jopR5RK4lUQB7.png,71406,Lonely Mountains: Downhill,UP5180-CUSA15961_00-0000000000000000,https://store.playstation.com/en-us/concept/234290
The Forgotten City,PlayStation Plus,playstation-plus,Game Catalog,Extra/Premium,PS4 | PS5,2021-07-28T07:30:00Z,true,82,6,8.5,10.6,https://image.api.playstation.com/vulcan/ap/rnd/202106/3010/Sgq7l1vKwsYclxIkaEnYyF4n.png,52194,The Forgotten City,UP1309-PPSA03026_00-THEFORGOTTENCITY,https://store.playstation.com/en-us/concept/10002458
Great God Grove,Xbox Game Pass,xbox-game-pass,Game Catalog,Ultimate/PC/Console,PC | Xbox,,,78,6,7.7,9.5,https://store-images.s-microsoft.com/image/apps.29465.13938047926882205.478db89a-539b-4b20-956d-db969f740012.4807e127-c5eb-4e51-a9ac-623a9c9ce81e,150606,Great God Grove,9N36BLQF3FX6,
NINJA GAIDEN: Ragebound,Xbox Game Pass,xbox-game-pass,Game Catalog,Ultimate/PC/Console,PC | Xbox,,,78,6,9.3,14.9,https://store-images.s-microsoft.com/image/apps.51606.14186314712076006.978d20b2-62d5-4e8b-b4ad-6c6161e1aeca.23ca2e39-0055-49e3-975f-ce5e42c82eef,160587,Ninja Gaiden: Ragebound,9PGFSLP8GWQK,
Super Lucky's Tale,Xbox Game Pass,xbox-game-pass,Game Catalog,Ultimate/PC/Console,PC | Xbox,,,69,6,10,13.6,https://store-images.s-microsoft.com/image/apps.59988.14315077775214047.1727bea1-8d3c-4f02-ba4e-ca1614c98632.199d8c4c-652f-421f-a68c-f6c285885d03,46426,Super Lucky's Tale,9PLMGFWCFZ9G,
Jurassic World Evolution 2,PlayStation Plus,playstation-plus,Game Catalog,Extra/Premium,PS4 | PS5,2021-11-09T14:00:00Z,true,73,5.9,35.7,104.6,https://image.api.playstation.com/vulcan/ap/rnd/202107/2708/WZhQmSMCGEJgLHhnikOcuMnu.png,93485,Jurassic World Evolution 2,UP2514-PPSA03287_00-JWEVOLUTION2AAAA,https://store.playstation.com/en-us/concept/10002577
STAR WARS: Jedi Starfighter,PlayStation Plus,playstation-plus,Classics Catalog,Premium,PS4,2016-01-15T05:00:00Z,false,61,5.9,7.2,8.5,https://image.api.playstation.com/cdn/UP1082/CUSA03473_00/PGRyqtcRKUoAsP4bJAhcoziTwL8940k1.png,9110,Star Wars: Jedi Starfighter,UP1082-CUSA03473_00-SLUS202930000001,https://store.playstation.com/en-us/concept/204271
Wolfenstein: The Old Blood,PlayStation Plus,playstation-plus,Game Catalog,Extra/Premium,PS4,2015-05-05T04:00:00Z,false,75,5.9,8.5,15.8,https://image.api.playstation.com/vulcan/ap/rnd/202009/3005/xvisZlFdwfRCyUphggKQdwJ4.png,24484,Wolfenstein: The Old Blood,UP1003-CUSA01540_00-WOLFENSTEINBLOOD,https://store.playstation.com/en-us/concept/205293
Wolfenstein: The Old Blood,Xbox Game Pass,xbox-game-pass,Game Catalog,Ultimate/PC/Console,PC | Xbox,,,75,5.9,8.5,15.8,https://store-images.s-microsoft.com/image/apps.20849.14122383886801714.65a75288-1d4b-4744-b3e8-5eb9e5357c0a.11ba4652-6dae-421d-aaa6-b7289c8822f5,24484,Wolfenstein: The Old Blood,BPV4GXTDCNSH,
MONOPOLY Madness,PlayStation Plus,playstation-plus,Game Catalog | Ubisoft+ Classics,Extra/Premium,PS4,2021-12-09T05:00:00Z,false,49,5.8,6,6.7,https://image.api.playstation.com/vulcan/ap/rnd/202110/2907/33W7jKlA3MtWC8fNMDQKsa6K.png,101422,Monopoly Madness,UP0001-CUSA26329_00-MONOPOLYGAME0000,https://store.playstation.com/en-us/concept/10002216
Monopoly Madness,Xbox Game Pass,xbox-game-pass,Game Catalog,Ultimate/PC/Console,PC | Xbox,,,49,5.8,6,6.7,https://store-images.s-microsoft.com/image/apps.51782.14525699525425613.9329bf2d-2490-4f7b-bf0f-cdbaa75d45b4.41327cf9-d947-4bc2-9a32-33803ff75810,101422,Monopoly Madness,9P0RGJND5SR0,
Relooted,Xbox Game Pass,xbox-game-pass,Game Catalog,Ultimate/PC/Console,PC | Xbox,,,63,5.8,9.4,10,https://store-images.s-microsoft.com/image/apps.15777.14320824299519255.dcbcdae0-7b7f-4ec7-b428-8db1b8659f3d.6d074ad8-9b36-4bc2-a50e-a81188453880,169295,Relooted,9PPP5344B3LS,
Assassin's Creed Chronicles: India,PlayStation Plus,playstation-plus,Game Catalog | Ubisoft+ Classics,Extra/Premium,PS4,2016-01-13T00:00:00Z,false,61,5.7,7.3,14.1,https://image.api.playstation.com/cdn/UP0001/CUSA01348_00/hUy92PcexsWO7SzegAlJyNQTKrM6ZJ57.png,33522,Assassin's Creed Chronicles: India,UP0001-CUSA01348_00-ACCHRONICLESEP02,https://store.playstation.com/en-us/concept/205867
Assassin's Creed® Chronicles: India,Xbox Game Pass,xbox-game-pass,Game Catalog,Ultimate/PC/Console,PC | Xbox,,,61,5.7,7.3,14.1,https://store-images.s-microsoft.com/image/apps.29086.70425082533983523.ff1d078d-4642-493c-9cc6-2c51390ba69c.24575d9f-8275-4a2d-963b-ea01d51e2c04,33522,Assassin's Creed Chronicles: India,BTMS1PXLQ6P6,
Tempopo,Xbox Game Pass,xbox-game-pass,Game Catalog,Ultimate/PC/Console,PC | Xbox,,,56,5.7,25.1,,https://store-images.s-microsoft.com/image/apps.39751.14611568671300660.a5befa52-82c5-4efc-a1ef-241e5f06f8d8.b6d4c629-8ff8-49fe-b13c-6a4b2394b51c,152047,Tempopo,9P6X0VL8BXZF,
to a T,Xbox Game Pass,xbox-game-pass,Game Catalog,Ultimate/PC/Console,PC | Xbox,,,67,5.7,7.1,17.4,https://store-images.s-microsoft.com/image/apps.2593.13697941361368537.c32d8206-344a-43b2-89a4-39988b1759af.5ad9bdbb-5b13-4cb5-97de-0439bb2c76ee,130998,to a T,9NM6NMBJ7ZK4,
Call of The Sea,PlayStation Plus,playstation-plus,Game Catalog,Extra/Premium,PS4 | PS5,2021-05-11T10:00:00Z,true,74,5.6,6.2,7.4,https://image.api.playstation.com/vulcan/ap/rnd/202310/1014/349a0153e57b5c614e3a72ef3caa9e82de422d194dc92d1f.png,77918,Call of the Sea,UP2320-PPSA01545_00-CALLOFTHESEA0000,https://store.playstation.com/en-us/concept/10000938
Cat Quest,PlayStation Plus,playstation-plus,Game Catalog,Extra/Premium,PS4,2017-11-14T05:00:00Z,false,74,5.6,8,10.7,https://image.api.playstation.com/vulcan/ap/rnd/202509/1810/bcdd4e716fa460003bbe272cf59d769b420bd4719cacac11.png,48142,Cat Quest,UP4293-CUSA09626_00-0000000000000000,https://store.playstation.com/en-us/concept/229453
Costume Quest,Xbox Game Pass,xbox-game-pass,Game Catalog,Ultimate/PC/Console,PC | Xbox,,,73,5.6,6.6,7.4,https://store-images.s-microsoft.com/image/apps.18636.69532389726997442.230b98e2-1f17-47ab-9d5a-06afb771f0de.57d2c274-ba74-4d0a-a98f-24a4ca808a82,1947,Costume Quest,BR74RLMH966K,
Little Nightmares II Enhanced Edition,Xbox Game Pass,xbox-game-pass,Game Catalog,Ultimate/PC/Console,PC | Xbox,,,81,5.6,6.6,8.7,https://store-images.s-microsoft.com/image/apps.31716.64860558234786024.c6d17f3a-2d73-46e6-8a1e-c828e528d51f.15e3df91-43f0-4055-8d0c-fcd4ef265c93,69805,Little Nightmares II,C1H74N0TR8KT,
Minecraft Dungeons,Xbox Game Pass,xbox-game-pass,Game Catalog,Ultimate/PC/Console,PC | Xbox,,,67,5.6,12.6,34.2,https://store-images.s-microsoft.com/image/apps.33021.14045794648370014.2229d39b-90c3-496e-8fac-9987450ca4d8.1d642353-a1d9-490f-882f-e5f16a5b82de,68149,Minecraft Dungeons,9N8NJ74FZTG9,
Battle Engine Aquila,PlayStation Plus,playstation-plus,Classics Catalog,Premium,PS4 | PS5,2025-05-20T16:00:00Z,true,48,5.5,5.5,16.2,https://image.api.playstation.com/vulcan/ap/rnd/202505/0223/30f8001f3b9bbdd26aba61a8ef3201c71f2677d5fb32db9b.png,910,Battle Engine Aquila,UP6261-PPSA27019_00-0679710665118767,https://store.playstation.com/en-us/concept/10013168
Myst (PS1),PlayStation Plus,playstation-plus,Classics Catalog,Premium,PS4 | PS5,2025-06-05T16:00:00Z,true,76,5.5,5.7,6.6,https://image.api.playstation.com/vulcan/ap/rnd/202505/2804/26daf61836886b568f74fc30b81a8f02305cd5492cc77470.png,97062,Myst,UP0922-PPSA17121_00-SCUS946020000000,https://store.playstation.com/en-us/concept/10008667
STRIDER,PlayStation Plus,playstation-plus,Classics Catalog,Premium,PS4,2014-02-18T05:00:00Z,false,72,5.5,8,14.3,https://image.api.playstation.com/cdn/UP0102/CUSA00057_00/q3FAevBACaG7QxhShL7IIypq8agD7XVH.png,16794,Strider,UP0102-CUSA00057_00-STRUSHG4TRIAL001,https://store.playstation.com/en-us/concept/204227
Crow Country,PlayStation Plus,playstation-plus,Game Catalog,Extra/Premium,PS4 | PS5,2024-10-22T15:00:00Z,true,83,5.4,6.2,8.3,https://image.api.playstation.com/vulcan/ap/rnd/202310/1119/4b2bc50a0bb1fa4a27273cd583b59e922de33a3d9da23a59.png,139549,Crow Country,UP6093-CUSA45567_00-0160994265024834,https://store.playstation.com/en-us/concept/10009392
Embr,PlayStation Plus,playstation-plus,Game Catalog,Extra/Premium,PS4,2021-09-23T09:00:00Z,false,60,5.4,9.7,21.8,https://image.api.playstation.com/vulcan/img/rnd/202112/1614/X4ocGo4BqaDHKNOFWeZ4RGRK.png,74006,Embr,UP4395-CUSA25172_00-EMBRPS4GAMEUS000,https://store.playstation.com/en-us/concept/10001730
FAR: Changing Tides PS4 & PS5,PlayStation Plus,playstation-plus,Game Catalog,Extra/Premium,PS4 | PS5,2022-03-01T05:00:00Z,true,75,5.4,6.1,8.9,https://image.api.playstation.com/vulcan/ap/rnd/202107/2813/Os6biEZBZHzt6GU8qqo5eSMT.png,94066,FAR: Changing Tides,UP2514-PPSA03766_00-FARCHANGINGTIDES,https://store.playstation.com/en-us/concept/10002934
Thrillville,PlayStation Plus,playstation-plus,Classics Catalog,Premium,PS4 | PS5,2023-12-19T16:00:00Z,true,70,5.4,8.9,9.5,https://image.api.playstation.com/vulcan/ap/rnd/202308/0819/ec11dc9f4eadbb0bdb0e4eef3e36c40025a3c2a170aaf14c.png,10314,Thrillville,UP1082-PPSA14358_00-0724668029168071,https://store.playstation.com/en-us/concept/10007618
Brotato,Xbox Game Pass,xbox-game-pass,Game Catalog,Ultimate/PC/Console,PC | Xbox,,,77,5.4,23,63.5,https://store-images.s-microsoft.com/image/apps.34767.14130976257579640.bd7a2231-2a21-4516-807a-46a50286744a.614cc94b-88ac-4943-bbbd-b73979590c69,114144,Brotato,9P9VNSQK1W3K,
Monster Train 2,Xbox Game Pass,xbox-game-pass,Game Catalog,Ultimate/PC/Console,PC | Xbox,,,81,5.4,37.8,134.1,https://store-images.s-microsoft.com/image/apps.49681.13679035728642800.49d6c527-ad8c-4dc9-8d35-edbd72e5ef8a.ea677b4d-460f-4db5-b63d-6a146097d387,164271,Monster Train 2,9NJC29JG70LM,
Quake,Xbox Game Pass,xbox-game-pass,Game Catalog,Ultimate/PC/Console,PC | Xbox,,,80,5.4,7.7,17.3,https://store-images.s-microsoft.com/image/apps.31797.14497943460299347.3ad06bb4-d442-43a2-99e0-f41399a5b03e.d1944e73-cd9b-4fd2-914c-4a4c3db63b39,7452,Quake,9P1Z43KRNQD4,
Eldest Souls,PlayStation Plus,playstation-plus,Game Catalog,Extra/Premium,PS4 | PS5,2021-07-29T04:00:00Z,true,71,5.3,7.1,15.2,https://image.api.playstation.com/vulcan/img/rnd/202110/2811/aMrRgmjXzSd7kdTQmTdUY0Fh.png,83988,Eldest Souls,UP6965-PPSA04049_00-7687793675498205,https://store.playstation.com/en-us/concept/10002570
Metal Eden,PlayStation Plus,playstation-plus,Game Catalog,Extra/Premium,PS5,2025-09-02T15:00:00Z,true,72,5.3,5.6,10,https://image.api.playstation.com/vulcan/ap/rnd/202501/1516/5a59526a26d03ce67695c0856e6816a0e9a5f5e0127e4868.png,163835,Metal Eden,EP4062-PPSA16211_00-METALEDENPS5SIEE,https://store.playstation.com/en-us/concept/10008291
STAR WARS The Clone Wars,PlayStation Plus,playstation-plus,Classics Catalog,Premium,PS4 | PS5,2024-06-11T09:00:00Z,true,63,5.3,7.2,11.1,https://image.api.playstation.com/vulcan/ap/rnd/202404/2320/798b83df229613be009a6a9a191606a04846b32eab781c14.png,9125,Star Wars: The Clone Wars,UP1082-PPSA21985_00-0384550355606536,https://store.playstation.com/en-us/concept/10010584
Townsmen - A Kingdom Rebuilt,PlayStation Plus,playstation-plus,Game Catalog,Extra/Premium,PS4,2020-02-20T05:00:00Z,false,68,5.3,24,85.2,https://image.api.playstation.com/vulcan/img/cfn/11307mxGC2YZNylPDig84lqbzDTFvGxyqWtSomWHDkShqy7AchEv-UDHw5Jw4aPcEk-66Nut3yy0bPnDbhf9PO9HG8IXm5PO.png,65529,Townsmen - A Kingdom Rebuilt,UP0977-CUSA15705_00-TAKRBASEGAMEUS00,https://store.playstation.com/en-us/concept/233992
Peggle 2,Xbox Game Pass,xbox-game-pass,Game Catalog,Ultimate/PC/Console,PC | Xbox,,,74,5.3,12.3,37.8,https://store-images.s-microsoft.com/image/apps.63323.67897516232762656.798d5423-ae25-4369-b9f2-33205af62a6f.a1c62ace-b09e-417f-913e-528d6f4ca5e6,15272,Peggle 2,BNCZHKWRZ7BR,
Deliver Us The Moon PS4 & PS5,PlayStation Plus,playstation-plus,Game Catalog,Extra/Premium,PS5,2022-06-23T12:00:00Z,true,73,5.2,6.1,8.1,https://image.api.playstation.com/vulcan/ap/rnd/202203/2216/nbNXIr7w4moRpBuFCEw1tEci.png,71372,Deliver Us The Moon,UP4382-PPSA04137_00-DUTMPS5000000000,https://store.playstation.com/en-us/concept/234692
Hotline Miami,PlayStation Plus,playstation-plus,Game Catalog,Extra/Premium,PS4 | PS5,2023-10-23T16:00:00Z,true,82,5.2,7.3,15.4,https://image.api.playstation.com/vulcan/ap/rnd/202309/1318/31633b753add90ce0d9c17ba4ebad3969104e44e83e303d6.png,4530,Hotline Miami,UP3643-PPSA09682_00-4803096615716929,https://store.playstation.com/en-us/concept/10005940
LUMINES REMASTERED,PlayStation Plus,playstation-plus,Classics Catalog,Premium,PS4,2018-07-10T00:00:00Z,false,76,5.2,21.3,21.6,https://image.api.playstation.com/cdn/UP0751/CUSA11624_00/wsdR8eXO5iQ4yyvdKp4ORQpVdL8cunY0.png,57975,Lumines Remastered,UP0751-CUSA11624_00-LUMINESREMASTERE,https://store.playstation.com/en-us/concept/216665
Day of the Tentacle Remastered,Xbox Game Pass,xbox-game-pass,Game Catalog,Ultimate/PC/Console,PC | Xbox,,,78,5.2,5.8,6.4,https://store-images.s-microsoft.com/image/apps.18669.13659998887820416.ac97c487-e49c-4236-a48f-681c4095040e.27089192-fc55-4fcc-910d-aebc79555211,2285,Day of the Tentacle,9NKK6CX54183,
Lara Croft and the Temple of Osiris,Xbox Game Pass,xbox-game-pass,Game Catalog,Ultimate/PC/Console,PC | Xbox,,,68,5.2,7,13.7,https://store-images.s-microsoft.com/image/apps.45852.66406861093311956.5a3a6cc5-ae0d-478d-aa71-eeec71b3768a.ab674b22-40af-41d9-9c2b-68aa18f705d5,21699,Lara Croft and the Temple of Osiris,C3553MB4P5TT,
Alone in the Dark 2 (1996),PlayStation Plus,playstation-plus,Classics Catalog,Premium,PS4 | PS5,2025-04-15T16:00:00Z,true,58,5.1,5.9,6.2,https://image.api.playstation.com/vulcan/ap/rnd/202410/3019/f2c5ed132e1c7c0fdba7c822b97d5885ceaf95c8de3c1bc1.png,395,Alone in the Dark 2,EP4389-PPSA24515_00-EMUPS1ALONEDARK2,https://store.playstation.com/en-us/concept/10011762
Killer Frequency,PlayStation Plus,playstation-plus,Game Catalog,Extra/Premium,PS4 | PS5,2023-06-01T04:00:00Z,true,78,5.1,5.8,11.9,https://image.api.playstation.com/vulcan/ap/rnd/202304/0514/9b72d5ad5ab5f3d6081b7139aed77c3a11161d3ad8f068aa.png,88778,Killer Frequency,UP4064-PPSA09523_00-KILLERFREQUENCY0,https://store.playstation.com/en-us/concept/10005847
Unravel Two,Xbox Game Pass,xbox-game-pass,Game Catalog,Ultimate/PC/Console,PC | Xbox,,,76,5.1,7.3,14.4,https://store-images.s-microsoft.com/image/apps.6886.67435278791875206.d60b3a6b-61b2-4afb-9c4c-453efe4ef48e.5851cf69-55b2-4383-a019-fb601fb993db,57358,Unravel Two,C4VKLMG1HLZW,
Ape Academy,PlayStation Plus,playstation-plus,Classics Catalog,Premium,PS4 | PS5,2025-03-07T17:00:00Z,true,74,5,5.6,5.9,https://image.api.playstation.com/vulcan/ap/rnd/202309/2816/42ff1afd4e02478885696e7c57d1a65e052bd43bd93abd94.png,109211,Escape Academy,UP9000-PPSA07123_00-UCUS986190000000,https://store.playstation.com/en-us/concept/10004810
Cartoon Network: Battle Crashers,PlayStation Plus,playstation-plus,Game Catalog,Extra/Premium,PS4,2016-11-08T05:00:00Z,false,43,5,,,https://image.api.playstation.com/cdn/UP0283/CUSA04729_00/0lu6N9aNUFiWEJrWtlHFBjKDwQHeceCb.png,41378,Cartoon Network: Battle Crashers,UP0283-CUSA04729_00-CARTOONNETWORKBR,https://store.playstation.com/en-us/concept/222958
Concrete Genie,PlayStation Plus,playstation-plus,Game Catalog,Extra/Premium,PS4,2019-10-08T04:00:00Z,false,72,5,6.1,8.1,https://image.api.playstation.com/vulcan/img/rnd/202011/0923/lbjNLN1pA9vZiHjECrt3Gnc7.png,60420,Concrete Genie,UP9000-CUSA11834_00-CONCRETEGENIE000,https://store.playstation.com/en-us/concept/233628
Hotel Transylvania: Scary-Tale Adventures,PlayStation Plus,playstation-plus,Game Catalog,Extra/Premium,PS4 | PS5,2022-03-11T05:00:00Z,true,41,5,6.1,16.5,https://image.api.playstation.com/vulcan/ap/rnd/202201/0616/GEHkZ9fvavhWv4xHDWi8hFTT.png,107044,Hotel Transylvania: Scary-Tale Adventures,UP3824-PPSA05045_00-0455247049774329,https://store.playstation.com/en-us/concept/10001919
Onee Chanbara Origin,PlayStation Plus,playstation-plus,Game Catalog,Extra/Premium,PS4,2020-10-14T04:00:00Z,false,69,5,8.8,17.5,https://image.api.playstation.com/vulcan/ap/rnd/202010/0203/fjRzq2keU6os9GEnDkyk3Mqg.png,72810,Onee Chanbara Origin,UP3177-CUSA20271_00-ANEZ3GAME0000000,https://store.playstation.com/en-us/concept/10000832
Raji: An Ancient Epic,PlayStation Plus,playstation-plus,Game Catalog,Extra/Premium,PS5 | PS4,2024-04-16T15:00:00Z,true,66,5,5.8,6.3,https://image.api.playstation.com/vulcan/ap/rnd/202404/0813/3e8fb0793c66003c8cec1a334d627ac8ae96397898ade99c.png,69306,Raji: An Ancient Epic,UP4989-PPSA21946_00-0159294138060851,https://store.playstation.com/en-us/concept/10000875
TRON RUN/r,PlayStation Plus,playstation-plus,Game Catalog,Extra/Premium,PS4,2016-02-16T05:00:00Z,false,67,5,6.4,22,https://image.api.playstation.com/cdn/UP1082/CUSA02346_00/p6auqQBHV80d7qpETWaG8nNZm7HQPzlO.png,34661,TRON RUN/r,UP1082-CUSA02346_00-TRONESCAPEXXXXXX,https://store.playstation.com/en-us/concept/221794
33 Immortals,Xbox Game Pass,xbox-game-pass,Game Catalog,Ultimate/PC/Console,PC | Xbox,,,71,5,50,,https://store-images.s-microsoft.com/image/apps.2377.14090162823233215.5f027b60-c9ed-4eea-ad07-8091580faccc.a49b63e1-962f-4afc-ba9a-6385aba2159d,129952,33 Immortals,9P8LR42PTRGJ,
Blizzard® Arcade Collection,Xbox Game Pass,xbox-game-pass,Game Catalog,Ultimate/PC/Console,PC | Xbox,,,80,5,,17.5,https://store-images.s-microsoft.com/image/apps.63456.14476509560334391.de75c8bf-1fb8-430a-8b78-9eebf05f3f4f.0a755e18-2ff2-422b-a7e3-c9045214b0f4,88968,Blizzard Arcade Collection,9NZP7NKR2QWG,
Descenders,Xbox Game Pass,xbox-game-pass,Game Catalog,Ultimate/PC/Console,PC | Xbox,,,70,5,13,70.2,https://store-images.s-microsoft.com/image/apps.22806.65934155925401073.332e7c23-85a6-43b3-a586-2f915e27a737.f779bef0-3997-4eba-94f0-7b88eb3a74b4,55598,Descenders,C37XBX7DCBZ0,
Ben 10: Power Trip,PlayStation Plus,playstation-plus,Game Catalog,Extra/Premium,PS4 | PS5,2022-09-28T04:00:00Z,true,52,4.9,7.4,14.8,https://image.api.playstation.com/vulcan/ap/rnd/202008/1216/Nac5PYA3xwUtLz1KsF9EFzfr.png,83992,Ben 10: Power Trip,UP3824-PPSA08358_00-6955715158927034,https://store.playstation.com/en-us/concept/234613
Ben 10: Power Trip,Xbox Game Pass,xbox-game-pass,Game Catalog,Ultimate/PC/Console,PC | Xbox,,,52,4.9,7.4,14.8,https://store-images.s-microsoft.com/image/apps.30849.13672727399820228.e1322d27-4961-46da-9c7b-c310d3e28cb1.90cdc8cc-0bdd-4b06-ba46-71549ba3bf46,83992,Ben 10: Power Trip,9NJWFF2KHL6H,
My Friendly Neighborhood,Xbox Game Pass,xbox-game-pass,Game Catalog,Ultimate/PC/Console,PC | Xbox,,,77,4.9,6.6,13.2,https://store-images.s-microsoft.com/image/apps.50469.13832354349125905.43143cd3-426b-4a91-a56a-b6ff2d3a6231.2445c949-280f-4466-b482-91c8fb161614,104758,My Friendly Neighborhood,9MWV1MV9LWF4,
Gigantosaurus The Game,PlayStation Plus,playstation-plus,Game Catalog,Extra/Premium,PS4,2020-03-27T04:00:00Z,false,60,4.8,7.1,11,https://image.api.playstation.com/vulcan/img/cfn/11307PimT5zzm0JPyP7M4ryD2McH2B2Tz3sXMSmEOlDDDLXM3YvbkeCadMOgW9k1BJyrj1uKHGz1YCQ9oCMKxc2raisCw-8g.png,90289,Gigantosaurus: The Game,UP3824-CUSA16697_00-GIGANTOBASEGAME0,https://store.playstation.com/en-us/concept/234646
UNO®,PlayStation Plus,playstation-plus,Game Catalog | Ubisoft+ Classics,Extra/Premium,PS4 | PS5,2023-10-17T04:00:00Z,true,69,4.8,8.8,17.9,https://image.api.playstation.com/vulcan/ap/rnd/202309/1415/d664b3a660165397e3b1890fc79ade6c2338e9812b2ab420.png,70239,Uno,UP0001-PPSA15317_00-UBSFTUNOSTANDARD,https://store.playstation.com/en-us/concept/217373
UNO™,Xbox Game Pass,xbox-game-pass,Game Catalog,Ultimate/PC/Console,PC | Xbox,,,69,4.8,8.8,17.9,https://store-images.s-microsoft.com/image/apps.12882.67582047191807640.1f6942f5-d7bc-46df-a9db-2fa15b28dfdf.5f4dad78-5dd6-4c01-ba28-e6837436b5a1,70239,Uno,BNSDHDK45KBR,
Cool Boarders,PlayStation Plus,playstation-plus,Classics Catalog,Premium,PS4 | PS5,2024-03-19T15:00:00Z,true,53,4.7,,4.9,https://image.api.playstation.com/vulcan/ap/rnd/202402/0923/b43ac8576f448efd5ce03d589f55c843950d2c23fd97e1fb.png,13859,Cool Boarders,UP9000-PPSA18836_00-SCUS943560000000,https://store.playstation.com/en-us/concept/10009298
Indiana Jones and the Staff of Kings,PlayStation Plus,playstation-plus,Classics Catalog,Premium,PS4 | PS5,2025-01-21T17:00:00Z,true,56,4.7,6.5,6.9,https://image.api.playstation.com/vulcan/ap/rnd/202412/2415/20a4ac05ee2de01aeada79687bb5f344ad0f1aeea72152c8.png,13939,Indiana Jones and the Staff of Kings,UP1082-PPSA14388_00-0064394372965033,https://store.playstation.com/en-us/concept/10007635
Easy Delivery Co.,Xbox Game Pass,xbox-game-pass,Game Catalog,Ultimate/PC/Console,PC | Xbox,,,75,4.7,5.8,7.3,https://store-images.s-microsoft.com/image/apps.37632.14156976155849797.4080179d-9c03-44a9-8dea-d7e0c551a9c9.4d914bb9-b5e6-4bcc-a21a-88d433f77d08,167527,Easy Delivery Co.,9PDC8J1BSV8B,
The Gunk,Xbox Game Pass,xbox-game-pass,Game Catalog,Ultimate/PC/Console,PC | Xbox,,,70,4.7,5.6,6.5,https://store-images.s-microsoft.com/image/apps.1452.14466083566107896.f1b98327-0240-4097-b759-cc5bd89ee66e.5da87010-64a5-4dfb-9396-5e88d1630886,81125,The Gunk,9P008L2LS87F,
Still Wakes the Deep,PlayStation Plus,playstation-plus,Game Catalog,Extra/Premium,PS5,2024-06-18T09:00:00Z,true,75,4.6,5.6,7.6,https://image.api.playstation.com/vulcan/ap/rnd/202306/1516/e7de31353c4f10f9a9de88c2494e6ad3c366d47684ee3551.png,129960,Still Wakes The Deep,UP7076-PPSA07906_00-STILLWAKES00DEEP,https://store.playstation.com/en-us/concept/10005163
Tails Noir,PlayStation Plus,playstation-plus,Game Catalog,Extra/Premium,PS4 | PS5,2021-10-28T00:00:00Z,true,65,4.6,5.4,8,https://image.api.playstation.com/vulcan/ap/rnd/202308/1110/e7e436091311d50c470f180371c1e721a218f1a6fa3bd9de.png,62990,Tails Noir,UP2320-PPSA03217_00-BACKBONEOPS5SIEA,https://store.playstation.com/en-us/concept/10002568
Dome Keeper,Xbox Game Pass,xbox-game-pass,Game Catalog,Ultimate/PC/Console,PC | Xbox,,,72,4.6,12.9,33.2,https://store-images.s-microsoft.com/image/apps.2975.14079008461384212.b22d67d3-497d-402a-afdb-593cf2c91f54.dddb5e3c-74ec-4111-9b68-c3eae1b48fc2,109776,Dome Keeper,9P8XKV2D5DZ5,
Genesis Noir,Xbox Game Pass,xbox-game-pass,Game Catalog,Ultimate/PC/Console,PC | Xbox,,,65,4.6,5.1,5.3,https://store-images.s-microsoft.com/image/apps.47660.14234812946294583.310a0a84-edb2-482c-a55c-b54922972168.5e4dc17c-f718-434b-af30-e18465dd00f1,49812,Genesis Noir,9PHK9D8CLQCG,
Keeper,Xbox Game Pass,xbox-game-pass,Game Catalog,Ultimate/PC/Console,PC | Xbox,,,76,4.6,5.1,5.3,https://store-images.s-microsoft.com/image/apps.51871.13566978592979529.8c034f7f-7f73-4897-9410-31e1512536ea.c774a417-a08c-4291-b468-0f7ef9cfd6b5,44583,Keeper,9NCJWHHMVHR0,
Nickelodeon All-Star Brawl 2,Xbox Game Pass,xbox-game-pass,Game Catalog,Ultimate/PC/Console,PC | Xbox,,,61,4.6,7.7,19.8,https://store-images.s-microsoft.com/image/apps.29212.14288058754217024.34c1b6b9-953f-418c-9ab0-c1ebd8ce9cbc.bc41e6ef-5fee-4474-8404-54acf0fa5a42,132131,Nickelodeon All-Star Brawl 2,9PN0LC4CNLPT,
The Cave,Xbox Game Pass,xbox-game-pass,Game Catalog,Ultimate/PC/Console,PC | Xbox,,,71,4.6,7.8,14,https://store-images.s-microsoft.com/image/apps.27920.70810867970347130.410142ba-8532-4103-a57d-3ce3ad8a5b6f.e1e8cc06-6c71-49ba-82c3-317007bf9381,9803,The Cave,BTBWBGKPKS97,
Wheel World,Xbox Game Pass,xbox-game-pass,Game Catalog,Ultimate/PC/Console,PC | Xbox,,,70,4.6,6.8,12.7,https://store-images.s-microsoft.com/image/apps.21010.13648167123945660.0abed91b-bdc3-4159-bfec-9e1ba1ec545f.67ae98f9-3c79-411a-9e1d-a52910141e17,131000,Wheel World,9NGCFDHR2MV3,
PJ Masks: Heroes of the Night,PlayStation Plus,playstation-plus,Game Catalog,Extra/Premium,PS5 | PS4,2022-01-21T05:00:00Z,true,29,4.5,8.8,4.8,https://image.api.playstation.com/vulcan/ap/rnd/202107/0711/1Y0m4Zdc7AthArjX8Rg9A1RF.png,105873,PJ Masks: Heroes Of The Night,UP3824-PPSA04038_00-2121734462208482,https://store.playstation.com/en-us/concept/10002220
STAR WARS Episode I - The Phantom Menace,PlayStation Plus,playstation-plus,Classics Catalog,Premium,PS4 | PS5,2024-01-16T16:00:00Z,true,60,4.5,6.2,9.2,https://image.api.playstation.com/vulcan/ap/rnd/202312/0614/e4e405346f263be4d59f1b67bf09ee2900192881c3b73930.png,9105,Star Wars: Episode I: Battle for Naboo,UP1082-PPSA07336_00-6684300313937060,https://store.playstation.com/en-us/concept/10004910
FAR CRY 3: BLOOD DRAGON CLASSIC EDITION,PlayStation Plus,playstation-plus,Game Catalog | Ubisoft+ Classics,Extra/Premium,PS4,2021-12-16T05:00:00Z,false,77,4.4,7.1,8.7,https://image.api.playstation.com/vulcan/ap/rnd/202109/2807/05hPdxRVrx089lEtsoa45Yus.png,3379,Far Cry 3: Blood Dragon,UP0001-CUSA29007_00-FC3BDMASTERPS400,https://store.playstation.com/en-us/concept/10003269
Far Cry® 3 Classic Edition,PlayStation Plus,playstation-plus,Game Catalog | Ubisoft+ Classics,Extra/Premium,PS4,2018-05-29T04:00:00Z,false,77,4.4,7.1,8.7,https://image.api.playstation.com/cdn/UP0001/CUSA10357_00/YoJmqdJ3jDHz0ZQI6DrkzofAXaATiA8K.png,3379,Far Cry 3: Blood Dragon,UP0001-CUSA10357_00-FARCRY3REMASTER0,https://store.playstation.com/en-us/concept/231486
MELTY BLOOD: TYPE LUMINA,PlayStation Plus,playstation-plus,Game Catalog,Extra/Premium,PS4,2021-09-30T04:00:00Z,false,73,4.4,11.8,18.5,https://image.api.playstation.com/vulcan/ap/rnd/202108/0409/mxRZykg6EexpTj6PfbErej74.png,98230,Melty Blood: Type Lumina,UP2772-CUSA27480_00-MBTL000000000000,https://store.playstation.com/en-us/concept/10000480
Far Cry 3 Blood Dragon Classic Edition,Xbox Game Pass,xbox-game-pass,Game Catalog,Ultimate/PC/Console,PC | Xbox,,,77,4.4,7.1,8.7,https://store-images.s-microsoft.com/image/apps.59868.14398170082788055.39f3a948-ce24-48db-9c27-8712bd291d87.a623bc5e-e37f-41d8-9d17-e961d2e3e7d1,3379,Far Cry 3: Blood Dragon,9NVJ4L71DF5Q,
Far Cry 3 Classic Edition,Xbox Game Pass,xbox-game-pass,Game Catalog,Ultimate/PC/Console,PC | Xbox,,,77,4.4,7.1,8.7,https://store-images.s-microsoft.com/image/apps.1920.71220804959101191.bad88979-60b4-40b4-af6d-182d4534c987.1bd53913-3aff-42c9-8d2b-fb0467e78e72,3379,Far Cry 3: Blood Dragon,BV2ZVP7PJZWL,
Assassin's Creed® Freedom Cry,PlayStation Plus,playstation-plus,Game Catalog | Ubisoft+ Classics,Extra/Premium,PS4,2014-02-18T05:00:00Z,false,67,4.2,6,7.4,https://image.api.playstation.com/cdn/UP0001/CUSA00416_00/ua5ZZj07fKx0s26KH8BKGoBeNA577dMg.png,15441,Assassin's Creed: Freedom Cry,UP0001-CUSA00416_00-ACBFDLCSPSA00001,https://store.playstation.com/en-us/concept/200098
Q*Bert: Rebooted,PlayStation Plus,playstation-plus,Classics Catalog,Premium,PS4,2015-02-17T05:00:00Z,false,56,4.2,7.8,9,https://image.api.playstation.com/cdn/UP2135/CUSA01280_00/IBLGvunXCVTg71WkUIhgYGKmOPEEVNNG.png,20738,Q*bert: Rebooted,UP2135-CUSA01280_00-QBERTREBOOTEDPS4,https://store.playstation.com/en-us/concept/203623
Battletoads,Xbox Game Pass,xbox-game-pass,Game Catalog,Ultimate/PC/Console,PC | Xbox,,,66,4.2,5.4,8.2,https://store-images.s-microsoft.com/image/apps.14695.14065499269907016.670ddf59-3954-4cfa-927c-60562b664545.56c9f977-b0a8-4b8e-8644-609b768fbc51,80699,Battletoads,9N7GCF5SGCXC,
Jetpac Refuelled,Xbox Game Pass,xbox-game-pass,Game Catalog,Ultimate/PC/Console,PC | Xbox,,,53,4.2,,,https://store-images.s-microsoft.com/image/apps.26930.69343806087581010.9d19b719-d021-482c-8642-b4a9226e2382.c5c31306-5bed-4527-a7d5-e0b2a2f1a961,21825,Jetpac Refuelled,BRRVN5198461,
ARMORED CORE MASTER OF ARENA,PlayStation Plus,playstation-plus,Classics Catalog,Premium,PS4 | PS5,2025-03-18T16:00:00Z,true,74,4.1,5.2,12.8,https://image.api.playstation.com/vulcan/ap/rnd/202410/2801/29181746c9a7d35fce4e92366ebb1fa667480481ef851a7d.png,602,Armored Core: Master of Arena,UP0506-PPSA21312_00-ARMOREDCOREMOA00,https://store.playstation.com/en-us/concept/10010298
ARMORED CORE PROJECT PHANTASMA,PlayStation Plus,playstation-plus,Classics Catalog,Premium,PS4 | PS5,2025-03-18T16:00:00Z,true,72,4.1,6.8,8,https://image.api.playstation.com/vulcan/ap/rnd/202410/2802/22a28a2be00f43e1f93af5392f11af77406cff3c53df6bfb.png,603,Armored Core: Project Phantasma,UP0506-PPSA21308_00-ARMOREDCOREPP000,https://store.playstation.com/en-us/concept/10010297
INDIKA,PlayStation Plus,playstation-plus,Game Catalog,Extra/Premium,PS5,2024-05-17T10:00:00Z,true,73,4.1,4.5,5,https://image.api.playstation.com/vulcan/ap/rnd/202310/1114/2ab11b93f3b922d21a0c77af4baf962952e4e4d4ac775641.png,139446,Indika,UP4361-PPSA16215_00-0000000000INDIKA,https://store.playstation.com/en-us/concept/10008296
inFAMOUS First Light,PlayStation Plus,playstation-plus,Game Catalog,Extra/Premium,PS4,2014-08-26T04:00:00Z,false,72,4.1,5.5,9.7,https://image.api.playstation.com/cdn/UP9000/CUSA00575_00/ckxb96CizzzMlK4MQ9RCRSzinkHx3QfW.png,20787,inFAMOUS: First Light,UP9000-CUSA00575_00-FIRSTLIGHTSHIP00,https://store.playstation.com/en-us/concept/202140
Neva,PlayStation Plus,playstation-plus,Game Catalog,Extra/Premium,PS4 | PS5,2024-10-15T16:00:00Z,true,81,4.1,4.5,6,https://image.api.playstation.com/vulcan/ap/rnd/202409/2622/fccefbd2e111473a6398f16b5c68cad89ed09dcab9e83207.png,129246,Neva,UP3643-PPSA16785_00-0524521320023310,https://store.playstation.com/en-us/concept/10008521
Firewatch,Xbox Game Pass,xbox-game-pass,Game Catalog,Ultimate/PC/Console,PC | Xbox,,,78,4.1,4.7,5.2,https://store-images.s-microsoft.com/image/apps.40478.68688977722932617.c18986e0-354d-49e5-a689-33d52a7432cb.15d49e14-f3c9-4949-b807-62a02521442b,26806,Firewatch,BQQKG9H2STC0,
Halo: Spartan Assault,Xbox Game Pass,xbox-game-pass,Game Catalog,Ultimate/PC/Console,PC | Xbox,,,59,4.1,5.6,16.7,https://store-images.s-microsoft.com/image/apps.34586.70634858521726340.aed5ca97-d1dc-4d71-ae1f-b3f94bf8b727.2b005ed6-f545-40d3-b5f0-8905ca07b05d,4272,Halo: Spartan Assault,BV0K9LMLQ9W5,
INDIKA,Xbox Game Pass,xbox-game-pass,Game Catalog,Ultimate/PC/Console,PC | Xbox,,,73,4.1,4.5,5,https://store-images.s-microsoft.com/image/apps.36606.13929914726070906.c9e03a60-d9a2-4eb2-aadd-7402c3ec742e.57b2ec5c-65a5-40ca-8330-782f46cb71a6,139446,Indika,9N020KFQG301,
Wobbly Life,Xbox Game Pass,xbox-game-pass,Game Catalog,Ultimate/PC/Console,PC | Xbox,,,69,4.1,20,25,https://store-images.s-microsoft.com/image/apps.14861.14372274785244461.706c2fec-9d0d-41b1-843a-98970af758ca.5a8c5187-0227-4953-9b09-243bc0da2189,94401,Wobbly Life,9NS86BQ33SPX,
MATTERFALL,PlayStation Plus,playstation-plus,Game Catalog,Extra/Premium,PS4,2017-08-15T04:00:00Z,false,65,4,7.7,15,https://image.api.playstation.com/cdn/UP9000/CUSA07765_00/xwDubZSn4nsCIhKh1W05xQqhWANiOML4.png,46565,Matterfall,UP9000-CUSA07765_00-MATTERFALLUS0001,https://store.playstation.com/en-us/concept/224903
Risk® Urban Assault,PlayStation Plus,playstation-plus,Game Catalog | Ubisoft+ Classics,Extra/Premium,PS4,2016-08-02T00:00:00Z,false,80,4,7,,https://image.api.playstation.com/cdn/UP0001/CUSA02108_00/eH7Kp35c9PAvq5ed28URPIPXTje1xPGA.png,68867,Risk: Urban Assault,UP0001-CUSA02108_00-RISKGAMEPS400004,https://store.playstation.com/en-us/concept/210671
The Pedestrian,PlayStation Plus,playstation-plus,Game Catalog,Extra/Premium,PS4 | PS5,2021-01-29T18:00:00Z,true,76,4,4.1,4.2,https://image.api.playstation.com/vulcan/ap/rnd/202010/2617/cLoo6IwNdEoQJ6DbymEJUoPZ.png,74727,The Pedestrian,UP2373-PPSA02408_00-THEPEDESTRIAN001,https://store.playstation.com/en-us/concept/10001568
Drop Duchy - Complete Edition,Xbox Game Pass,xbox-game-pass,Game Catalog,Ultimate/PC/Console,PC | Xbox,,,71,4,13.7,42,https://store-images.s-microsoft.com/image/apps.38602.14488445922975122.1488f171-486a-4fe8-a1a2-81caa1fce1ef.f50651b9-6160-4241-aaee-5c798359eb1f,164496,Drop Duchy,9NXVPTB0FXSZ,
Full Throttle Remastered,Xbox Game Pass,xbox-game-pass,Game Catalog,Ultimate/PC/Console,PC | Xbox,,,72,4,4.5,4.6,https://store-images.s-microsoft.com/image/apps.7896.14598891268352765.09cb1dd7-f055-4038-983d-2721763eedbe.0bab6c1b-43ce-423d-86ae-ced85f951431,44400,Full Throttle Remastered,9P3ZRGNQVC7D,
Risk: Urban Assault,Xbox Game Pass,xbox-game-pass,Game Catalog,Ultimate/PC/Console,PC | Xbox,,,80,4,7,,https://store-images.s-microsoft.com/image/apps.25594.70839690240715142.f15caf94-16cc-494d-8e3d-9a13c83cc179.69f11b6b-d276-488b-8a93-574ae17f3855,68867,Risk: Urban Assault,BTDRTXBKDBRR,
Stacking,Xbox Game Pass,xbox-game-pass,Game Catalog,Ultimate/PC/Console,PC | Xbox,,,74,4,6.1,9.1,https://store-images.s-microsoft.com/image/apps.500.64615060725861697.1098676d-1037-4efe-b5a3-bdc0a5c1df21.062d5d70-185d-4e8a-b6f4-85fbf6753cb2,9024,Stacking,C042M8GWKS34,
The Walking Dead: Michonne - The Complete Season,Xbox Game Pass,xbox-game-pass,Game Catalog,Ultimate/PC/Console,PC | Xbox,,,68,4,4.1,4.2,https://store-images.s-microsoft.com/image/apps.21725.66252839971129113.8f5f5ae5-f77d-4f3c-8388-3b220332b617.4c26174a-a955-4310-b9fc-fb9e561f7a9c,33662,The Walking Dead: Michonne,C2XNJC9WK15X,
Jet Rider,PlayStation Plus,playstation-plus,Classics Catalog,Premium,PS4 | PS5,2025-03-07T17:00:00Z,true,63,3.9,5,5,https://image.api.playstation.com/vulcan/ap/rnd/202310/2723/af127fe0e347be86d219cc3c12277d769616b70fe8bce34c.png,4831,Jet Moto,UP9000-PPSA16535_00-SCUS943090000000,https://store.playstation.com/en-us/concept/10008415
Pile Up! Box by Box,PlayStation Plus,playstation-plus,Game Catalog,Extra/Premium,PS4,2021-08-17T13:00:00Z,false,61,3.9,5.6,7.1,https://image.api.playstation.com/vulcan/ap/rnd/202107/3007/zuiwN5p946JqJjUa7CKQ22ye.png,90731,Pile Up! Box by Box,UP0977-CUSA20360_00-9781553436378311,https://store.playstation.com/en-us/concept/10000873
Source of Madness,PlayStation Plus,playstation-plus,Game Catalog,Extra/Premium,PS5,2022-05-11T15:00:00Z,true,53,3.9,15.4,38.2,https://image.api.playstation.com/vulcan/ap/rnd/202204/2215/JtOugA1mmMe8K6QKWtyUqrUN.png,88779,Source of Madness,UP5180-PPSA07018_00-SOURCEOFMADNEUS5,https://store.playstation.com/en-us/concept/10004688
A Little to the Left PS4 & PS5,PlayStation Plus,playstation-plus,Game Catalog,Extra/Premium,PS4 | PS5,2024-02-15T16:00:00Z,true,73,3.8,5.4,12,https://image.api.playstation.com/vulcan/ap/rnd/202311/1315/a3fb067df2661d37b9b68e7a9dbeb96f29bec879a354ad94.png,93920,A Little To The Left,UP7076-PPSA17847_00-ALITTLETOTHELEFT,https://store.playstation.com/en-us/concept/10008945
Somerville,PlayStation Plus,playstation-plus,Game Catalog,Extra/Premium,PS4 | PS5,2023-08-31T13:00:00Z,true,65,3.7,4.1,4.5,https://image.api.playstation.com/vulcan/ap/rnd/202307/2810/a7fef55185b08f916c06d1f4de7ccfe1f4177bf8c88f6336.png,27394,Somerville,UP6659-PPSA16663_00-0205179158808650,https://store.playstation.com/en-us/concept/10007617
Bang-On Balls: Chronicles,PlayStation Plus,playstation-plus,Game Catalog,Extra/Premium,PS4 | PS5,2024-03-05T05:00:00Z,true,66,3.6,8.1,14.2,https://image.api.playstation.com/vulcan/ap/rnd/202310/1811/5229d8907463bde18583fdccfcaaa98cd7e6be2cff107f67.png,94794,Bang-On Balls: Chronicles,UP6963-PPSA11115_00-BANGONBALLSPS5US,https://store.playstation.com/en-us/concept/10006478
DEAD OR ALIVE 5 Last Round,PlayStation Plus,playstation-plus,Game Catalog,Extra/Premium,PS4,2015-03-17T04:00:00Z,false,73,3.6,10.3,46.4,https://image.api.playstation.com/cdn/UP4108/CUSA01627_00/8b3eVINuTJf6y47a98THfkEtiuB1zs0u.png,23056,Dead or Alive 5 Last Round,UP4108-CUSA01627_00-DOA5LR0000000000,https://store.playstation.com/en-us/concept/220997
GRIS,PlayStation Plus,playstation-plus,Game Catalog,Extra/Premium,PS4,2019-11-26T05:00:00Z,false,80,3.6,4.1,6.4,https://image.api.playstation.com/vulcan/img/cfn/11307bIxjIMQt1HT4aykDM4SQgGwuvxiFkCo-ALOMB2gU1G4e3n9d7OE2BFtI8rEcN2hpy_SY6SK8ijSMqaxgoMAZm41S5G0.png,62257,GRIS,UP3643-CUSA16694_00-GRISPS4SIEA00000,https://store.playstation.com/en-us/concept/234650
GRIS | PS4 & PS5,PlayStation Plus,playstation-plus,Game Catalog,Extra/Premium,PS4 | PS5,2022-12-13T17:00:00Z,true,80,3.6,4.1,6.4,https://image.api.playstation.com/vulcan/ap/rnd/202210/2621/erwvzuQhwWYIg8EJYkxawE8a.png,62257,GRIS,UP3643-PPSA09803_00-0213898888783272,https://store.playstation.com/en-us/concept/234650
Yet Another Zombie Defense HD,PlayStation Plus,playstation-plus,Game Catalog,Extra/Premium,PS4,2021-03-19T22:00:00Z,false,53,3.6,6.3,6.6,https://image.api.playstation.com/vulcan/ap/rnd/202102/1914/WLJycKW8kM0r1Tvlkmev0LIr.png,49080,Yet Another Zombie Defense HD,UP2387-CUSA18354_00-YAZDHD0000000000,https://store.playstation.com/en-us/concept/235411
INSIDE,Xbox Game Pass,xbox-game-pass,Game Catalog,Ultimate/PC/Console,PC | Xbox,,,82,3.6,4,4.7,https://store-images.s-microsoft.com/image/apps.26010.65290118777571754.27f1da0f-d581-4307-9bec-41016a2e5567.7b9d8bfe-920c-447d-a3f0-fa336b8d077f,21694,Inside,C17GQF31D617,
LIMBO,Xbox Game Pass,xbox-game-pass,Game Catalog,Ultimate/PC/Console,PC | Xbox,,,76,3.6,4.2,6.7,https://store-images.s-microsoft.com/image/apps.45363.70505351891869244.31919849-717c-43fc-978a-de5dbc419999.dab5bb55-c299-4b75-aed3-c093a58f5307,5304,Limbo,BTQMHK78ZPF9,
Little Nightmares Enhanced Edition,Xbox Game Pass,xbox-game-pass,Game Catalog,Ultimate/PC/Console,PC | Xbox,,,78,3.6,5.2,9,https://store-images.s-microsoft.com/image/apps.20659.13618644328730837.23923776-fca2-4648-ba91-379bbdb97ba6.2507b187-e402-4a44-8b66-0ca6a71bd940,39417,Little Nightmares,9N8Q6DRTG22H,
Ape Academy 2,PlayStation Plus,playstation-plus,Classics Catalog,Premium,PS4 | PS5,2025-03-07T17:00:00Z,true,58,3.5,4.7,5.9,https://image.api.playstation.com/vulcan/ap/rnd/202302/1622/335aff5eb969b575489ea6c84edb136ede9adb008c4fc3a0.png,78676,Ape Escape Academy 2,UP9000-PPSA11163_00-UCES003020000000,https://store.playstation.com/en-us/concept/10006482
FBC: Firebreak,PlayStation Plus,playstation-plus,Game Catalog,Extra/Premium,PS5,2025-06-17T10:00:00Z,true,53,3.5,9.9,20.9,https://image.api.playstation.com/vulcan/ap/rnd/202503/2021/f5501077a988db7398b676beae67f1bec17d5c89883eacd6.png,158252,FBC: Firebreak,EP5291-PPSA25944_00-064838567952FBCF,https://store.playstation.com/en-us/concept/10012303
PAW Patrol World,PlayStation Plus,playstation-plus,Game Catalog,Extra/Premium,PS4 | PS5,2023-09-29T04:00:00Z,true,50,3.5,5.6,9.1,https://image.api.playstation.com/vulcan/ap/rnd/202305/1909/93dd02b6676b8f34738166f248d60790c790df5fd993950f.png,139230,PAW Patrol World,UP3824-PPSA09189_00-0884984015825227,https://store.playstation.com/en-us/concept/10005670
Paw Patrol: On a Roll!,PlayStation Plus,playstation-plus,Game Catalog,Extra/Premium,PS4,2018-10-23T04:00:00Z,false,50,3.5,5.6,9.1,https://image.api.playstation.com/cdn/UP3824/CUSA10445_00/p7NCetBTCuOTTRnhCkkE6687wGLCjH6Q.png,139230,PAW Patrol World,UP3824-CUSA10445_00-PP10000000000000,https://store.playstation.com/en-us/concept/231136
Rally Cross,PlayStation Plus,playstation-plus,Classics Catalog,Premium,PS4 | PS5,2024-01-16T16:00:00Z,true,59,3.5,4.7,5,https://image.api.playstation.com/vulcan/ap/rnd/202312/1221/2a2ebfb1cbda9dff0ee95be50ea70093b7d51e0cab69acc1.png,12242,Rally Cross,UP9000-PPSA14448_00-SCUS943080000000,https://store.playstation.com/en-us/concept/10007648
Twisted Metal,PlayStation Plus,playstation-plus,Classics Catalog,Premium,PS4 | PS5,2025-03-07T17:00:00Z,true,66,3.5,9.5,14.5,https://image.api.playstation.com/vulcan/ap/rnd/202306/2116/88bafd641512979019a604ee6bd179c0501dec42aff9d9cc.png,10720,Twisted Metal,UP9000-PPSA16427_00-SCUS943040000000,https://store.playstation.com/en-us/concept/10008366
Brews & Bastards,Xbox Game Pass,xbox-game-pass,Game Catalog,Ultimate/PC/Console,PC | Xbox,,,70,3.5,,,https://store-images.s-microsoft.com/image/apps.46399.14323689942358177.144c1934-2a56-47eb-9968-ede6fa4c4027.3fe1f34a-830d-4716-9069-b56b234af99e,180316,Brews & Bastards,9PPR10S4JNLV,
FBC: Firebreak,Xbox Game Pass,xbox-game-pass,Game Catalog,Ultimate/PC/Console,PC | Xbox,,,53,3.5,9.9,20.9,https://store-images.s-microsoft.com/image/apps.53041.14156548122363733.4f126492-95e8-406b-9e86-dfd11800657e.82c7461e-888e-4d13-95af-3f5a413e77b8,158252,FBC: Firebreak,9PDCN8Z4HKRN,
MARVEL Cosmic Invasion,Xbox Game Pass,xbox-game-pass,Game Catalog,Ultimate/PC/Console,PC | Xbox,,,74,3.5,5.5,10.7,https://store-images.s-microsoft.com/image/apps.58716.14072829118255167.ff1664d8-c187-4947-9c20-847c3ddd6dae.7260471c-a3d0-44a0-b6f0-ffb461d8c58c,165834,Marvel Cosmic Invasion,9N79TQTZTQQ4,
Ice Age: Scrat's Nutty Adventure,PlayStation Plus,playstation-plus,Game Catalog,Extra/Premium,PS4 | PS5,2022-09-23T04:00:00Z,true,46,3.4,5.1,10.3,https://image.api.playstation.com/vulcan/ap/rnd/202207/2220/gYTO6PmcSFoIZ77Bwrn3AkvK.png,70032,Ice Age: Scrat's Nutty Adventure,UP3824-PPSA08353_00-7202971474897046,https://store.playstation.com/en-us/concept/231098
Tetris® Effect: Connected,PlayStation Plus,playstation-plus,Game Catalog,Extra/Premium,PS4,2018-11-09T05:00:00Z,false,82,3.3,8.3,56.6,https://image.api.playstation.com/vulcan/ap/rnd/202301/2006/Jjqj4oIcWvyV4jGpDQkTsSag.png,84923,Tetris Effect: Connected,UP0751-CUSA13594_00-TETRISEFFECT0000,https://store.playstation.com/en-us/concept/232708
Contrast,Xbox Game Pass,xbox-game-pass,Game Catalog,Ultimate/PC/Console,PC | Xbox,,,66,3.3,3.7,4.1,https://store-images.s-microsoft.com/image/apps.19374.69833471246794389.8c89db73-09ce-4d32-a517-3dd3f2acf25f.d80b8b92-815d-4eed-a529-c7ba2376e8bf,14349,Contrast,BSLTQT4L0RLV,
Herdling,Xbox Game Pass,xbox-game-pass,Game Catalog,Ultimate/PC/Console,PC | Xbox,,,71,3.3,3.5,4.5,https://store-images.s-microsoft.com/image/apps.34729.13742556933276558.09935f63-bc59-4aec-9e7d-67306264be9b.881413f4-49e1-4253-8a00-f44f1e1d11e8,155654,Herdling,9NNHK7K8RV9C,
MULLET MADJACK,Xbox Game Pass,xbox-game-pass,Game Catalog,Ultimate/PC/Console,PC | Xbox,,,80,3.3,5,9.9,https://store-images.s-microsoft.com/image/apps.37428.14185273107843338.c1763a2c-a5bb-46ee-ade7-841a3c40c249.44b05042-287f-4641-8440-3749f42a5db9,149747,Mullet Madjack,9PG8TV30NN9H,
Hundred Days - Winemaking Simulator,PlayStation Plus,playstation-plus,Game Catalog,Extra/Premium,PS4 | PS5,2022-03-17T10:00:00Z,true,64,3.2,11.1,27.3,https://image.api.playstation.com/vulcan/ap/rnd/202201/2009/ihJrJj4t7cijlPj1UwCcVkLr.png,92590,Hundred Days - Winemaking Simulator,UP3181-PPSA06576_00-1247449635969595,https://store.playstation.com/en-us/concept/10004524
Jet Rider 2,PlayStation Plus,playstation-plus,Classics Catalog,Premium,PS4 | PS5,2024-02-20T16:00:00Z,true,63,3.2,3.8,4.5,https://image.api.playstation.com/vulcan/ap/rnd/202401/2422/9d4b28f09f15d29b313d7b70486c216b0616b3535212532f.png,4832,Jet Moto 2,UP9000-PPSA17995_00-SCES010450000000,https://store.playstation.com/en-us/concept/10009010
Trials of The Blood Dragon,PlayStation Plus,playstation-plus,Game Catalog | Ubisoft+ Classics,Extra/Premium,PS4,2016-06-13T04:00:00Z,false,65,3.2,4.8,8.6,https://image.api.playstation.com/cdn/UP0001/CUSA04198_00/ScgUh2avikqDYMpdWYKtvySpldnb2CTQ.png,37972,Trials of the Blood Dragon,UP0001-CUSA04198_00-TRIALSBDGAME1234,https://store.playstation.com/en-us/concept/216382
Trials of the Blood Dragon,Xbox Game Pass,xbox-game-pass,Game Catalog,Ultimate/PC/Console,PC | Xbox,,,65,3.2,4.8,8.6,https://store-images.s-microsoft.com/image/apps.40001.68666534148093958.e11f94a3-2e7b-4ee5-857d-0a4b518451ed.10607be4-046c-4e28-afd7-b906c593e07d,37972,Trials of the Blood Dragon,BPPR6D5C2GLF,
Shadow of the Beast,PlayStation Plus,playstation-plus,Game Catalog,Extra/Premium,PS4,2016-05-17T04:00:00Z,false,61,3.1,7.4,15.4,https://image.api.playstation.com/cdn/UP9000/CUSA02871_00/S9atQ5NmGS6zvug7FavM6SOEqAF3lKhF.png,38191,Shadow of the Beast,UP9000-CUSA02871_00-SHADOWOFBEAST0US,https://store.playstation.com/en-us/concept/204156
Werewolf: The Apocalypse – Earthblood,PlayStation Plus,playstation-plus,Game Catalog,Extra/Premium,PS5,2021-02-04T09:00:00Z,true,66,3.1,,,https://image.api.playstation.com/vulcan/img/rnd/202106/0715/VFixb2toiP73l3rExKbjGeH1.png,11126,Werewolf: The Last Warrior,UP4008-PPSA02114_00-WTASIEA000000000,https://store.playstation.com/en-us/concept/234709
Fuzion Frenzy®,Xbox Game Pass,xbox-game-pass,Game Catalog,Ultimate/PC/Console,PC | Xbox,,,67,3.1,14.9,,https://store-images.s-microsoft.com/image/apps.29460.65553901453292980.5f73bae7-0b93-4345-bf12-87df77ec6f05.2e554579-0c20-4b04-89a5-e6cbce60d4a0,3768,Fuzion Frenzy,C2P985H1H42H,
Rush: A DisneyPixar Adventure,Xbox Game Pass,xbox-game-pass,Game Catalog,Ultimate/PC/Console,PC | Xbox,,,63,3.1,6.7,7.3,https://store-images.s-microsoft.com/image/apps.54193.14538559069860396.375a4717-d4e1-4c14-b278-f4787b52d21a.8ccfcf77-d0bc-4895-a1e6-f70806a4a045,8029,RUSH,9P3PL76N0KWZ,
Bee Simulator,PlayStation Plus,playstation-plus,Game Catalog,Extra/Premium,PS4,2019-11-12T05:00:00Z,false,56,3,5.5,10.1,https://image.api.playstation.com/gs2-sec/appkgo/prod/CUSA16505_00/2/i_f737ae16f363b919b90b9bb77ec7b4300ae44a237d34934cb925fee4df658721/i/icon0.png,68268,Bee Simulator,UP4008-CUSA15611_00-BEESIEA000000000,https://store.playstation.com/en-us/concept/233889
Malicious Fallen,PlayStation Plus,playstation-plus,Game Catalog,Extra/Premium,PS4,2017-02-21T05:00:00Z,false,63,3,4,,https://image.api.playstation.com/cdn/UP9000/CUSA07611_00/XMfloVOVm3RVtQiJriVG9LSFXYealwUD.png,45902,Malicious Fallen,UP9000-CUSA07611_00-MALICIOUSFUS0001,https://store.playstation.com/en-us/concept/222304
Mr Moskeeto,PlayStation Plus,playstation-plus,Classics Catalog,Premium,PS4 | PS5,2024-09-17T16:00:00Z,true,62,3,4.1,5.9,https://image.api.playstation.com/vulcan/ap/rnd/202408/1623/5d68b43a140df3a36983ea17636c6aeba9dc30cf72cc909a.png,6098,Mister Mosquito,UP9000-PPSA22948_00-SLUS203750000000,https://store.playstation.com/en-us/concept/10010951
ReadySet Heroes,PlayStation Plus,playstation-plus,Game Catalog,Extra/Premium,PS4,2019-10-01T04:00:00Z,false,60,3,,,https://image.api.playstation.com/vulcan/img/cfn/11307uO0ZV67TcQOn49WdMDJeUdx-24uTJSP8-dtvmNE-QCcTnMakf2rOnl7Wh-yQwwDxT4iZaM7CCUK6gpi6BJoDhkLouNn.png,71573,ReadySet Heroes,UP9000-CUSA15404_00-G2PGTINMAN000001,https://store.playstation.com/en-us/concept/234774
Super Stardust Portable,PlayStation Plus,playstation-plus,Classics Catalog,Premium,PS4 | PS5,2022-06-22T23:00:00Z,true,73,3,9.4,17.9,https://image.api.playstation.com/vulcan/ap/rnd/202205/1117/ggJxlJryMN2exmi9immGtB0c.png,9457,Super Stardust HD,UP9000-PPSA07135_00-NPUG802210000000,https://store.playstation.com/en-us/concept/10004813
Untitled Goose Game,PlayStation Plus,playstation-plus,Game Catalog,Extra/Premium,PS4,2019-12-17T05:00:00Z,false,77,3,4.1,6.2,https://image.api.playstation.com/vulcan/img/rnd/202009/0405/GO4TUY9mA2UNJ54R0NPEEEBf.png,66086,Untitled Goose Game,UP3971-CUSA23079_00-HONKHONKHONKHONK,https://store.playstation.com/en-us/concept/10000039
Valiant Hearts: The Great War™,PlayStation Plus,playstation-plus,Game Catalog | Ubisoft+ Classics,Extra/Premium,PS4,2014-06-24T00:00:00Z,false,68,3,3.2,4.1,https://image.api.playstation.com/cdn/UP0001/CUSA00478_00/7iLF8pcDZI706eKbaB6d1nYRDMKZWaXB.png,118593,Valiant Hearts: Coming Home,UP0001-CUSA00478_00-VALIANTHEARTS001,https://store.playstation.com/en-us/concept/205194
Biped,PlayStation Plus,playstation-plus,Game Catalog,Extra/Premium,PS4 | PS5,2024-12-17T17:00:00Z,true,72,2.9,5,10.5,https://image.api.playstation.com/vulcan/ap/rnd/202003/0308/8rk8asEtN0Xgohicy4XPYxHs.png,76246,Biped,UP6007-PPSA24590_00-0607604799725823,https://store.playstation.com/en-us/concept/10000494
PAW Patrol Mighty Pups Save Adventure Bay,PlayStation Plus,playstation-plus,Game Catalog,Extra/Premium,PS4 | PS5,2022-08-19T04:00:00Z,true,53,2.9,3.9,4.1,https://image.api.playstation.com/vulcan/ap/rnd/202208/0315/E5Zz4NYILDQ70ZSYwRMjPqDO.png,86938,PAW Patrol: Mighty Pups Save Adventure Bay,UP3824-PPSA08026_00-7603130782011854,https://store.playstation.com/en-us/concept/10000811
Power Rangers: Battle For The Grid,PlayStation Plus,playstation-plus,Game Catalog,Extra/Premium,PS4,2019-04-02T04:00:00Z,false,62,2.9,5.8,10.5,https://image.api.playstation.com/cdn/UP4827/CUSA15145_00/8SF61SoBSGvTqxFB9uqgjdvBKnlipoPE.png,65929,Power Rangers: Battle for the Grid,UP4827-CUSA15145_00-BATTLEFORTHEGRID,https://store.playstation.com/en-us/concept/233468
SkyGunner,PlayStation Plus,playstation-plus,Classics Catalog,Premium,PS4 | PS5,2024-09-17T16:00:00Z,true,69,2.9,4.7,,https://image.api.playstation.com/vulcan/ap/rnd/202408/2819/b3168989c2320a59346cf308edf7186580a33e069d272620.png,8619,SkyGunner,UP9000-PPSA23535_00-SLUS203840000000,https://store.playstation.com/en-us/concept/10011230
Totally Reliable Delivery Service,PlayStation Plus,playstation-plus,Game Catalog,Extra/Premium,PS5 | PS4,2025-10-22T13:00:00Z,true,52,2.9,9.1,11.2,https://image.api.playstation.com/vulcan/img/rnd/202107/1214/KhPFGXb5uGoe2AFAinc7Ek08.png,69333,Totally Reliable Delivery Service,UB0821-PPSA28854_00-TOTALLYRELIABLE1,https://store.playstation.com/en-us/concept/10000393
Totally Reliable Delivery Service,Xbox Game Pass,xbox-game-pass,Game Catalog,Ultimate/PC/Console,PC | Xbox,,,52,2.9,9.1,11.2,https://store-images.s-microsoft.com/image/apps.57565.14481391283536320.2e278a9d-b63d-454a-a60e-ac81b25b445c.392440ba-2841-42da-9eae-3624c032300b,69333,Totally Reliable Delivery Service,9NZG72SH3H4W,
I am Bread,PlayStation Plus,playstation-plus,Game Catalog,Extra/Premium,PS4,2015-08-25T04:00:00Z,false,54,2.8,5.5,11.3,https://image.api.playstation.com/cdn/UP4491/CUSA03083_00/O7nRpOcstykzPWEGzs4SzMxPnph07s0p.png,23899,I Am Bread,UP4491-CUSA03083_00-IAMBREAD00000001,https://store.playstation.com/en-us/concept/202132
The Jackbox Party Pack 9,PlayStation Plus,playstation-plus,Game Catalog,Extra/Premium,PS4 | PS5,2022-10-20T04:00:00Z,true,73,2.8,3.4,,https://image.api.playstation.com/vulcan/ap/rnd/202209/1316/2ayccju5K4s34wCqv7R4GOoM.png,115020,The Jackbox Party Pack 9,UP2139-PPSA07636_00-JBGPARTYPACK9PS5,https://store.playstation.com/en-us/concept/10004969
Sword of the Sea,PlayStation Plus,playstation-plus,Game Catalog,Extra/Premium,PS5,2025-08-19T16:00:00Z,true,79,2.7,3.8,9.4,https://image.api.playstation.com/vulcan/ap/rnd/202506/0601/b80905acc0f6f97dc3b85a36f787eed88120e92afea56f34.png,129238,Sword of the Sea,EP0292-PPSA25344_00-0946238103518617,https://store.playstation.com/en-us/concept/10011227
"Little Kitty, Big City",Xbox Game Pass,xbox-game-pass,Game Catalog,Ultimate/PC/Console,PC | Xbox,,,76,2.7,4.2,6.7,https://store-images.s-microsoft.com/image/apps.23046.13605545843678606.ba639605-7305-422e-9637-2411fb07e5f6.bd9eb348-15e6-4bac-985b-175c9f44a105,94215,"Little Kitty, Big City",9NF5S7MLM8XT,
SOULCALIBUR III PS4 & PS5,PlayStation Plus,playstation-plus,Classics Catalog,Premium,PS4 | PS5,2025-12-16T17:00:00Z,true,78,2.6,13.9,64.7,https://image.api.playstation.com/vulcan/ap/rnd/202512/1103/e9016c9abb439a38f1e4877024988a3ec3074b0829f73e52.png,8823,Soulcalibur III,UP0700-PPSA31911_00-SLUS212160000000,https://store.playstation.com/en-us/concept/10016210
STAR WARS Rebel Assault II - The Hidden Empire,PlayStation Plus,playstation-plus,Classics Catalog,Premium,PS4 | PS5,2024-04-16T15:00:00Z,true,60,2.6,4,5.5,https://image.api.playstation.com/vulcan/ap/rnd/202402/2020/fcb658cb3ebe05aa2687dd5d40d3996afd883eaac025c511.png,9117,Star Wars: Rebel Assault II: The Hidden Empire,UP1082-PPSA07366_00-5997104624035590,https://store.playstation.com/en-us/concept/10004922
War of the Monsters,PlayStation Plus,playstation-plus,Classics Catalog,Premium,PS4 | PS5,2025-04-15T16:00:00Z,true,70,2.6,4.8,6.9,https://image.api.playstation.com/vulcan/ap/rnd/202504/0318/dd828bbee1db946b84685336ef767351370c8be3d98317d0.png,11024,War of the Monsters,UP9000-PPSA23796_00-SCUS971970000000,https://store.playstation.com/en-us/concept/10011396
I Am Your Beast,Xbox Game Pass,xbox-game-pass,Game Catalog,Ultimate/PC/Console,PC | Xbox,,,81,2.6,4.6,11,https://store-images.s-microsoft.com/image/apps.62591.14208859939056310.d1ec68da-591a-444e-932d-068d9ca0f8b5.de85b692-98af-4c30-bb1b-b46dbfb66f64,152030,I Am Your Beast,9PF9FQGH89WM,
Superliminal,Xbox Game Pass,xbox-game-pass,Game Catalog,Ultimate/PC/Console,PC | Xbox,,,77,2.6,3.8,10.5,https://store-images.s-microsoft.com/image/apps.47663.14393569011623061.24d2b16b-20df-48f4-b265-623d2c0e948a.37ffa286-743f-4c55-9e7d-7c93def066a0,68378,Superliminal,9NVR4ZQKNBSB,
Ben 10,PlayStation Plus,playstation-plus,Game Catalog,Extra/Premium,PS4,2017-11-14T05:00:00Z,false,54,2.5,3.6,7.2,https://image.api.playstation.com/cdn/UP3824/CUSA09625_00/MeTAHCPPlLdCNJcZXxlAF59jwQjPUOrq.png,51068,Ben 10,UP3824-CUSA09625_00-BEN1000000000000,https://store.playstation.com/en-us/concept/229756
Eagle Flight,PlayStation Plus,playstation-plus,Game Catalog | Ubisoft+ Classics,Extra/Premium,PS4,2016-11-08T00:00:00Z,false,69,2.5,3.8,8,https://image.api.playstation.com/cdn/UP0001/CUSA04900_00/5SChKVJ1f23oipxyg0KyhPGBeiQ9Bz4w.png,39407,Eagle Flight,UP0001-CUSA04900_00-EAGLEFLIGHTGAME0,https://store.playstation.com/en-us/concept/216171
The Gardens Between,PlayStation Plus,playstation-plus,Game Catalog,Extra/Premium,PS4 | PS5,2022-06-16T09:00:00Z,true,73,2.5,2.6,2.7,https://image.api.playstation.com/vulcan/ap/rnd/202108/1006/yfnLy15X9en69ddxdcgAaO5C.png,56088,The Gardens Between,UP4266-PPSA04579_00-GARDENSBETWEEN00,https://store.playstation.com/en-us/concept/231167
Joy Ride Turbo,Xbox Game Pass,xbox-game-pass,Game Catalog,Ultimate/PC/Console,PC | Xbox,,,61,2.5,3.6,5.2,https://store-images.s-microsoft.com/image/apps.55462.65697580773346286.de1a7dea-d35c-459d-a15c-a737811ee00f.6e8da1e2-791b-4bc8-aaf6-a2665f7cdc90,4875,Joy Ride Turbo,C1ZWH2BZ9TSF,
Thank Goodness You're Here!,PlayStation Plus,playstation-plus,Game Catalog,Extra/Premium,PS4 | PS5,2024-08-01T16:00:00Z,true,78,2.4,2.8,4.1,https://image.api.playstation.com/vulcan/ap/rnd/202308/1718/da9d5ae60787d113afe56a44c1a13c03a89e628d60ab7e2e.png,134545,Thank Goodness You're Here!,UP3971-PPSA15433_00-0210876635651678,https://store.playstation.com/en-us/concept/10007988
Killer Instinct: Anniversary Edition,Xbox Game Pass,xbox-game-pass,Game Catalog,Ultimate/PC/Console,PC | Xbox,,,72,2.4,27.4,334.2,https://store-images.s-microsoft.com/image/apps.61867.13952178927417910.ff893240-27f8-4a82-baab-c24dbb3d822c.b65559b7-849b-4bfc-8d99-72bd1f8fc31c,14350,Killer Instinct,9N2HB4MWG7HM,
PAW Patrol The Movie: Adventure City Calls,PlayStation Plus,playstation-plus,Game Catalog,Extra/Premium,PS4 | PS5,2022-08-19T04:00:00Z,true,49,2.3,3.4,6.9,https://image.api.playstation.com/vulcan/img/rnd/202107/1613/gRh3PkRRNeTiiXbUQQayKk6t.png,97111,PAW Patrol The Movie: Adventure City Calls,UP3824-PPSA08024_00-3138616344796179,https://store.playstation.com/en-us/concept/10001866
Kurushi,PlayStation Plus,playstation-plus,Classics Catalog,Premium,PS4 | PS5,2025-03-07T17:00:00Z,true,71,2.2,3,3.3,https://image.api.playstation.com/vulcan/ap/rnd/202204/2821/ASfVum6XHed8VqHr4W3rHA7e.png,4706,Intelligent Qube,UP9000-PPSA06355_00-SCUS941810000000,https://store.playstation.com/en-us/concept/10004410
Clone Drone in the Danger Zone,Xbox Game Pass,xbox-game-pass,Game Catalog,Ultimate/PC/Console,PC | Xbox,,,72,2.2,15.5,37.9,https://store-images.s-microsoft.com/image/apps.10871.13656707570024266.6eb12281-8416-458c-8123-d1d704e3a0c1.673f1bce-d5ef-4702-ab43-747ff9ed44c2,46204,Clone Drone in the Danger Zone,9NKHKBQJSSC3,
Gang Beasts,Xbox Game Pass,xbox-game-pass,Game Catalog,Ultimate/PC/Console,PC | Xbox,,,69,2.2,5.3,7.5,https://store-images.s-microsoft.com/image/apps.27333.68150164172276526.ddc374d7-ef5e-43b9-940a-bbc04440bb33.fa908ac2-c1a8-4d1b-9652-c977565a8111,23050,Gang Beasts,BPQZT43FWD49,
Bound,PlayStation Plus,playstation-plus,Game Catalog,Extra/Premium,PS4,2016-08-16T04:00:00Z,false,60,2.1,3.2,8.3,https://image.api.playstation.com/cdn/UP9000/CUSA04193_00/khNC5ZKAto91WDqCjaBKEgsKY9lyAZP2.png,38800,Bound,UP9000-CUSA04193_00-BOUNDGAMEUS00001,https://store.playstation.com/en-us/concept/214367
Chess Ultra,PlayStation Plus,playstation-plus,Game Catalog,Extra/Premium,PS4,2017-06-20T04:00:00Z,false,56,2.1,5,8.5,https://image.api.playstation.com/cdn/UP2070/CUSA06580_00/FYWaq5AoNWIuWsafuGax1eQd0AwjcriQ.png,50294,Chess Ultra,UP2070-CUSA06580_00-PURECHESSULTRAAA,https://store.playstation.com/en-us/concept/225783
Brawlout,PlayStation Plus,playstation-plus,Game Catalog,Extra/Premium,PS4,2018-08-21T04:00:00Z,false,51,2,13.2,40,https://image.api.playstation.com/cdn/UP2329/CUSA08141_00/mSWFLChOIWFurUniWNqCXizKxwV3O1j0.png,44847,Brawlout,UP2329-CUSA08141_00-1234201622223333,https://store.playstation.com/en-us/concept/221878
TEKKEN 3 PS4 & PS5,PlayStation Plus,playstation-plus,Classics Catalog,Premium,PS4 | PS5,2025-10-21T16:00:00Z,true,84,2,11.7,33.7,https://image.api.playstation.com/vulcan/ap/rnd/202510/0208/f832ce6011c9e2abd9b23e1e2ef90c7f8b93524280fc4dd8.png,9664,Tekken 3,UP0700-PPSA31291_00-TEKKEN3000000000,https://store.playstation.com/en-us/concept/10015791
Wheel of Fortune®,PlayStation Plus,playstation-plus,Game Catalog | Ubisoft+ Classics,Extra/Premium,PS4,2017-11-07T00:00:00Z,false,59,2,4,11.7,https://image.api.playstation.com/cdn/UP0001/CUSA09059_00/SK78PTX0ThaXIcpCurBStdQP1zmyYs1Z.png,76716,Wheel of Fortune,UP0001-CUSA09059_00-WHEELOFFORTUNE01,https://store.playstation.com/en-us/concept/229531
Donut County,Xbox Game Pass,xbox-game-pass,Game Catalog,Ultimate/PC/Console,PC | Xbox,,,72,2,2.1,2.6,https://store-images.s-microsoft.com/image/apps.60906.14011542784181932.80ac6320-df7b-4be6-9355-e9083a5d2063.06135ea0-0572-4ed3-b5a2-e0a158e3144d,51323,Donut County,9N6V2181GHLM,
Young Suns (Game Preview),Xbox Game Pass,xbox-game-pass,Game Catalog,Ultimate/PC/Console,PC | Xbox,,,,2,,,https://store-images.s-microsoft.com/image/apps.42125.14000938598007723.7bd9fb97-c52c-4891-8b2d-79e5a1e35f54.6c1f7010-c19b-4ca2-a88b-1f09c04f6339,177786,Young Suns,9N3KQH8183GD,
Erica,PlayStation Plus,playstation-plus,Game Catalog,Extra/Premium,PS4,2019-08-19T04:00:00Z,false,61,1.9,3.3,11.3,https://image.api.playstation.com/vulcan/img/cfn/11307B3lAOUG1i28f6WGDwEUVGmoPHlN3ry4zFhyygcdImAcuVG1IWdju-O-U6CayC-B4B7S-u5csTtNjCyt3u_PedMupTck.png,65577,Erica,UP9000-CUSA11655_00-ERICA00000000000,https://store.playstation.com/en-us/concept/234806
TEKKEN DARK RESURRECTION PS4 & PS5,PlayStation Plus,playstation-plus,Classics Catalog,Premium,PS4 | PS5,2026-03-17T16:00:00Z,true,80,1.9,14,37.3,https://image.api.playstation.com/vulcan/ap/rnd/202602/0404/cec873df23665ab9d2102de16ef6aaddefa60c4a60314775.png,9668,Tekken 5: Dark Resurrection,UP0700-PPSA31371_00-ULUS101390000000,https://store.playstation.com/en-us/concept/10015859
Pinball Heroes,PlayStation Plus,playstation-plus,Classics Catalog,Premium,PS4 | PS5,2025-03-07T17:00:00Z,true,58,1.7,1.7,1.7,https://image.api.playstation.com/vulcan/ap/rnd/202211/1123/igNhlEey8ZMV7KcmFF8u98Yj.png,119455,Pinball Heroes,UP9000-PPSA07588_00-0000000000000000,https://store.playstation.com/en-us/concept/10005043
Hotshot Racing,PlayStation Plus,playstation-plus,Game Catalog,Extra/Premium,PS4,2020-08-13T04:00:00Z,false,67,1.6,4.6,26.7,https://image.api.playstation.com/vulcan/img/rnd/202011/1116/8oLdhsOuqG5AYSiT3bxQ4bpk.png,75537,Hotshot Racing,UP4395-CUSA11585_00-RACINGAPEX000000,https://store.playstation.com/en-us/concept/231863
Jumping Flash!,PlayStation Plus,playstation-plus,Classics Catalog,Premium,PS4 | PS5,2025-03-07T17:00:00Z,true,69,1.6,2.1,2.3,https://image.api.playstation.com/vulcan/ap/rnd/202204/2915/4IvqoEhIsQp8ji1fcB8Vjr7m.png,4886,Jumping Flash!,UP9000-PPSA06358_00-SCUS941030000000,https://store.playstation.com/en-us/concept/10004413
Aerial_Knight's DropShot,Xbox Game Pass,xbox-game-pass,Game Catalog,Ultimate/PC/Console,PC | Xbox,,,52,1.6,2.1,2.3,https://store-images.s-microsoft.com/image/apps.48839.14572770853787241.31b8f648-fd0c-4c5c-9410-bd777ff4646e.5c363d56-c7a6-4010-9185-c1a6fb87738e,165101,Aerial_Knight's DropShot,9P59J86GHDGL,
Entwined™,PlayStation Plus,playstation-plus,Game Catalog,Extra/Premium,PS4,2014-07-22T04:00:00Z,false,59,1.5,3.5,8.7,https://image.api.playstation.com/cdn/UP9000/CUSA00571_00/ufEROfNhT8QuC4DYzZL8SuDaeqP8Izkg.png,19264,Entwined,UP9000-CUSA00571_00-ETWPS40000000000,https://store.playstation.com/en-us/concept/201386
LocoRoco Midnight Carnival,PlayStation Plus,playstation-plus,Classics Catalog,Premium,PS4 | PS5,2025-03-07T17:00:00Z,true,65,1.5,2.7,3,https://image.api.playstation.com/vulcan/ap/rnd/202204/2913/GLsealOzqFqMlLn1XxRaOe0q.png,5354,LocoRoco Midnight Carnival,UP9000-PPSA06791_00-NPUG803180000000,https://store.playstation.com/en-us/concept/10004655
TimeSplitters,PlayStation Plus,playstation-plus,Classics Catalog,Premium,PS4 | PS5,2024-08-20T16:00:00Z,true,63,1.5,5.2,7.3,https://image.api.playstation.com/vulcan/ap/rnd/202407/3114/49002ac068b64a1f2ec3f88ebc053bd61526779309c3f59f.png,10362,TimeSplitters,EP4062-PPSA23799_00-TIMESPLITTERSONE,https://store.playstation.com/en-us/concept/10011401
Transference,PlayStation Plus,playstation-plus,Game Catalog | Ubisoft+ Classics,Extra/Premium,PS4,2018-09-18T04:00:00Z,false,62,1.5,1.7,2.1,https://image.api.playstation.com/cdn/UP0001/CUSA09609_00/hBSqO4Q0f7LqpRktxKzRcDllMRswEkZQ.png,57677,Transference,UP0001-CUSA09609_00-TRANSFERENCE0000,https://store.playstation.com/en-us/concept/229520
Venba,PlayStation Plus,playstation-plus,Game Catalog,Extra/Premium,PS5,2023-07-31T13:00:00Z,true,74,1.5,1.7,2.3,https://image.api.playstation.com/vulcan/ap/rnd/202303/2215/a3c500ec0d3398ec347b122666c0318c52382f6e0cdb0366.png,112959,Venba,UP7535-PPSA13225_00-0504102613892231,https://store.playstation.com/en-us/concept/10004312
Bubsy: The Woolies Strike Back,PlayStation Plus,playstation-plus,Game Catalog,Extra/Premium,PS4,2017-10-31T00:00:00Z,false,44,1.3,2.6,6.1,https://image.api.playstation.com/cdn/UP2035/CUSA09452_00/J5AhITjqrCl7nSDvsAeYXwz5zsz9bEUu.png,50283,Bubsy: The Woolies Strike Back,UP2035-CUSA09452_00-BUBSY00000000001,https://store.playstation.com/en-us/concept/228948
JUMANJI: The Video Game,PlayStation Plus,playstation-plus,Game Catalog,Extra/Premium,PS4,2019-11-08T05:00:00Z,true,42,1.3,2.6,14.8,https://image.api.playstation.com/vulcan/img/cfn/11307U-CbBtNGu3bZ97OYENk0HP-bLoFd5dqwd-rWxoU4nKoLQMiRmsjI-JM_YiQ3w4vK9lVfHO6r2MdPIN56nkTQu4bWd0o.png,68386,JUMANJI: The Video Game,UP3824-CUSA14658_00-JUMANJIBASEGAME0,https://store.playstation.com/en-us/concept/233283
2Xtreme,PlayStation Plus,playstation-plus,Classics Catalog,Premium,PS4 | PS5,2024-05-21T15:00:00Z,true,48,1.2,2.2,2.9,https://image.api.playstation.com/vulcan/ap/rnd/202404/2319/7cbb1b68a5c300d97bf94be99ec9c55c39b4a9b9c7bed774.png,19095,2Xtreme,UP9000-PPSA14435_00-SCUS945080000000,https://store.playstation.com/en-us/concept/10007645
Bluey: The Videogame,PlayStation Plus,playstation-plus,Game Catalog,Extra/Premium,PS4 | PS5,2023-11-17T05:00:00Z,true,58,1.2,1.8,3,https://image.api.playstation.com/vulcan/ap/rnd/202308/3010/825364eca056cb581903517f67bfb10906ab6869fa9c9300.png,138018,Bluey: The Videogame,UP3824-PPSA09955_00-BUEYBASEGAME0001,https://store.playstation.com/en-us/concept/10006070
PAW Patrol: Grand Prix,PlayStation Plus,playstation-plus,Game Catalog,Extra/Premium,PS4 | PS5,2022-09-30T04:00:00Z,true,43,1.2,2.8,19.3,https://image.api.playstation.com/vulcan/ap/rnd/202206/1410/OazMGXxRvmrkVIAZmLrQKbAM.png,110746,PAW Patrol: Grand Prix,UP3824-PPSA05520_00-PAWRACER00000003,https://store.playstation.com/en-us/concept/10003932
Bluey: The Videogame,Xbox Game Pass,xbox-game-pass,Game Catalog,Ultimate/PC/Console,PC | Xbox,,,58,1.2,1.8,3,https://store-images.s-microsoft.com/image/apps.46896.13951667472045163.3fb7085f-1bf8-4c11-9c65-272ecae540f9.6b9e6f68-3468-4e6b-af6e-bb138f574374,138018,Bluey: The Videogame,9N2J0FGV30DX,
Mr. Driller PS4 & PS5,PlayStation Plus,playstation-plus,Classics Catalog,Premium,PS4 | PS5,2022-06-13T12:00:00Z,true,67,1.1,3,,https://image.api.playstation.com/vulcan/ap/rnd/202204/2603/aIY5YhtBKxjkMnLCXsD4oVTr.png,6248,Mr. Driller,UP0700-PPSA07719_00-MRDRILLER0000000,https://store.playstation.com/en-us/concept/10005104
My Friend Peppa Pig,PlayStation Plus,playstation-plus,Game Catalog,Extra/Premium,PS5 | PS4,2022-01-11T05:00:00Z,true,50,1.1,1.4,1.5,https://image.api.playstation.com/vulcan/ap/rnd/202108/1715/rQ1WgXNwKvjQveq8sLQJqe4C.png,100633,My Friend Peppa Pig,UP3824-PPSA03705_00-8652666117318371,https://store.playstation.com/en-us/concept/10002581
RIDGE RACER PS4 & PS5,PlayStation Plus,playstation-plus,Classics Catalog,Premium,PS4 | PS5,2026-01-20T17:00:00Z,true,66,1.1,2.5,4.6,https://image.api.playstation.com/vulcan/ap/rnd/202512/1908/6ce298e9b23333630dfbc1c1c647f2f8335ed24d08a4a544.png,7804,Ridge Racer,UP0700-PPSA31372_00-SCUS943000000000,https://store.playstation.com/en-us/concept/10015861
Syberia - The World Before,PlayStation Plus,playstation-plus,Game Catalog,Extra/Premium,PS4 | PS5,2022-11-15T05:00:00Z,true,76,1.1,1.4,1.4,https://image.api.playstation.com/vulcan/ap/rnd/202206/2115/H4VoqAkqQ4wMgqlIYdN2WLTD.png,84518,Syberia: The World Before - Prologue,UP1475-PPSA02777_00-SYBERIA4PS5000US,https://store.playstation.com/en-us/concept/10001404
THE LAST BLADE 2,PlayStation Plus,playstation-plus,Classics Catalog,Premium,PS4,2016-05-24T04:00:00Z,false,73,1.1,3.4,3.4,https://image.api.playstation.com/cdn/UP0576/CUSA04169_00/NgRoTvqbeW0B7dR42ROgHP635yMdlRIa.png,9991,The Last Blade 2,UP0576-CUSA04169_00-LASTBLADE20THEME,https://store.playstation.com/en-us/concept/216401
My Friend Peppa Pig,Xbox Game Pass,xbox-game-pass,Game Catalog,Ultimate/PC/Console,PC | Xbox,,,50,1.1,1.4,1.5,https://store-images.s-microsoft.com/image/apps.41714.13613420443671332.a6ea2e8e-4acd-4934-b589-2d8cfaba7189.2f819a75-49ec-4ddd-858c-0752a4ae517a,100633,My Friend Peppa Pig,9NDJLXD2X2DM,
R-Type Dimensions EX,PlayStation Plus,playstation-plus,Classics Catalog,Premium,PS4,2018-12-19T05:00:00Z,false,66,1,2.2,6.4,https://image.api.playstation.com/cdn/UP2038/CUSA14355_00/CltVqvV5VoFlNkvzwdaKv94EL6tDLg2a.png,64821,R-Type Dimensions EX,UP2038-CUSA14355_00-RTYPEDIMENSIONSA,https://store.playstation.com/en-us/concept/233101
STAR WARS Demolition,PlayStation Plus,playstation-plus,Classics Catalog,Premium,PS4 | PS5,2025-03-14T13:00:00Z,true,60,1,12,13.5,https://image.api.playstation.com/vulcan/ap/rnd/202210/1414/FunpBHqp9OSbJfKBv7PClNQt.png,9101,Star Wars: Demolition,UP1082-PPSA07364_00-6500186936636096,https://store.playstation.com/en-us/concept/10004921
Poppy Playtime: Chapter 1,PlayStation Plus,playstation-plus,Game Catalog,Extra/Premium,PS5,2023-12-20T15:00:00Z,true,65,0.9,1.3,1.5,https://image.api.playstation.com/vulcan/ap/rnd/202310/2416/f4c095be7b000a29b298dda4b8a1c28f472466b25f44f1f7.png,99160,Poppy Playtime: Chapter 1 - A Tight Squeeze,UP8103-PPSA18454_00-0936750542714392,https://store.playstation.com/en-us/concept/10009028
The Exit 8,PlayStation Plus,playstation-plus,Game Catalog,Extra/Premium,PS4 | PS5,2024-08-08T11:00:00Z,true,72,0.7,1,1.2,https://image.api.playstation.com/vulcan/ap/rnd/202407/2505/34cb80e4a067cf254409922546821d594f431178fb715c92.png,141499,The Exit 8,JP0122-PPSA23276_00-0712963327800940,https://store.playstation.com/en-us/concept/10011105
The Walking Dead: Season Two,Xbox Game Pass,xbox-game-pass,Game Catalog,Ultimate/PC/Console,PC | Xbox,,,74,0.5,,,https://store-images.s-microsoft.com/image/apps.34948.65440315593285086.25acafbc-307e-448a-a7f5-999e7cc0c672.7c50a8dd-9a0b-4209-b5bf-a34ad0c24366,66845,The Walking Dead,C2DQXX0CB42F,
DEADCRAFT,PlayStation Plus,playstation-plus,Game Catalog,Extra/Premium,PS4 | PS5,2022-05-19T07:00:00Z,true,51,,29.7,35.9,https://image.api.playstation.com/vulcan/ap/rnd/202204/1107/T3Ij4KmLvArKMv0YYVD0Eu5W.png,108254,DEADCRAFT,UP1023-PPSA06929_00-DEADCRAFTPS50002,https://store.playstation.com/en-us/concept/10003340
echoshift,PlayStation Plus,playstation-plus,Classics Catalog,Premium,PS4 | PS5,2025-03-07T17:00:00Z,true,80,,10.4,17.5,https://image.api.playstation.com/vulcan/ap/rnd/202206/2818/WM93cX8RtZh1w8JzpTyg5Kw4.png,15734,Echoshift,UP9000-PPSA07546_00-NPUG803030000000,https://store.playstation.com/en-us/concept/10005031
Farming Simulator 25,PlayStation Plus,playstation-plus,Game Catalog,Extra/Premium,PS5,2024-11-12T12:00:00Z,true,80,,,504.5,https://image.api.playstation.com/vulcan/ap/rnd/202406/1221/5e7b5321408d56da66ffbb45abae3d2f812b0a1dd03cee5d.png,152766,Farming Simulator 25,EP4399-PPSA19644_00-FARMSIMULAT25PS5,https://store.playstation.com/en-us/concept/10009612
Gravity Crash Portable,PlayStation Plus,playstation-plus,Classics Catalog,Premium,PS4 | PS5,2025-03-07T17:00:00Z,true,62,,8.8,16,https://image.api.playstation.com/vulcan/ap/rnd/202306/2118/f58aafe6314964d493e53e601208e5cb45b85041cda3f80a.png,13788,Gravity Crash,UP9000-PPSA13496_00-NPUG803210000000,https://store.playstation.com/en-us/concept/10007237
Legendary Fishing,PlayStation Plus,playstation-plus,Game Catalog | Ubisoft+ Classics,Extra/Premium,PS4,2018-09-18T04:00:00Z,false,65,,4,,https://image.api.playstation.com/cdn/UP0001/CUSA12845_00/BHXxKEq57K9LdohM6tdLZ9MKU575Vv2a.png,85935,Legendary Fishing,UP0001-CUSA12845_00-LEGENDARYFISHING,https://store.playstation.com/en-us/concept/232460
No Heroes Allowed!,PlayStation Plus,playstation-plus,Classics Catalog,Premium,PS4 | PS5,2025-03-07T17:00:00Z,true,70,,,15,https://image.api.playstation.com/vulcan/ap/rnd/202206/0322/maivYZ0txIkgxTVzEdUB72AT.png,6652,No Heroes Allowed!,UP9000-PPSA07556_00-NPUG804600000000,https://store.playstation.com/en-us/concept/10005034
Overpass 2,PlayStation Plus,playstation-plus,Game Catalog,Extra/Premium,PS5,2023-10-17T08:00:00Z,true,,,7,,https://image.api.playstation.com/vulcan/ap/rnd/202308/2508/fc58641f45a624f52b66e419bdd37c5c4c30383ad084edbe.png,128829,OVERPASS 2,UP6665-PPSA09850_00-OP20000000000000,https://store.playstation.com/en-us/concept/10006027
Pure Pool,PlayStation Plus,playstation-plus,Game Catalog,Extra/Premium,PS4,2014-07-29T04:00:00Z,false,66,,81.5,,https://image.api.playstation.com/cdn/UP2070/CUSA00328_00/FCruraIgnB2eA8cOjWvusUJQHNKyhqN2.png,21518,Pure Pool,UP2070-CUSA00328_00-UPUREPOOL0000001,https://store.playstation.com/en-us/concept/203539
Rabbids® Invasion,PlayStation Plus,playstation-plus,Game Catalog | Ubisoft+ Classics,Extra/Premium,PS4,2014-11-18T05:00:00Z,false,60,,,10,https://image.api.playstation.com/cdn/UP0001/CUSA01225_00/r2P4c8I998MpZveELu1nC7H16RbT2OnT.png,52798,Rabbids Invasion,UP0001-CUSA01225_00-RABBIDSINVASION1,https://store.playstation.com/en-us/concept/203654
Secret Neighbor,PlayStation Plus,playstation-plus,Game Catalog,Extra/Premium,PS4,2021-04-29T04:00:00Z,false,,0,0,3,https://image.api.playstation.com/vulcan/ap/rnd/202310/2314/27cd13e614b08218e52cf51718f938f8e16968bd4f041833.png,69815,Secret Neighbor,UP0097-CUSA25164_00-1498554604360333,https://store.playstation.com/en-us/concept/10001738
theHunter: Call of the Wild™,PlayStation Plus,playstation-plus,Game Catalog,Extra/Premium,PS4,2017-10-02T04:00:00Z,false,70,,58,,https://image.api.playstation.com/vulcan/ap/rnd/202506/1610/26d0ff16f42eb2c053429a5e1fc5c430803e824dfbc435ed.png,25215,The Hunter: Primal,UP3501-CUSA08661_00-THCOTWBASE000000,https://store.playstation.com/en-us/concept/228868
Bleeding Edge,Xbox Game Pass,xbox-game-pass,Game Catalog,Ultimate/PC/Console,PC | Xbox,,,,0,0,6.5,https://store-images.s-microsoft.com/image/apps.5290.14431087147384961.13dc1a18-3532-477b-b2d2-772256efc040.6fab8e78-8a3d-4b85-a5b1-33f32aeb8ea3,68093,Bleeding Edge,9NX6XGVJ0J3D,
Bounty Star,Xbox Game Pass,xbox-game-pass,Game Catalog,Ultimate/PC/Console,PC | Xbox,,,53,,12.7,,https://store-images.s-microsoft.com/image/apps.46446.14625186925899671.b0d38a16-8852-42eb-9efb-f65ecaf877e7.7c3191d7-c229-4e63-97e7-34912805b71f,114700,Bounty Star,9P66TM1HLGLX,
Farming Simulator 25,Xbox Game Pass,xbox-game-pass,Game Catalog,Ultimate/PC/Console,PC | Xbox,,,80,,,504.5,https://store-images.s-microsoft.com/image/apps.46917.14299110548313627.7e916051-145b-467d-9222-536b54bd914d.6691a974-28f7-4062-bbcd-926b917457e1,152766,Farming Simulator 25,9NMCDQ6RCJKH,
Pigeon Simulator,Xbox Game Pass,xbox-game-pass,Game Catalog,Ultimate/PC/Console,PC | Xbox,,,44,,,7.3,https://store-images.s-microsoft.com/image/apps.14972.14382953481681867.8b1ccf01-d587-4b7f-afbc-ee46cb87b3d4.1fad44e8-f1ea-4e87-bc34-f4995c5a6509,114696,Pigeon Simulator,9NRHQLZX3900,
Relic Hunters Legend,Xbox Game Pass,xbox-game-pass,Game Catalog,Ultimate/PC/Console,PC | Xbox,,,73,,28.7,,https://store-images.s-microsoft.com/image/apps.14074.14097016447581693.ee94877f-b509-44d9-abed-33614d4bfc2b.8789bca2-7579-4756-8220-19fb8cefa24f,116800,Relic Hunters Legend,9P81K2C8RBF4,
Retro Classics,Xbox Game Pass,xbox-game-pass,Game Catalog,Ultimate/PC/Console,PC | Xbox,,,100,,,18.9,https://store-images.s-microsoft.com/image/apps.32224.13805261594576123.3da89ecd-dd82-4eb6-8b3e-50d0e4f648d2.968d9ce3-1b6c-4447-9fd6-37f893af0e2e,168499,Retro Classics,9MTVJ3HHTQGS,
theHunter: Call of the Wild™,Xbox Game Pass,xbox-game-pass,Game Catalog,Ultimate/PC/Console,PC | Xbox,,,70,,58,,https://store-images.s-microsoft.com/image/apps.9956.63553167684393025.1b31f51e-c4c6-49b1-bf61-a2e65ea14c73.a126b6d1-284c-4746-a11d-f6af188d1918,25215,The Hunter: Primal,BXBJQ1932138,
Towerborne,Xbox Game Pass,xbox-game-pass,Game Catalog,Ultimate/PC/Console,PC | Xbox,,,67,,13.8,,https://store-images.s-microsoft.com/image/apps.44072.14100945740468620.e64e8a74-2c2b-437c-ae40-c08f6d244c4f.b81464bd-8067-4d27-817e-2f2759c15923,129962,Towerborne,9P7TLX79S7N7,
